platform,source_row,product_id,name,listed_price,selling_price,currency,key,category_path,category_root,category_group,category_source,subcategory,rating,rating_count,brand,brand_source,observed_at,provenance,product_url,name_group,reason
amazon,4,B096MSW6CT,"Sounce Fast Phone Charging Cable & Data Sync USB Cable Compatible for iPhone 13, 12,11, X, 8, 7, 6, 5, iPad Air, Pro, Mini & iOS Devices",1899.0,199.0,INR,amazon:B096MSW6CT,Computers&Accessories > Accessories&Peripherals > Cables&Accessories > Cables > USBCables,Computers&Accessories,Computers,source_tree,Computers&Accessories > Accessories&Peripherals > Cables&Accessories,3.9,7928.0,Sounce,title_first_word,2023-01-05 08:58:44+00:00,real,https://www.amazon.in/Sounce-iPhone-Charging-Compatible-Devices/dp/B096MSW6CT/ref=sr_1_3?qid=1672909124&s=electronics&sr=1-3,sounce fast phone charging cable data sync usb cable compatible for iphone 13 12 11 x 8 7 6 5 ipad air pro mini ios devices,conflicting_prices_without_reliable_history
amazon,338,B0B5B6PQCT,"boAt Wave Call Smart Watch, Smart Talk with Advanced Dedicated Bluetooth Calling Chip, 1.69” HD Display with 550 NITS & 70% Color Gamut, 150+ Watch Faces, Multi-Sport Modes,HR,SpO2, IP68(Active Black)",7990.0,1999.0,INR,amazon:B0B5B6PQCT,Electronics > WearableTechnology > SmartWatches,Electronics,Electronics,source_tree,Electronics > WearableTechnology > SmartWatches,3.8,17831.0,boAt,title_first_word,2023-01-05 05:15:48+00:00,real,https://www.amazon.in/boAt-Wave-Call-Dedicated-Multi-Sport/dp/B0B5B6PQCT/ref=sr_1_5?qid=1672895748&s=electronics&sr=1-5,boat wave call smart watch smart talk with advanced dedicated bluetooth calling chip 1 69 hd display with 550 nits 70 color gamut 150 watch faces multi sport modes hr spo2 ip68,conflicting_prices_without_reliable_history
amazon,346,B0B5LVS732,"Noise Pulse Go Buzz Smart Watch Bluetooth Calling with 1.69"" Display, 550 NITS, 150+ Cloud Watch Face, SPo2, Heart Rate Tracking, 100 Sports Mode with Auto Detection, Longer Battery (Jet Black)",4999.0,1898.0,INR,amazon:B0B5LVS732,Electronics > WearableTechnology > SmartWatches,Electronics,Electronics,source_tree,Electronics > WearableTechnology > SmartWatches,4.1,10689.0,Noise,title_first_word,2023-01-05 05:15:48+00:00,real,https://www.amazon.in/Noise-Bluetooth-Calling-Tracking-Detection/dp/B0B5LVS732/ref=sr_1_13?qid=1672895748&s=electronics&sr=1-13,noise pulse go buzz smart watch bluetooth calling with 1 69 display 550 nits 150 cloud watch face spo2 heart rate tracking 100 sports mode with auto detection longer battery,conflicting_prices_without_reliable_history
amazon,371,B07JW9H4J1,"Wayona Nylon Braided USB to Lightning Fast Charging and Data Sync Cable Compatible for iPhone 13, 12,11, X, 8, 7, 6, 5, iPad Air, Pro, Mini (3 FT Pack of 1, Grey)",1099.0,399.0,INR,amazon:B07JW9H4J1,Computers&Accessories > Accessories&Peripherals > Cables&Accessories > Cables > USBCables,Computers&Accessories,Computers,source_tree,Computers&Accessories > Accessories&Peripherals > Cables&Accessories,4.2,24270.0,Wayona,title_first_word,2023-01-05 05:15:55+00:00,real,https://www.amazon.in/Wayona-Braided-WN3LG1-Syncing-Charging/dp/B07JW9H4J1/ref=sr_1_38?qid=1672895755&s=electronics&sr=1-38,wayona nylon braided usb to lightning fast charging and data sync cable compatible for iphone 13 12 11 x 8 7 6 5 ipad air pro mini,repeated_product_id_first_source_row_retained
amazon,379,B098NS6PVG,"Ambrane Unbreakable 60W / 3A Fast Charging 1.5m Braided Type C Cable for Smartphones, Tablets, Laptops & other Type C devices, PD Technology, 480Mbps Data Sync, Quick Charge 3.0 (RCT15A, Black)",349.0,199.0,INR,amazon:B098NS6PVG,Computers&Accessories > Accessories&Peripherals > Cables&Accessories > Cables > USBCables,Computers&Accessories,Computers,source_tree,Computers&Accessories > Accessories&Peripherals > Cables&Accessories,4.0,43993.0,Ambrane,title_first_word,2023-01-05 05:15:55+00:00,real,https://www.amazon.in/Ambrane-Unbreakable-Charging-Braided-Cable/dp/B098NS6PVG/ref=sr_1_46?qid=1672895755&s=electronics&sr=1-46,ambrane unbreakable 60w 3a fast charging 1 5m braided type c cable for smartphones tablets laptops other type c devices pd technology 480mbps data sync quick charge 3 0,repeated_product_id_first_source_row_retained
amazon,381,B096MSW6CT,"Sounce Fast Phone Charging Cable & Data Sync USB Cable Compatible for iPhone 13, 12,11, X, 8, 7, 6, 5, iPad Air, Pro, Mini & iOS Devices",999.0,199.0,INR,amazon:B096MSW6CT,Computers&Accessories > Accessories&Peripherals > Cables&Accessories > Cables > USBCables,Computers&Accessories,Computers,source_tree,Computers&Accessories > Accessories&Peripherals > Cables&Accessories,3.9,7928.0,Sounce,title_first_word,2023-01-05 05:15:55+00:00,real,https://www.amazon.in/Sounce-iPhone-Charging-Compatible-Devices/dp/B096MSW6CT/ref=sr_1_48?qid=1672895755&s=electronics&sr=1-48,sounce fast phone charging cable data sync usb cable compatible for iphone 13 12 11 x 8 7 6 5 ipad air pro mini ios devices,conflicting_prices_without_reliable_history
amazon,394,B08HDJ86NZ,"boAt Deuce USB 300 2 in 1 Type-C & Micro USB Stress Resistant, Tangle-Free, Sturdy Cable with 3A Fast Charging & 480mbps Data Transmission, 10000+ Bends Lifespan and Extended 1.5m Length(Martian Red)",699.0,329.0,INR,amazon:B08HDJ86NZ,Computers&Accessories > Accessories&Peripherals > Cables&Accessories > Cables > USBCables,Computers&Accessories,Computers,source_tree,Computers&Accessories > Accessories&Peripherals > Cables&Accessories,4.2,94364.0,boAt,title_first_word,2023-01-05 05:16:02+00:00,real,https://www.amazon.in/Deuce-300-Resistant-Tangle-Free-Transmission/dp/B08HDJ86NZ/ref=sr_1_61?qid=1672895762&s=electronics&sr=1-61,boat deuce usb 300 2 in 1 type c micro usb stress resistant tangle free sturdy cable with 3a fast charging 480mbps data transmission 10000 bends lifespan and extended 1 5m length,repeated_product_id_first_source_row_retained
amazon,395,B08CF3B7N1,"Portronics Konnect L 1.2M Fast Charging 3A 8 Pin USB Cable with Charge & Sync Function for iPhone, iPad (Grey)",399.0,154.0,INR,amazon:B08CF3B7N1,Computers&Accessories > Accessories&Peripherals > Cables&Accessories > Cables > USBCables,Computers&Accessories,Computers,source_tree,Computers&Accessories > Accessories&Peripherals > Cables&Accessories,4.2,16905.0,Portronics,title_first_word,2023-01-05 05:16:02+00:00,real,https://www.amazon.in/Portronics-Konnect-POR-1080-Charging-Function/dp/B08CF3B7N1/ref=sr_1_62?qid=1672895762&s=electronics&sr=1-62,portronics konnect l 1 2m fast charging 3a 8 pin usb cable with charge sync function for iphone ipad,repeated_product_id_first_source_row_retained
amazon,399,B09MT84WV5,"Samsung EVO Plus 128GB microSDXC UHS-I U3 130MB/s Full HD & 4K UHD Memory Card with Adapter (MB-MC128KA), Blue",3999.0,1149.0,INR,amazon:B09MT84WV5,Electronics > Accessories > MemoryCards > MicroSD,Electronics,Electronics,source_tree,Electronics > Accessories > MemoryCards,4.3,140036.0,Samsung,title_first_word,2023-01-05 05:16:02+00:00,real,https://www.amazon.in/Samsung-microSDXC-Memory-Adapter-MB-MC128KA/dp/B09MT84WV5/ref=sr_1_66?qid=1672895762&s=electronics&sr=1-66,samsung evo plus 128gb microsdxc uhs i u3 130mb s full hd 4k uhd memory card with adapter,conflicting_prices_without_reliable_history
amazon,405,B08Y1TFSP6,"pTron Solero TB301 3A Type-C Data and Fast Charging Cable, Made in India, 480Mbps Data Sync, Strong and Durable 1.5-Meter Nylon Braided USB Cable for Type-C Devices for Charging Adapter (Black)",1000.0,149.0,INR,amazon:B08Y1TFSP6,Computers&Accessories > Accessories&Peripherals > Cables&Accessories > Cables > USBCables,Computers&Accessories,Computers,source_tree,Computers&Accessories > Accessories&Peripherals > Cables&Accessories,3.9,24870.0,pTron,title_first_word,2023-01-05 05:16:02+00:00,real,https://www.amazon.in/Solero-TB301-Charging-480Mbps-1-5-Meter/dp/B08Y1TFSP6/ref=sr_1_72?qid=1672895762&s=electronics&sr=1-72,ptron solero tb301 3a type c data and fast charging cable made in india 480mbps data sync strong and durable 1 5 meter nylon braided usb cable for type c devices for charging adapter,repeated_product_id_first_source_row_retained
amazon,420,B08WRWPM22,"boAt Micro USB 55 Tangle-free, Sturdy Micro USB Cable with 3A Fast Charging & 480mbps Data Transmission (Black)",499.0,176.63,INR,amazon:B08WRWPM22,Computers&Accessories > Accessories&Peripherals > Cables&Accessories > Cables > USBCables,Computers&Accessories,Computers,source_tree,Computers&Accessories > Accessories&Peripherals > Cables&Accessories,4.1,15189.0,boAt,title_first_word,2023-01-05 05:16:10+00:00,real,https://www.amazon.in/boAt-Micro-USB-Tangle-Free-Transmission/dp/B08WRWPM22/ref=sr_1_87?qid=1672895770&s=electronics&sr=1-87,boat micro usb 55 tangle free sturdy micro usb cable with 3a fast charging 480mbps data transmission,repeated_product_id_first_source_row_retained
amazon,424,B08DDRGWTJ,MI Usb Type-C Cable Smartphone (Black),299.0,229.0,INR,amazon:B08DDRGWTJ,Computers&Accessories > Accessories&Peripherals > Cables&Accessories > Cables > USBCables,Computers&Accessories,Computers,source_tree,Computers&Accessories > Accessories&Peripherals > Cables&Accessories,4.3,30411.0,MI,title_first_word,2023-01-05 05:16:10+00:00,real,https://www.amazon.in/MI-MTCY001IN-USB-Type-C-Cable/dp/B08DDRGWTJ/ref=sr_1_91?qid=1672895770&s=electronics&sr=1-91,mi usb type c cable smartphone,repeated_product_id_first_source_row_retained
amazon,425,B082LZGK39,"Ambrane Unbreakable 60W / 3A Fast Charging 1.5m Braided Micro USB Cable for Smartphones, Tablets, Laptops & Other Micro USB Devices, 480Mbps Data Sync, Quick Charge 3.0 (RCM15, Black)",299.0,199.0,INR,amazon:B082LZGK39,Computers&Accessories > Accessories&Peripherals > Cables&Accessories > Cables > USBCables,Computers&Accessories,Computers,source_tree,Computers&Accessories > Accessories&Peripherals > Cables&Accessories,4.0,43994.0,Ambrane,title_first_word,2023-01-05 05:16:10+00:00,real,https://www.amazon.in/Ambrane-Unbreakable-Charging-Braided-Android/dp/B082LZGK39/ref=sr_1_92?qid=1672895770&s=electronics&sr=1-92,ambrane unbreakable 60w 3a fast charging 1 5m braided micro usb cable for smartphones tablets laptops other micro usb devices 480mbps data sync quick charge 3 0,repeated_product_id_first_source_row_retained
amazon,430,B08CF3D7QR,Portronics Konnect L POR-1081 Fast Charging 3A Type-C Cable 1.2Meter with Charge & Sync Function for All Type-C Devices (Grey),339.0,154.0,INR,amazon:B08CF3D7QR,Computers&Accessories > Accessories&Peripherals > Cables&Accessories > Cables > USBCables,Computers&Accessories,Computers,source_tree,Computers&Accessories > Accessories&Peripherals > Cables&Accessories,4.3,13391.0,Portronics,title_first_word,2023-01-05 05:16:17+00:00,real,https://www.amazon.in/Portronics-POR-1081-Charging-1-2Meter-Function/dp/B08CF3D7QR/ref=sr_1_100?qid=1672895777&s=electronics&sr=1-100,portronics konnect l por 1081 fast charging 3a type c cable 1 2meter with charge sync function for all type c devices,repeated_product_id_first_source_row_retained
amazon,445,B0789LZTCJ,boAt Rugged v3 Extra Tough Unbreakable Braided Micro USB Cable 1.5 Meter (Black),799.0,299.0,INR,amazon:B0789LZTCJ,Computers&Accessories > Accessories&Peripherals > Cables&Accessories > Cables > USBCables,Computers&Accessories,Computers,source_tree,Computers&Accessories > Accessories&Peripherals > Cables&Accessories,4.2,94364.0,boAt,title_first_word,2023-01-05 05:16:17+00:00,real,https://www.amazon.in/Rugged-Extra-Tough-Unbreakable-Braided/dp/B0789LZTCJ/ref=sr_1_119?qid=1672895777&s=electronics&sr=1-119,boat rugged v3 extra tough unbreakable braided micro usb cable 1 5 meter,repeated_product_id_first_source_row_retained
amazon,456,B085DTN6R2,"Portronics Konnect CL 20W POR-1067 Type-C to 8 Pin USB 1.2M Cable with Power Delivery & 3A Quick Charge Support, Nylon Braided for All Type-C and 8 Pin Devices, Green",899.0,350.0,INR,amazon:B085DTN6R2,Computers&Accessories > Accessories&Peripherals > Cables&Accessories > Cables > USBCables,Computers&Accessories,Computers,source_tree,Computers&Accessories > Accessories&Peripherals > Cables&Accessories,4.2,2263.0,Portronics,title_first_word,2023-01-05 05:16:24+00:00,real,https://www.amazon.in/Portronics-Konnect-Delivery-Support-Braided/dp/B085DTN6R2/ref=sr_1_124?qid=1672895784&s=electronics&sr=1-124,portronics konnect cl 20w por 1067 type c to 8 pin usb 1 2m cable with power delivery 3a quick charge support nylon braided for all type c and 8 pin devices,repeated_product_id_first_source_row_retained
amazon,458,B09KLVMZ3B,Portronics Konnect L 1.2M POR-1401 Fast Charging 3A 8 Pin USB Cable with Charge & Sync Function (White),399.0,159.0,INR,amazon:B09KLVMZ3B,Computers&Accessories > Accessories&Peripherals > Cables&Accessories > Cables > USBCables,Computers&Accessories,Computers,source_tree,Computers&Accessories > Accessories&Peripherals > Cables&Accessories,4.1,4768.0,Portronics,title_first_word,2023-01-05 05:16:24+00:00,real,https://www.amazon.in/Portronics-Konnect-POR-1401-Charging-Function/dp/B09KLVMZ3B/ref=sr_1_126?qid=1672895784&s=electronics&sr=1-126,portronics konnect l 1 2m por 1401 fast charging 3a 8 pin usb cable with charge sync function,repeated_product_id_first_source_row_retained
amazon,466,B083342NKJ,MI Braided USB Type-C Cable for Charging Adapter (Red),399.0,349.0,INR,amazon:B083342NKJ,Computers&Accessories > Accessories&Peripherals > Cables&Accessories > Cables > USBCables,Computers&Accessories,Computers,source_tree,Computers&Accessories > Accessories&Peripherals > Cables&Accessories,4.4,18757.0,MI,title_first_word,2023-01-05 05:16:24+00:00,real,https://www.amazon.in/Mi-Braided-USB-Type-C-Cable/dp/B083342NKJ/ref=sr_1_135?qid=1672895784&s=electronics&sr=1-135,mi braided usb type c cable for charging adapter,repeated_product_id_first_source_row_retained
amazon,469,B09C6HXFC1,"Duracell USB Lightning Apple Certified (Mfi) Braided Sync & Charge Cable For Iphone, Ipad And Ipod. Fast Charging Lightning Cable, 3.9 Feet (1.2M) - Black",1799.0,970.0,INR,amazon:B09C6HXFC1,Computers&Accessories > Accessories&Peripherals > Cables&Accessories > Cables > USBCables,Computers&Accessories,Computers,source_tree,Computers&Accessories > Accessories&Peripherals > Cables&Accessories,4.5,815.0,Duracell,title_first_word,2023-01-05 05:16:24+00:00,real,https://www.amazon.in/DURACELL-Lightning-Certified-braided-Devices/dp/B09C6HXFC1/ref=sr_1_138?qid=1672895784&s=electronics&sr=1-138,duracell usb lightning apple certified braided sync charge cable for iphone ipad and ipod fast charging lightning cable 3 9 feet,repeated_product_id_first_source_row_retained
amazon,472,B082LSVT4B,"Ambrane Unbreakable 60W / 3A Fast Charging 1.5m Braided Type C to Type C Cable for Smartphones, Tablets, Laptops & Other Type C Devices, PD Technology, 480Mbps Data Sync (RCTT15, Black)",399.0,249.0,INR,amazon:B082LSVT4B,Computers&Accessories > Accessories&Peripherals > Cables&Accessories > Cables > USBCables,Computers&Accessories,Computers,source_tree,Computers&Accessories > Accessories&Peripherals > Cables&Accessories,4.0,43994.0,Ambrane,title_first_word,2023-01-05 05:16:24+00:00,real,https://www.amazon.in/Ambrane-Unbreakable-Charging-Braided-Cable/dp/B082LSVT4B/ref=sr_1_141?qid=1672895784&s=electronics&sr=1-141,ambrane unbreakable 60w 3a fast charging 1 5m braided type c to type c cable for smartphones tablets laptops other type c devices pd technology 480mbps data sync,repeated_product_id_first_source_row_retained
amazon,474,B08WRBG3XW,"boAt Type C A325 Tangle-free, Sturdy Type C Cable with 3A Rapid Charging & 480mbps Data Transmission(Black)",499.0,199.0,INR,amazon:B08WRBG3XW,Computers&Accessories > Accessories&Peripherals > Cables&Accessories > Cables > USBCables,Computers&Accessories,Computers,source_tree,Computers&Accessories > Accessories&Peripherals > Cables&Accessories,4.1,13045.0,boAt,title_first_word,2023-01-05 05:16:24+00:00,real,https://www.amazon.in/boAt-A325-Tangle-Free-Charging-Transmission/dp/B08WRBG3XW/ref=sr_1_143?qid=1672895784&s=electronics&sr=1-143,boat type c a325 tangle free sturdy type c cable with 3a rapid charging 480mbps data transmission,repeated_product_id_first_source_row_retained
amazon,480,B09NHVCHS9,Flix Micro Usb Cable For Smartphone (Black),199.0,59.0,INR,amazon:B09NHVCHS9,Computers&Accessories > Accessories&Peripherals > Cables&Accessories > Cables > USBCables,Computers&Accessories,Computers,source_tree,Computers&Accessories > Accessories&Peripherals > Cables&Accessories,4.0,9377.0,Flix,title_first_word,2023-01-05 05:16:31+00:00,real,https://www.amazon.in/Flix-Micro-Cable-Smartphone-Black/dp/B09NHVCHS9/ref=sr_1_158?qid=1672895791&s=electronics&sr=1-158,flix micro usb cable for smartphone,repeated_product_id_first_source_row_retained
amazon,505,B077Z65HSD,"boAt A400 USB Type-C to USB-A 2.0 Male Data Cable, 2 Meter (Black)",999.0,299.0,INR,amazon:B077Z65HSD,Computers&Accessories > Accessories&Peripherals > Cables&Accessories > Cables > USBCables,Computers&Accessories,Computers,source_tree,Computers&Accessories > Accessories&Peripherals > Cables&Accessories,4.3,20850.0,boAt,title_first_word,2023-01-05 05:16:46+00:00,real,https://www.amazon.in/A400-Type-C-Cable-Meter-Black/dp/B077Z65HSD/ref=sr_1_204?qid=1672895806&s=electronics&sr=1-204,boat a400 usb type c to usb a 2 0 male data cable 2 meter,repeated_product_id_first_source_row_retained
amazon,506,B09W5XR9RT,"Duracell USB C To Lightning Apple Certified (Mfi) Braided Sync & Charge Cable For Iphone, Ipad And Ipod. Fast Charging Lightning Cable, 3.9 Feet (1.2M) - Black",1999.0,970.0,INR,amazon:B09W5XR9RT,Computers&Accessories > Accessories&Peripherals > Cables&Accessories > Cables > USBCables,Computers&Accessories,Computers,source_tree,Computers&Accessories > Accessories&Peripherals > Cables&Accessories,4.4,184.0,Duracell,title_first_word,2023-01-05 05:16:46+00:00,real,https://www.amazon.in/Duracell-Lightning-Certified-Braided-Charging/dp/B09W5XR9RT/ref=sr_1_205?qid=1672895806&s=electronics&sr=1-205,duracell usb c to lightning apple certified braided sync charge cable for iphone ipad and ipod fast charging lightning cable 3 9 feet,repeated_product_id_first_source_row_retained
amazon,516,B08Y1SJVV5,"pTron Solero MB301 3A Micro USB Data & Charging Cable, Made in India, 480Mbps Data Sync, Strong & Durable 1.5-Meter Nylon Braided USB Cable for Micro USB Devices - (Black)",666.66,99.0,INR,amazon:B08Y1SJVV5,Computers&Accessories > Accessories&Peripherals > Cables&Accessories > Cables > USBCables,Computers&Accessories,Computers,source_tree,Computers&Accessories > Accessories&Peripherals > Cables&Accessories,3.9,24870.0,pTron,title_first_word,2023-01-05 05:16:54+00:00,real,https://www.amazon.in/Solero-MB301-Charging-480Mbps-1-5-Meter/dp/B08Y1SJVV5/ref=sr_1_234?qid=1672895814&s=electronics&sr=1-234,ptron solero mb301 3a micro usb data charging cable made in india 480mbps data sync strong durable 1 5 meter nylon braided usb cable for micro usb devices,repeated_product_id_first_source_row_retained
amazon,520,B07XLCFSSN,"Amazonbasics Nylon Braided Usb-C To Lightning Cable, Fast Charging Mfi Certified Smartphone, Iphone Charger (6-Foot, Dark Grey)",1900.0,899.0,INR,amazon:B07XLCFSSN,Computers&Accessories > Accessories&Peripherals > Cables&Accessories > Cables > USBCables,Computers&Accessories,Computers,source_tree,Computers&Accessories > Accessories&Peripherals > Cables&Accessories,4.4,13552.0,Amazonbasics,title_first_word,2023-01-05 05:17:01+00:00,real,https://www.amazon.in/AmazonBasics-Apple-Certified-Lightning-Charging/dp/B07XLCFSSN/ref=sr_1_245?qid=1672895821&s=electronics&sr=1-245,amazonbasics nylon braided usb c to lightning cable fast charging mfi certified smartphone iphone charger,repeated_product_id_first_source_row_retained
amazon,542,B082T6V3DT,"AmazonBasics New Release Nylon USB-A to Lightning Cable Cord, Fast Charging MFi Certified Charger for Apple iPhone, iPad (6-Ft, Rose Gold)",2100.0,799.0,INR,amazon:B082T6V3DT,Computers&Accessories > Accessories&Peripherals > Cables&Accessories > Cables > USBCables,Computers&Accessories,Computers,source_tree,Computers&Accessories > Accessories&Peripherals > Cables&Accessories,4.3,8188.0,AmazonBasics,title_first_word,2023-01-05 05:17:22+00:00,real,https://www.amazon.in/AmazonBasics-Nylon-Braided-Lightning-Cable/dp/B082T6V3DT/ref=sr_1_320?qid=1672895842&s=electronics&sr=1-320,amazonbasics new release nylon usb a to lightning cable cord fast charging mfi certified charger for apple iphone ipad,repeated_product_id_first_source_row_retained
amazon,564,B01GGKYKQM,"Amazon Basics USB Type-C to USB-A 2.0 Male Fast Charging Cable for Laptop - 3 Feet (0.9 Meters), Black",700.0,219.0,INR,amazon:B01GGKYKQM,Computers&Accessories > Accessories&Peripherals > Cables&Accessories > Cables > USBCables,Computers&Accessories,Computers,source_tree,Computers&Accessories > Accessories&Peripherals > Cables&Accessories,4.3,20052.0,Amazon,title_first_word,2023-01-05 05:17:52+00:00,real,https://www.amazon.in/AmazonBasics-Type-C-USB-Male-Cable/dp/B01GGKYKQM/ref=sr_1_418?qid=1672895872&s=electronics&sr=1-418,amazon basics usb type c to usb a 2 0 male fast charging cable for laptop 3 feet,repeated_product_id_first_source_row_retained
amazon,566,B08R69VDHT,"Pinnaclz Original Combo of 2 Micro USB Fast Charging Cable, USB Charging Cable for Data Transfer Perfect for Android Smart Phones White 1.2 Meter Made in India (Pack of 2)",499.0,115.0,INR,amazon:B08R69VDHT,Computers&Accessories > Accessories&Peripherals > Cables&Accessories > Cables > USBCables,Computers&Accessories,Computers,source_tree,Computers&Accessories > Accessories&Peripherals > Cables&Accessories,4.0,7732.0,Pinnaclz,title_first_word,2023-01-05 05:17:52+00:00,real,https://www.amazon.in/Pinnaclz-Original-Micro-USB-Charging/dp/B08R69VDHT/ref=sr_1_429?qid=1672895872&s=electronics&sr=1-429,pinnaclz original combo of 2 micro usb fast charging cable usb charging cable for data transfer perfect for android smart phones 1 2 meter made in india,repeated_product_id_first_source_row_retained
amazon,571,B09CMP1SC8,"Ambrane 2 in 1 Type-C & Micro USB Cable with 60W / 3A Fast Charging, 480 mbps High Data, PD Technology & Quick Charge 3.0, Compatible with All Type-C & Micro USB Devices (ABDC-10, Black)",499.0,199.0,INR,amazon:B09CMP1SC8,Computers&Accessories > Accessories&Peripherals > Cables&Accessories > Cables > USBCables,Computers&Accessories,Computers,source_tree,Computers&Accessories > Accessories&Peripherals > Cables&Accessories,4.1,602.0,Ambrane,title_first_word,2023-01-05 05:17:59+00:00,real,https://www.amazon.in/Ambrane-ABDC-10-Charging-Transmission-Compatible/dp/B09CMP1SC8/ref=sr_1_439?qid=1672895879&s=electronics&sr=1-439,ambrane 2 in 1 type c micro usb cable with 60w 3a fast charging 480 mbps high data pd technology quick charge 3 0 compatible with all type c micro usb devices,repeated_product_id_first_source_row_retained
amazon,572,B09YLXYP7Y,"Ambrane 60W / 3A Fast Charging Output Cable with Type-C to USB for Mobile, Neckband, True Wireless Earphone Charging, 480mbps Data Sync Speed, 1m Length (ACT - AZ10, Black)",399.0,179.0,INR,amazon:B09YLXYP7Y,Computers&Accessories > Accessories&Peripherals > Cables&Accessories > Cables > USBCables,Computers&Accessories,Computers,source_tree,Computers&Accessories > Accessories&Peripherals > Cables&Accessories,4.0,1423.0,Ambrane,title_first_word,2023-01-05 05:17:59+00:00,real,https://www.amazon.in/Ambrane-Charging-Neckband-Wireless-ACT/dp/B09YLXYP7Y/ref=sr_1_442?qid=1672895879&s=electronics&sr=1-442,ambrane 60w 3a fast charging output cable with type c to usb for mobile neckband true wireless earphone charging 480mbps data sync speed 1m length,repeated_product_id_first_source_row_retained
amazon,588,B0B3RRWSF6,"Fire-Boltt Phoenix Smart Watch with Bluetooth Calling 1.3"",120+ Sports Modes, 240*240 PX High Res with SpO2, Heart Rate Monitoring & IP67 Rating",9999.0,1998.0,INR,amazon:B0B3RRWSF6,Electronics > WearableTechnology > SmartWatches,Electronics,Electronics,source_tree,Electronics > WearableTechnology > SmartWatches,4.3,27709.0,Fire-Boltt,title_first_word,2023-01-05 07:16:35+00:00,real,https://www.amazon.in/Fire-Boltt-Phoenix-Bluetooth-Calling-Monitoring/dp/B0B3RRWSF6/ref=sr_1_3?qid=1672902995&s=computers&sr=1-3,fire boltt phoenix smart watch with bluetooth calling 1 3 120 sports modes 240 240 px high res with spo2 heart rate monitoring ip67 rating,repeated_product_id_first_source_row_retained
amazon,589,B0B5B6PQCT,"boAt Wave Call Smart Watch, Smart Talk with Advanced Dedicated Bluetooth Calling Chip, 1.69” HD Display with 550 NITS & 70% Color Gamut, 150+ Watch Faces, Multi-Sport Modes,HR,SpO2, IP68(Active Black)",7990.0,1799.0,INR,amazon:B0B5B6PQCT,Electronics > WearableTechnology > SmartWatches,Electronics,Electronics,source_tree,Electronics > WearableTechnology > SmartWatches,3.8,17833.0,boAt,title_first_word,2023-01-05 07:16:35+00:00,real,https://www.amazon.in/boAt-Wave-Call-Dedicated-Multi-Sport/dp/B0B5B6PQCT/ref=sr_1_4?qid=1672902995&s=computers&sr=1-4,boat wave call smart watch smart talk with advanced dedicated bluetooth calling chip 1 69 hd display with 550 nits 70 color gamut 150 watch faces multi sport modes hr spo2 ip68,conflicting_prices_without_reliable_history
amazon,595,B0BDRVFDKP,"SanDisk Ultra® microSDXC™ UHS-I Card, 64GB, 140MB/s R, 10 Y Warranty, for Smartphones",1000.0,569.0,INR,amazon:B0BDRVFDKP,Electronics > Accessories > MemoryCards > MicroSD,Electronics,Electronics,source_tree,Electronics > Accessories > MemoryCards,4.4,67262.0,SanDisk,title_first_word,2023-01-05 07:16:35+00:00,real,https://www.amazon.in/SanDisk-Ultra%C2%AE-microSDXCTM-Warranty-Smartphones/dp/B0BDRVFDKP/ref=sr_1_10?qid=1672902995&s=computers&sr=1-10,sandisk ultra microsdxc uhs i card 64gb 140mb s r 10 y warranty for smartphones,repeated_product_id_first_source_row_retained
amazon,596,B0B5LVS732,"Noise Pulse Go Buzz Smart Watch Bluetooth Calling with 1.69"" Display, 550 NITS, 150+ Cloud Watch Face, SPo2, Heart Rate Tracking, 100 Sports Mode with Auto Detection, Longer Battery (Jet Black)",4999.0,1999.0,INR,amazon:B0B5LVS732,Electronics > WearableTechnology > SmartWatches,Electronics,Electronics,source_tree,Electronics > WearableTechnology > SmartWatches,4.1,10689.0,Noise,title_first_word,2023-01-05 07:16:35+00:00,real,https://www.amazon.in/Noise-Bluetooth-Calling-Tracking-Detection/dp/B0B5LVS732/ref=sr_1_11?qid=1672902995&s=computers&sr=1-11,noise pulse go buzz smart watch bluetooth calling with 1 69 display 550 nits 150 cloud watch face spo2 heart rate tracking 100 sports mode with auto detection longer battery,conflicting_prices_without_reliable_history
amazon,600,B01DEWVZ2C,"JBL C100SI Wired In Ear Headphones with Mic, JBL Pure Bass Sound, One Button Multi-function Remote, Angled Buds for Comfort fit (Black)",999.0,599.0,INR,amazon:B01DEWVZ2C,"Electronics > Headphones,Earbuds&Accessories > Headphones > In-Ear",Electronics,Electronics,source_tree,"Electronics > Headphones,Earbuds&Accessories > Headphones",4.1,192587.0,JBL,title_first_word,2023-01-05 07:16:35+00:00,real,https://www.amazon.in/JBL-C100SI-Ear-Headphones-Black/dp/B01DEWVZ2C/ref=sr_1_15?qid=1672902995&s=computers&sr=1-15,jbl c100si wired in ear headphones with mic jbl pure bass sound one button multi function remote angled buds for comfort fit,repeated_product_id_first_source_row_retained
amazon,602,B09V12K8NT,"boAt Wave Lite Smartwatch with 1.69"" HD Display, Sleek Metal Body, HR & SpO2 Level Monitor, 140+ Watch Faces, Activity Tracker, Multiple Sports Modes, IP68 & 7 Days Battery Life(Active Black)",6990.0,1499.0,INR,amazon:B09V12K8NT,Electronics > WearableTechnology > SmartWatches,Electronics,Electronics,source_tree,Electronics > WearableTechnology > SmartWatches,3.9,21797.0,boAt,title_first_word,2023-01-05 07:16:35+00:00,real,https://www.amazon.in/boAt-Wave-Lite-Smartwatch-Activity/dp/B09V12K8NT/ref=sr_1_17?qid=1672902995&s=computers&sr=1-17,boat wave lite smartwatch with 1 69 hd display sleek metal body hr spo2 level monitor 140 watch faces activity tracker multiple sports modes ip68 7 days battery life,repeated_product_id_first_source_row_retained
amazon,605,B07WG8PDCW,"pTron Bullet Pro 36W PD Quick Charger, 3 Port Fast Car Charger Adapter - Compatible with All Smartphones & Tablets (Black)",1299.0,349.0,INR,amazon:B07WG8PDCW,Electronics > Mobiles&Accessories > MobileAccessories > Chargers > AutomobileChargers,Electronics,Electronics,source_tree,Electronics > Mobiles&Accessories > MobileAccessories,4.0,14283.0,pTron,title_first_word,2023-01-05 07:16:35+00:00,real,https://www.amazon.in/PTron-Bullet-Pro-Lightweight-Smartphones/dp/B07WG8PDCW/ref=sr_1_20?qid=1672902995&s=computers&sr=1-20,ptron bullet pro 36w pd quick charger 3 port fast car charger adapter compatible with all smartphones tablets,repeated_product_id_first_source_row_retained
amazon,609,B09NVPSCQT,"Noise ColorFit Pulse Grand Smart Watch with 1.69""(4.29cm) HD Display, 60 Sports Modes, 150 Watch Faces, Fast Charge, Spo2, Stress, Sleep, Heart Rate Monitoring & IP68 Waterproof (Jet Black)",3999.0,1599.0,INR,amazon:B09NVPSCQT,Electronics > WearableTechnology > SmartWatches,Electronics,Electronics,source_tree,Electronics > WearableTechnology > SmartWatches,4.0,30254.0,Noise,title_first_word,2023-01-05 07:16:36+00:00,real,https://www.amazon.in/Noise-ColorFit-Display-Monitoring-Smartwatches/dp/B09NVPSCQT/ref=sr_1_25?qid=1672902996&s=computers&sr=1-25,noise colorfit pulse grand smart watch with 1 69 hd display 60 sports modes 150 watch faces fast charge spo2 stress sleep heart rate monitoring ip68 waterproof,repeated_product_id_first_source_row_retained
amazon,610,B09YV4RG4D,"Fire-Boltt Ninja 3 Smartwatch Full Touch 1.69 & 60 Sports Modes with IP68, Sp02 Tracking, Over 100 Cloud based watch faces - Black",7999.0,1499.0,INR,amazon:B09YV4RG4D,Electronics > WearableTechnology > SmartWatches,Electronics,Electronics,source_tree,Electronics > WearableTechnology > SmartWatches,4.2,22638.0,Fire-Boltt,title_first_word,2023-01-05 07:16:36+00:00,real,https://www.amazon.in/Fire-Boltt-Ninja-Smartwatch-Sports-Tracking/dp/B09YV4RG4D/ref=sr_1_27?qid=1672902996&s=computers&sr=1-27,fire boltt ninja 3 smartwatch full touch 1 69 60 sports modes with ip68 sp02 tracking over 100 cloud based watch faces,repeated_product_id_first_source_row_retained
amazon,613,B09YV4MW2T,"Fire-Boltt India's No 1 Smartwatch Brand Talk 2 Bluetooth Calling Smartwatch with Dual Button, Hands On Voice Assistance, 60 Sports Modes, in Built Mic & Speaker with IP68 Rating",9999.0,2199.0,INR,amazon:B09YV4MW2T,Electronics > WearableTechnology > SmartWatches,Electronics,Electronics,source_tree,Electronics > WearableTechnology > SmartWatches,4.2,29478.0,Fire-Boltt,title_first_word,2023-01-05 07:16:36+00:00,real,https://www.amazon.in/Fire-Boltt-Smartwatch-Bluetooth-Calling-Assistance/dp/B09YV4MW2T/ref=sr_1_30?qid=1672902996&s=computers&sr=1-30,fire boltt india s no 1 smartwatch brand talk 2 bluetooth calling smartwatch with dual button hands on voice assistance 60 sports modes in built mic speaker with ip68 rating,repeated_product_id_first_source_row_retained
amazon,616,B07JW9H4J1,"Wayona Nylon Braided USB to Lightning Fast Charging and Data Sync Cable Compatible for iPhone 13, 12,11, X, 8, 7, 6, 5, iPad Air, Pro, Mini (3 FT Pack of 1, Grey)",1099.0,399.0,INR,amazon:B07JW9H4J1,Computers&Accessories > Accessories&Peripherals > Cables&Accessories > Cables > USBCables,Computers&Accessories,Computers,source_tree,Computers&Accessories > Accessories&Peripherals > Cables&Accessories,4.2,24269.0,Wayona,title_first_word,2023-01-05 07:16:36+00:00,real,https://www.amazon.in/Wayona-Braided-WN3LG1-Syncing-Charging/dp/B07JW9H4J1/ref=sr_1_33?qid=1672902996&s=computers&sr=1-33,wayona nylon braided usb to lightning fast charging and data sync cable compatible for iphone 13 12 11 x 8 7 6 5 ipad air pro mini,repeated_product_id_first_source_row_retained
amazon,621,B0B3N7LR6K,"Fire-Boltt Visionary 1.78"" AMOLED Bluetooth Calling Smartwatch with 368*448 Pixel Resolution 100+ Sports Mode, TWS Connection, Voice Assistance, SPO2 & Heart Rate Monitoring",16999.0,3999.0,INR,amazon:B0B3N7LR6K,Electronics > WearableTechnology > SmartWatches,Electronics,Electronics,source_tree,Electronics > WearableTechnology > SmartWatches,4.3,17162.0,Fire-Boltt,title_first_word,2023-01-05 07:16:36+00:00,real,https://www.amazon.in/Fire-Boltt-Smartwatch-Resolution-Connection-Assistance/dp/B0B3N7LR6K/ref=sr_1_38?qid=1672902996&s=computers&sr=1-38,fire boltt visionary 1 78 amoled bluetooth calling smartwatch with 368 448 pixel resolution 100 sports mode tws connection voice assistance spo2 heart rate monitoring,repeated_product_id_first_source_row_retained
amazon,624,B098NS6PVG,"Ambrane Unbreakable 60W / 3A Fast Charging 1.5m Braided Type C Cable for Smartphones, Tablets, Laptops & other Type C devices, PD Technology, 480Mbps Data Sync, Quick Charge 3.0 (RCT15A, Black)",349.0,199.0,INR,amazon:B098NS6PVG,Computers&Accessories > Accessories&Peripherals > Cables&Accessories > Cables > USBCables,Computers&Accessories,Computers,source_tree,Computers&Accessories > Accessories&Peripherals > Cables&Accessories,4.0,43994.0,Ambrane,title_first_word,2023-01-05 07:16:36+00:00,real,https://www.amazon.in/Ambrane-Unbreakable-Charging-Braided-Cable/dp/B098NS6PVG/ref=sr_1_41?qid=1672902996&s=computers&sr=1-41,ambrane unbreakable 60w 3a fast charging 1 5m braided type c cable for smartphones tablets laptops other type c devices pd technology 480mbps data sync quick charge 3 0,repeated_product_id_first_source_row_retained
amazon,625,B096MSW6CT,"Sounce Fast Phone Charging Cable & Data Sync USB Cable Compatible for iPhone 13, 12,11, X, 8, 7, 6, 5, iPad Air, Pro, Mini & iOS Devices",999.0,199.0,INR,amazon:B096MSW6CT,Computers&Accessories > Accessories&Peripherals > Cables&Accessories > Cables > USBCables,Computers&Accessories,Computers,source_tree,Computers&Accessories > Accessories&Peripherals > Cables&Accessories,3.9,7928.0,Sounce,title_first_word,2023-01-05 07:16:36+00:00,real,https://www.amazon.in/Sounce-iPhone-Charging-Compatible-Devices/dp/B096MSW6CT/ref=sr_1_42?qid=1672902996&s=computers&sr=1-42,sounce fast phone charging cable data sync usb cable compatible for iphone 13 12 11 x 8 7 6 5 ipad air pro mini ios devices,conflicting_prices_without_reliable_history
amazon,626,B09ZQK9X8G,"Noise ColorFit Pro 4 Advanced Bluetooth Calling Smart Watch with 1.72"" TruView Display, Fully-Functional Digital Crown, 311 PPI, 60Hz Refresh Rate, 500 NITS Brightness (Charcoal Black)",5999.0,2998.0,INR,amazon:B09ZQK9X8G,Electronics > WearableTechnology > SmartWatches,Electronics,Electronics,source_tree,Electronics > WearableTechnology > SmartWatches,4.1,5179.0,Noise,title_first_word,2023-01-05 07:16:36+00:00,real,https://www.amazon.in/Noise-ColorFit-Bluetooth-Fully-Functional-Brightness/dp/B09ZQK9X8G/ref=sr_1_43?qid=1672902996&s=computers&sr=1-43,noise colorfit pro 4 advanced bluetooth calling smart watch with 1 72 truview display fully functional digital crown 311 ppi 60hz refresh rate 500 nits brightness,repeated_product_id_first_source_row_retained
amazon,630,B08HDJ86NZ,"boAt Deuce USB 300 2 in 1 Type-C & Micro USB Stress Resistant, Tangle-Free, Sturdy Cable with 3A Fast Charging & 480mbps Data Transmission, 10000+ Bends Lifespan and Extended 1.5m Length(Martian Red)",699.0,329.0,INR,amazon:B08HDJ86NZ,Computers&Accessories > Accessories&Peripherals > Cables&Accessories > Cables > USBCables,Computers&Accessories,Computers,source_tree,Computers&Accessories > Accessories&Peripherals > Cables&Accessories,4.2,94364.0,boAt,title_first_word,2023-01-05 07:16:36+00:00,real,https://www.amazon.in/Deuce-300-Resistant-Tangle-Free-Transmission/dp/B08HDJ86NZ/ref=sr_1_47?qid=1672902996&s=computers&sr=1-47,boat deuce usb 300 2 in 1 type c micro usb stress resistant tangle free sturdy cable with 3a fast charging 480mbps data transmission 10000 bends lifespan and extended 1 5m length,repeated_product_id_first_source_row_retained
amazon,634,B08CF3B7N1,"Portronics Konnect L 1.2M Fast Charging 3A 8 Pin USB Cable with Charge & Sync Function for iPhone, iPad (Grey)",399.0,154.0,INR,amazon:B08CF3B7N1,Computers&Accessories > Accessories&Peripherals > Cables&Accessories > Cables > USBCables,Computers&Accessories,Computers,source_tree,Computers&Accessories > Accessories&Peripherals > Cables&Accessories,4.2,16905.0,Portronics,title_first_word,2023-01-05 07:16:37+00:00,real,https://www.amazon.in/Portronics-Konnect-POR-1080-Charging-Function/dp/B08CF3B7N1/ref=sr_1_51?qid=1672902997&s=computers&sr=1-51,portronics konnect l 1 2m fast charging 3a 8 pin usb cable with charge sync function for iphone ipad,repeated_product_id_first_source_row_retained
amazon,636,B09MQSCJQ1,"boAt Xtend Smartwatch with Alexa Built-in, 1.69” HD Display, Multiple Watch Faces, Stress Monitor, Heart & SpO2 Monitoring, 14 Sports Modes, Sleep Monitor, 5 ATM & 7 Days Battery(Charcoal Black)",7990.0,2299.0,INR,amazon:B09MQSCJQ1,Electronics > WearableTechnology > SmartWatches,Electronics,Electronics,source_tree,Electronics > WearableTechnology > SmartWatches,4.2,69619.0,boAt,title_first_word,2023-01-05 07:16:37+00:00,real,https://www.amazon.in/boAt-Display-Multiple-Monitoring-Charcoal/dp/B09MQSCJQ1/ref=sr_1_53?qid=1672902997&s=computers&sr=1-53,boat xtend smartwatch with alexa built in 1 69 hd display multiple watch faces stress monitor heart spo2 monitoring 14 sports modes sleep monitor 5 atm 7 days battery,repeated_product_id_first_source_row_retained
amazon,637,B094YFFSMY,"Tygot Bluetooth Extendable Selfie Sticks with Wireless Remote and Tripod Stand, 3-in-1 Multifunctional Selfie Stick with Tripod Stand Compatible with iPhone/OnePlus/Samsung/Oppo/Vivo and All Phones",1999.0,399.0,INR,amazon:B094YFFSMY,Electronics > Mobiles&Accessories > MobileAccessories > Photo&VideoAccessories > SelfieSticks,Electronics,Electronics,source_tree,Electronics > Mobiles&Accessories > MobileAccessories,4.0,3382.0,Tygot,title_first_word,2023-01-05 07:16:37+00:00,real,https://www.amazon.in/Tygot-Bluetooth-Extendable-Multifunctional-Compatible/dp/B094YFFSMY/ref=sr_1_54?qid=1672902997&s=computers&sr=1-54,tygot bluetooth extendable selfie sticks with wireless remote and tripod stand 3 in 1 multifunctional selfie stick with tripod stand compatible with iphone oneplus samsung oppo vivo and all phones,repeated_product_id_first_source_row_retained
amazon,643,B09MT84WV5,"Samsung EVO Plus 128GB microSDXC UHS-I U3 130MB/s Full HD & 4K UHD Memory Card with Adapter (MB-MC128KA), Blue",3999.0,1059.0,INR,amazon:B09MT84WV5,Electronics > Accessories > MemoryCards > MicroSD,Electronics,Electronics,source_tree,Electronics > Accessories > MemoryCards,4.3,140035.0,Samsung,title_first_word,2023-01-05 07:16:37+00:00,real,https://www.amazon.in/Samsung-microSDXC-Memory-Adapter-MB-MC128KA/dp/B09MT84WV5/ref=sr_1_60?qid=1672902997&s=computers&sr=1-60,samsung evo plus 128gb microsdxc uhs i u3 130mb s full hd 4k uhd memory card with adapter,conflicting_prices_without_reliable_history
amazon,644,B08Y1TFSP6,"pTron Solero TB301 3A Type-C Data and Fast Charging Cable, Made in India, 480Mbps Data Sync, Strong and Durable 1.5-Meter Nylon Braided USB Cable for Type-C Devices for Charging Adapter (Black)",1000.0,149.0,INR,amazon:B08Y1TFSP6,Computers&Accessories > Accessories&Peripherals > Cables&Accessories > Cables > USBCables,Computers&Accessories,Computers,source_tree,Computers&Accessories > Accessories&Peripherals > Cables&Accessories,3.9,24870.0,pTron,title_first_word,2023-01-05 07:16:37+00:00,real,https://www.amazon.in/Solero-TB301-Charging-480Mbps-1-5-Meter/dp/B08Y1TFSP6/ref=sr_1_61?qid=1672902997&s=computers&sr=1-61,ptron solero tb301 3a type c data and fast charging cable made in india 480mbps data sync strong and durable 1 5 meter nylon braided usb cable for type c devices for charging adapter,repeated_product_id_first_source_row_retained
amazon,646,B085HY1DGR,Sounce Spiral Charger Cable Protector Data Cable Saver Charging Cord Protective Cable Cover Headphone MacBook Laptop Earphone Cell Phone Set of 3 (Cable Protector (12 Units)),999.0,99.0,INR,amazon:B085HY1DGR,Computers&Accessories > Accessories&Peripherals > Cables&Accessories > CableConnectionProtectors,Computers&Accessories,Computers,source_tree,Computers&Accessories > Accessories&Peripherals > Cables&Accessories,4.0,1396.0,Sounce,title_first_word,2023-01-05 07:16:37+00:00,real,https://www.amazon.in/Sounce-Charger-Protector-Charging-Protective/dp/B085HY1DGR/ref=sr_1_64?qid=1672902997&s=computers&sr=1-64,sounce spiral charger cable protector data cable saver charging cord protective cable cover headphone macbook laptop earphone cell phone set of 3,repeated_product_id_first_source_row_retained
amazon,659,B07RD611Z8,"Ambrane 20000mAh Power Bank with 20W Fast Charging, Triple Output, Power Delivery, Type C Input, Made in India, Multi-Layer Protection, Li-Polymer + Type C Cable (Stylo-20k, Black)",2499.0,1799.0,INR,amazon:B07RD611Z8,Electronics > Mobiles&Accessories > MobileAccessories > Chargers > PowerBanks,Electronics,Electronics,source_tree,Electronics > Mobiles&Accessories > MobileAccessories,4.1,18678.0,Ambrane,title_first_word,2023-01-05 07:16:38+00:00,real,https://www.amazon.in/Ambrane-20000mAh-Lithium-Polymer-Stylo-20K/dp/B07RD611Z8/ref=sr_1_77?qid=1672902998&s=computers&sr=1-77,ambrane 20000mah power bank with 20w fast charging triple output power delivery type c input made in india multi layer protection li polymer type c cable,repeated_product_id_first_source_row_retained
amazon,660,B08WRWPM22,"boAt Micro USB 55 Tangle-free, Sturdy Micro USB Cable with 3A Fast Charging & 480mbps Data Transmission (Black)",499.0,176.63,INR,amazon:B08WRWPM22,Computers&Accessories > Accessories&Peripherals > Cables&Accessories > Cables > USBCables,Computers&Accessories,Computers,source_tree,Computers&Accessories > Accessories&Peripherals > Cables&Accessories,4.1,15189.0,boAt,title_first_word,2023-01-05 07:16:38+00:00,real,https://www.amazon.in/boAt-Micro-USB-Tangle-Free-Transmission/dp/B08WRWPM22/ref=sr_1_78?qid=1672902998&s=computers&sr=1-78,boat micro usb 55 tangle free sturdy micro usb cable with 3a fast charging 480mbps data transmission,repeated_product_id_first_source_row_retained
amazon,670,B08DDRGWTJ,MI Usb Type-C Cable Smartphone (Black),299.0,229.0,INR,amazon:B08DDRGWTJ,Computers&Accessories > Accessories&Peripherals > Cables&Accessories > Cables > USBCables,Computers&Accessories,Computers,source_tree,Computers&Accessories > Accessories&Peripherals > Cables&Accessories,4.3,30411.0,MI,title_first_word,2023-01-05 07:16:38+00:00,real,https://www.amazon.in/MI-MTCY001IN-USB-Type-C-Cable/dp/B08DDRGWTJ/ref=sr_1_90?qid=1672902998&s=computers&sr=1-90,mi usb type c cable smartphone,repeated_product_id_first_source_row_retained
amazon,674,B08MTCKDYN,"Gizga Essentials Spiral Cable Protector Cord Saver for Mac Charger, iPhone Charger, Wire Protector, Lightweight Durable Flexible Wire Winder for Charging Cables, Data Cables, Earphones, Pack of 10",299.0,119.0,INR,amazon:B08MTCKDYN,Electronics > Mobiles&Accessories > MobileAccessories > Décor,Electronics,Electronics,source_tree,Electronics > Mobiles&Accessories > MobileAccessories,4.1,5999.0,Gizga,title_first_word,2023-01-05 07:16:38+00:00,real,https://www.amazon.in/GIZGA-Protector-Charging-Protective-G55/dp/B08MTCKDYN/ref=sr_1_94?qid=1672902998&s=computers&sr=1-94,gizga essentials spiral cable protector cord saver for mac charger iphone charger wire protector lightweight durable flexible wire winder for charging cables data cables earphones pack of 10,repeated_product_id_first_source_row_retained
amazon,675,B08CF3D7QR,Portronics Konnect L POR-1081 Fast Charging 3A Type-C Cable 1.2Meter with Charge & Sync Function for All Type-C Devices (Grey),339.0,154.0,INR,amazon:B08CF3D7QR,Computers&Accessories > Accessories&Peripherals > Cables&Accessories > Cables > USBCables,Computers&Accessories,Computers,source_tree,Computers&Accessories > Accessories&Peripherals > Cables&Accessories,4.3,13391.0,Portronics,title_first_word,2023-01-05 07:16:38+00:00,real,https://www.amazon.in/Portronics-POR-1081-Charging-1-2Meter-Function/dp/B08CF3D7QR/ref=sr_1_95?qid=1672902998&s=computers&sr=1-95,portronics konnect l por 1081 fast charging 3a type c cable 1 2meter with charge sync function for all type c devices,repeated_product_id_first_source_row_retained
amazon,679,B096VF5YYF,"boAt Xtend Smartwatch with Alexa Built-in, 1.69” HD Display, Multiple Watch Faces, Stress Monitor, Heart & SpO2 Monitoring, 14 Sports Modes, Sleep Monitor, 5 ATM & 7 Days Battery(Pitch Black)",7990.0,2999.0,INR,amazon:B096VF5YYF,Electronics > WearableTechnology > SmartWatches,Electronics,Electronics,source_tree,Electronics > WearableTechnology > SmartWatches,4.1,48448.0,boAt,title_first_word,2023-01-05 07:16:40+00:00,real,https://www.amazon.in/boAt-Smartwatch-Multiple-Monitoring-Resistance/dp/B096VF5YYF/ref=sr_1_100?qid=1672903000&s=computers&sr=1-100,boat xtend smartwatch with alexa built in 1 69 hd display multiple watch faces stress monitor heart spo2 monitoring 14 sports modes sleep monitor 5 atm 7 days battery,repeated_product_id_first_source_row_retained
amazon,686,B07KSMBL2H,"AmazonBasics Flexible Premium HDMI Cable (Black, 4K@60Hz, 18Gbps), 3-Foot",700.0,219.0,INR,amazon:B07KSMBL2H,"Electronics > HomeTheater,TV&Video > Accessories > Cables > HDMICables",Electronics,Electronics,source_tree,"Electronics > HomeTheater,TV&Video > Accessories",4.4,426972.0,AmazonBasics,title_first_word,2023-01-05 07:16:40+00:00,real,https://www.amazon.in/AmazonBasics-Flexible-HDMI-Cable-3-Foot/dp/B07KSMBL2H/ref=sr_1_107?qid=1672903000&s=computers&sr=1-107,amazonbasics flexible premium hdmi cable 3 foot,repeated_product_id_first_source_row_retained
amazon,688,B07DJLFMPS,HP 32GB Class 10 MicroSD Memory Card (U1 TF Card 32GB),1600.0,369.0,INR,amazon:B07DJLFMPS,Electronics > Accessories > MemoryCards > MicroSD,Electronics,Electronics,source_tree,Electronics > Accessories > MemoryCards,4.0,32625.0,HP,title_first_word,2023-01-05 07:16:40+00:00,real,https://www.amazon.in/HP-MicroSD-U1-TF-Card-32GB/dp/B07DJLFMPS/ref=sr_1_110?qid=1672903000&s=computers&sr=1-110,hp 32gb class 10 microsd memory card,repeated_product_id_first_source_row_retained
amazon,691,B085DTN6R2,"Portronics Konnect CL 20W POR-1067 Type-C to 8 Pin USB 1.2M Cable with Power Delivery & 3A Quick Charge Support, Nylon Braided for All Type-C and 8 Pin Devices, Green",899.0,350.0,INR,amazon:B085DTN6R2,Computers&Accessories > Accessories&Peripherals > Cables&Accessories > Cables > USBCables,Computers&Accessories,Computers,source_tree,Computers&Accessories > Accessories&Peripherals > Cables&Accessories,4.2,2262.0,Portronics,title_first_word,2023-01-05 07:16:40+00:00,real,https://www.amazon.in/Portronics-Konnect-Delivery-Support-Braided/dp/B085DTN6R2/ref=sr_1_115?qid=1672903000&s=computers&sr=1-115,portronics konnect cl 20w por 1067 type c to 8 pin usb 1 2m cable with power delivery 3a quick charge support nylon braided for all type c and 8 pin devices,repeated_product_id_first_source_row_retained
amazon,694,B09KLVMZ3B,Portronics Konnect L 1.2M POR-1401 Fast Charging 3A 8 Pin USB Cable with Charge & Sync Function (White),399.0,159.0,INR,amazon:B09KLVMZ3B,Computers&Accessories > Accessories&Peripherals > Cables&Accessories > Cables > USBCables,Computers&Accessories,Computers,source_tree,Computers&Accessories > Accessories&Peripherals > Cables&Accessories,4.1,4768.0,Portronics,title_first_word,2023-01-05 07:16:40+00:00,real,https://www.amazon.in/Portronics-Konnect-POR-1401-Charging-Function/dp/B09KLVMZ3B/ref=sr_1_118?qid=1672903000&s=computers&sr=1-118,portronics konnect l 1 2m por 1401 fast charging 3a 8 pin usb cable with charge sync function,repeated_product_id_first_source_row_retained
amazon,696,B097R25DP7,"Noise ColorFit Pulse Smartwatch with 3.56 cm (1.4"") Full Touch HD Display, SpO2, Heart Rate, Sleep Monitors & 10-Day Battery - Jet Black",4999.0,1599.0,INR,amazon:B097R25DP7,Electronics > WearableTechnology > SmartWatches,Electronics,Electronics,source_tree,Electronics > WearableTechnology > SmartWatches,4.0,67951.0,Noise,title_first_word,2023-01-05 07:16:40+00:00,real,https://www.amazon.in/Noise-ColorFit-Smartwatch-Monitoring-Waterproof/dp/B097R25DP7/ref=sr_1_120?qid=1672903000&s=computers&sr=1-120,noise colorfit pulse smartwatch with 3 56 cm full touch hd display spo2 heart rate sleep monitors 10 day battery jet,repeated_product_id_first_source_row_retained
amazon,701,B083342NKJ,MI Braided USB Type-C Cable for Charging Adapter (Red),399.0,349.0,INR,amazon:B083342NKJ,Computers&Accessories > Accessories&Peripherals > Cables&Accessories > Cables > USBCables,Computers&Accessories,Computers,source_tree,Computers&Accessories > Accessories&Peripherals > Cables&Accessories,4.4,18757.0,MI,title_first_word,2023-01-05 07:16:41+00:00,real,https://www.amazon.in/Mi-Braided-USB-Type-C-Cable/dp/B083342NKJ/ref=sr_1_125?qid=1672903001&s=computers&sr=1-125,mi braided usb type c cable for charging adapter,repeated_product_id_first_source_row_retained
amazon,702,B09C6HXFC1,"Duracell USB Lightning Apple Certified (Mfi) Braided Sync & Charge Cable For Iphone, Ipad And Ipod. Fast Charging Lightning Cable, 3.9 Feet (1.2M) - Black",1799.0,970.0,INR,amazon:B09C6HXFC1,Computers&Accessories > Accessories&Peripherals > Cables&Accessories > Cables > USBCables,Computers&Accessories,Computers,source_tree,Computers&Accessories > Accessories&Peripherals > Cables&Accessories,4.5,815.0,Duracell,title_first_word,2023-01-05 07:16:41+00:00,real,https://www.amazon.in/DURACELL-Lightning-Certified-braided-Devices/dp/B09C6HXFC1/ref=sr_1_126?qid=1672903001&s=computers&sr=1-126,duracell usb lightning apple certified braided sync charge cable for iphone ipad and ipod fast charging lightning cable 3 9 feet,repeated_product_id_first_source_row_retained
amazon,706,B0B3MWYCHQ,"Fire-Boltt Ring 3 Smart Watch 1.8 Biggest Display with Advanced Bluetooth Calling Chip, Voice Assistance,118 Sports Modes, in Built Calculator & Games, SpO2, Heart Rate Monitoring",9999.0,2999.0,INR,amazon:B0B3MWYCHQ,Electronics > WearableTechnology > SmartWatches,Electronics,Electronics,source_tree,Electronics > WearableTechnology > SmartWatches,4.2,20881.0,Fire-Boltt,title_first_word,2023-01-05 07:16:41+00:00,real,https://www.amazon.in/Fire-Boltt-Bluetooth-Assistance-Calculator-Monitoring/dp/B0B3MWYCHQ/ref=sr_1_130?qid=1672903001&s=computers&sr=1-130,fire boltt ring 3 smart watch 1 8 biggest display with advanced bluetooth calling chip voice assistance 118 sports modes in built calculator games spo2 heart rate monitoring,repeated_product_id_first_source_row_retained
amazon,715,B09KGV7WSV,"KINGONE Upgraded Stylus Pen, iPad Pencil, Ultra High Precision & Sensitivity, Palm Rejection, Prevents False ON/Off Touch, Power Display, Tilt Sensitivity, Magnetic Adsorption for iPad 2018 and Later",5999.0,2099.0,INR,amazon:B09KGV7WSV,Electronics > Mobiles&Accessories > MobileAccessories > StylusPens,Electronics,Electronics,source_tree,Electronics > Mobiles&Accessories > MobileAccessories,4.3,17129.0,KINGONE,title_first_word,2023-01-05 07:16:41+00:00,real,https://www.amazon.in/Upgraded-Precision-Sensitivity-Rejection-Adsorption/dp/B09KGV7WSV/ref=sr_1_139?qid=1672903001&s=computers&sr=1-139,kingone upgraded stylus pen ipad pencil ultra high precision sensitivity palm rejection prevents false on off touch power display tilt sensitivity magnetic adsorption for ipad 2018 and later,repeated_product_id_first_source_row_retained
amazon,716,B08DPLCM6T,LG 80 cm (32 inches) HD Ready Smart LED TV 32LM563BPTC (Dark Iron Gray),21990.0,13490.0,INR,amazon:B08DPLCM6T,"Electronics > HomeTheater,TV&Video > Televisions > SmartTelevisions",Electronics,Electronics,source_tree,"Electronics > HomeTheater,TV&Video > Televisions",4.3,11976.0,LG,title_first_word,2023-01-05 07:16:41+00:00,real,https://www.amazon.in/LG-inches-Ready-Smart-32LM563BPTC/dp/B08DPLCM6T/ref=sr_1_140?qid=1672903001&s=computers&sr=1-140,lg 80 cm hd ready smart led tv 32lm563bptc,repeated_product_id_first_source_row_retained
amazon,724,B085194JFL,"tizum HDMI to VGA Adapter Cable 1080P for Projector, Computer, Laptop, TV, Projectors & TV",499.0,279.0,INR,amazon:B085194JFL,"Electronics > HomeTheater,TV&Video > Accessories > Cables > HDMICables",Electronics,Electronics,source_tree,"Electronics > HomeTheater,TV&Video > Accessories",3.7,10962.0,tizum,title_first_word,2023-01-05 07:16:42+00:00,real,https://www.amazon.in/Adapter-Projector-Computer-Laptop-Projectors/dp/B085194JFL/ref=sr_1_149?qid=1672903002&s=computers&sr=1-149,tizum hdmi to vga adapter cable 1080p for projector computer laptop tv projectors tv,repeated_product_id_first_source_row_retained
amazon,725,B09F6S8BT6,Samsung 80 cm (32 Inches) Wondertainment Series HD Ready LED Smart TV UA32T4340BKXXL (Glossy Black),22900.0,13490.0,INR,amazon:B09F6S8BT6,"Electronics > HomeTheater,TV&Video > Televisions > SmartTelevisions",Electronics,Electronics,source_tree,"Electronics > HomeTheater,TV&Video > Televisions",4.3,16299.0,Samsung,title_first_word,2023-01-05 07:16:42+00:00,real,https://www.amazon.in/Samsung-Inches-Wondertainment-UA32T4340BKXXL-Glossy/dp/B09F6S8BT6/ref=sr_1_150?qid=1672903002&s=computers&sr=1-150,samsung 80 cm wondertainment series hd ready led smart tv ua32t4340bkxxl,repeated_product_id_first_source_row_retained
amazon,729,B09NHVCHS9,Flix Micro Usb Cable For Smartphone (Black),199.0,59.0,INR,amazon:B09NHVCHS9,Computers&Accessories > Accessories&Peripherals > Cables&Accessories > Cables > USBCables,Computers&Accessories,Computers,source_tree,Computers&Accessories > Accessories&Peripherals > Cables&Accessories,4.0,9377.0,Flix,title_first_word,2023-01-05 07:16:42+00:00,real,https://www.amazon.in/Flix-Micro-Cable-Smartphone-Black/dp/B09NHVCHS9/ref=sr_1_154?qid=1672903002&s=computers&sr=1-154,flix micro usb cable for smartphone,repeated_product_id_first_source_row_retained
amazon,733,B01M4GGIVU,Tizum High Speed HDMI Cable with Ethernet | Supports 3D 4K | for All HDMI Devices Laptop Computer Gaming Console TV Set Top Box (1.5 Meter/ 5 Feet),699.0,199.0,INR,amazon:B01M4GGIVU,"Electronics > HomeTheater,TV&Video > Accessories > Cables > HDMICables",Electronics,Electronics,source_tree,"Electronics > HomeTheater,TV&Video > Accessories",4.2,12153.0,Tizum,title_first_word,2023-01-05 07:16:42+00:00,real,https://www.amazon.in/TIZUM-Slim-1-5m-HDMI-Cable/dp/B01M4GGIVU/ref=sr_1_159?qid=1672903002&s=computers&sr=1-159,tizum high speed hdmi cable with ethernet supports 3d 4k for all hdmi devices laptop computer gaming console tv set top box,repeated_product_id_first_source_row_retained
amazon,737,B09Z6WH2N1,"STRIFF 12 Pieces Highly Flexible Silicone Micro USB Protector, Mouse Cable Protector, Suit for All Cell Phones, Computers and Chargers (White)",499.0,95.0,INR,amazon:B09Z6WH2N1,Electronics > Mobiles&Accessories > MobileAccessories > Décor,Electronics,Electronics,source_tree,Electronics > Mobiles&Accessories > MobileAccessories,4.2,1949.0,STRIFF,title_first_word,2023-01-05 07:16:42+00:00,real,https://www.amazon.in/STRIFF-Flexible-Silicone-Protector-Computers/dp/B09Z6WH2N1/ref=sr_1_164?qid=1672903002&s=computers&sr=1-164,striff 12 pieces highly flexible silicone micro usb protector mouse cable protector suit for all cell phones computers and chargers,repeated_product_id_first_source_row_retained
amazon,742,B08K4PSZ3V,"Tukzer Capacitive Stylus Pen for Touch Screens Devices, Fine Point, Lightweight Metal Body with Magnetism Cover Cap for Smartphones/Tablets/iPad/iPad Pro/iPhone (Grey)",999.0,349.0,INR,amazon:B08K4PSZ3V,Electronics > Mobiles&Accessories > MobileAccessories > StylusPens,Electronics,Electronics,source_tree,Electronics > Mobiles&Accessories > MobileAccessories,3.8,16557.0,Tukzer,title_first_word,2023-01-05 07:16:44+00:00,real,https://www.amazon.in/Tukzer-Capacitive-Lightweight-Magnetism-Smartphones/dp/B08K4PSZ3V/ref=sr_1_169?qid=1672903004&s=computers&sr=1-169,tukzer capacitive stylus pen for touch screens devices fine point lightweight metal body with magnetism cover cap for smartphones tablets ipad ipad pro iphone,repeated_product_id_first_source_row_retained
amazon,768,B0949SBKMP,"boAt Flash Edition Smart Watch with Activity Tracker, Multiple Sports Modes, 1.3"" Screen, 170+ Watch Faces, Sleep Monitor, Gesture, Camera & Music Control, IP68 & 7 Days Battery Life(Lightning Black)",6990.0,1799.0,INR,amazon:B0949SBKMP,Electronics > WearableTechnology > SmartWatches,Electronics,Electronics,source_tree,Electronics > WearableTechnology > SmartWatches,4.0,26880.0,boAt,title_first_word,2023-01-05 07:16:45+00:00,real,https://www.amazon.in/boAt-Flash-Smartwatch-Resistance-Lightning/dp/B0949SBKMP/ref=sr_1_199?qid=1672903005&s=computers&sr=1-199,boat flash edition smart watch with activity tracker multiple sports modes 1 3 screen 170 watch faces sleep monitor gesture camera music control ip68 7 days battery life,repeated_product_id_first_source_row_retained
amazon,770,B094JNXNPV,"Ambrane Unbreakable 3 in 1 Fast Charging Braided Multipurpose Cable for Speaker with 2.1 A Speed - 1.25 meter, Black",399.0,299.0,INR,amazon:B094JNXNPV,Computers&Accessories > Accessories&Peripherals > Cables&Accessories > Cables > USBCables,Computers&Accessories,Computers,source_tree,Computers&Accessories > Accessories&Peripherals > Cables&Accessories,4.0,2766.0,Ambrane,title_first_word,2023-01-05 07:16:45+00:00,real,https://www.amazon.in/Ambrane-Unbreakable-Charging-Braided-Multipurpose/dp/B094JNXNPV/ref=sr_1_201?qid=1672903005&s=computers&sr=1-201,ambrane unbreakable 3 in 1 fast charging braided multipurpose cable for speaker with 2 1 a speed 1 25 meter,repeated_product_id_first_source_row_retained
amazon,773,B077Z65HSD,"boAt A400 USB Type-C to USB-A 2.0 Male Data Cable, 2 Meter (Black)",999.0,299.0,INR,amazon:B077Z65HSD,Computers&Accessories > Accessories&Peripherals > Cables&Accessories > Cables > USBCables,Computers&Accessories,Computers,source_tree,Computers&Accessories > Accessories&Peripherals > Cables&Accessories,4.3,20850.0,boAt,title_first_word,2023-01-05 07:16:45+00:00,real,https://www.amazon.in/A400-Type-C-Cable-Meter-Black/dp/B077Z65HSD/ref=sr_1_204?qid=1672903005&s=computers&sr=1-204,boat a400 usb type c to usb a 2 0 male data cable 2 meter,repeated_product_id_first_source_row_retained
amazon,786,B09W5XR9RT,"Duracell USB C To Lightning Apple Certified (Mfi) Braided Sync & Charge Cable For Iphone, Ipad And Ipod. Fast Charging Lightning Cable, 3.9 Feet (1.2M) - Black",1999.0,970.0,INR,amazon:B09W5XR9RT,Computers&Accessories > Accessories&Peripherals > Cables&Accessories > Cables > USBCables,Computers&Accessories,Computers,source_tree,Computers&Accessories > Accessories&Peripherals > Cables&Accessories,4.4,184.0,Duracell,title_first_word,2023-01-05 07:16:46+00:00,real,https://www.amazon.in/Duracell-Lightning-Certified-Braided-Charging/dp/B09W5XR9RT/ref=sr_1_219?qid=1672903006&s=computers&sr=1-219,duracell usb c to lightning apple certified braided sync charge cable for iphone ipad and ipod fast charging lightning cable 3 9 feet,repeated_product_id_first_source_row_retained
amazon,804,B00NH11PEY,"AmazonBasics USB 2.0 - A-Male to A-Female Extension Cable for Personal Computer, Printer (Black, 9.8 Feet/3 Meters)",750.0,199.0,INR,amazon:B00NH11PEY,Computers&Accessories > Accessories&Peripherals > Cables&Accessories > Cables > USBCables,Computers&Accessories,Computers,source_tree,Computers&Accessories > Accessories&Peripherals > Cables&Accessories,4.5,74976.0,AmazonBasics,title_first_word,2023-01-05 07:16:46+00:00,real,https://www.amazon.in/AmazonBasics-Extension-Cable-Male-Female/dp/B00NH11PEY/ref=sr_1_239?qid=1672903006&s=computers&sr=1-239,amazonbasics usb 2 0 a male to a female extension cable for personal computer printer,repeated_product_id_first_source_row_retained
amazon,820,B09CMM3VGK,"Ambrane 60W / 3A Type C Fast Charging Unbreakable 1.5m L Shaped Braided Cable, PD Technology, 480Mbps Data Transfer for Smartphones, Tablet, Laptops & other type c devices (ABLC10, Black)",499.0,179.0,INR,amazon:B09CMM3VGK,Computers&Accessories > Accessories&Peripherals > Cables&Accessories > Cables > USBCables,Computers&Accessories,Computers,source_tree,Computers&Accessories > Accessories&Peripherals > Cables&Accessories,4.0,1933.0,Ambrane,title_first_word,2023-01-05 07:16:47+00:00,real,https://www.amazon.in/Ambrane-Charging-Unbreakable-Braided-Connector/dp/B09CMM3VGK/ref=sr_1_255?qid=1672903007&s=computers&sr=1-255,ambrane 60w 3a type c fast charging unbreakable 1 5m l shaped braided cable pd technology 480mbps data transfer for smartphones tablet laptops other type c devices,repeated_product_id_first_source_row_retained
amazon,825,B08QSC1XY8,"Zoul USB C 60W Fast Charging 3A 6ft/2M Long Type C Nylon Braided Data Cable Quick Charger Cable QC 3.0 for Samsung Galaxy M31S M30 S10 S9 S20 Plus, Note 10 9 8, A20e A40 A50 A70 (2M, Grey)",1099.0,389.0,INR,amazon:B08QSC1XY8,Computers&Accessories > Accessories&Peripherals > Cables&Accessories > Cables > USBCables,Computers&Accessories,Computers,source_tree,Computers&Accessories > Accessories&Peripherals > Cables&Accessories,4.3,974.0,Zoul,title_first_word,2023-01-05 07:16:47+00:00,real,https://www.amazon.in/Charging-Braided-Charger-Samsung-Galaxy/dp/B08QSC1XY8/ref=sr_1_260?qid=1672903007&s=computers&sr=1-260,zoul usb c 60w fast charging 3a 6ft 2m long type c nylon braided data cable quick charger cable qc 3 0 for samsung galaxy m31s m30 s10 s9 s20 plus note 10 9 8 a20e a40 a50 a70,repeated_product_id_first_source_row_retained
amazon,835,B008FWZGSG,"Samsung Original Type C to C Cable - 3.28 Feet (1 Meter), White",599.0,599.0,INR,amazon:B008FWZGSG,Computers&Accessories > Accessories&Peripherals > Cables&Accessories > Cables > USBCables,Computers&Accessories,Computers,source_tree,Computers&Accessories > Accessories&Peripherals > Cables&Accessories,4.3,355.0,Samsung,title_first_word,2023-01-05 07:16:48+00:00,real,https://www.amazon.in/Samsung-Original-Type-Cable-Meter/dp/B008FWZGSG/ref=sr_1_271?qid=1672903008&s=computers&sr=1-271,samsung original type c to c cable 3 28 feet,repeated_product_id_first_source_row_retained
amazon,838,B0B4HJNPV4,"pTron Solero T351 3.5Amps Fast Charging Type-C to Type-C PD Data & Charging USB Cable, Made in India, 480Mbps Data Sync, Durable 1 Meter Long Cable for Type-C Smartphones, Tablets & Laptops (Black)",999.0,199.0,INR,amazon:B0B4HJNPV4,Computers&Accessories > Accessories&Peripherals > Cables&Accessories > Cables > USBCables,Computers&Accessories,Computers,source_tree,Computers&Accessories > Accessories&Peripherals > Cables&Accessories,3.9,1075.0,pTron,title_first_word,2023-01-05 07:16:48+00:00,real,https://www.amazon.in/pTron-3-5Amps-Charging-480Mbps-Smartphones/dp/B0B4HJNPV4/ref=sr_1_275?qid=1672903008&s=computers&sr=1-275,ptron solero t351 3 5amps fast charging type c to type c pd data charging usb cable made in india 480mbps data sync durable 1 meter long cable for type c smartphones tablets laptops,repeated_product_id_first_source_row_retained
amazon,841,B07XLCFSSN,"Amazonbasics Nylon Braided Usb-C To Lightning Cable, Fast Charging Mfi Certified Smartphone, Iphone Charger (6-Foot, Dark Grey)",1900.0,899.0,INR,amazon:B07XLCFSSN,Computers&Accessories > Accessories&Peripherals > Cables&Accessories > Cables > USBCables,Computers&Accessories,Computers,source_tree,Computers&Accessories > Accessories&Peripherals > Cables&Accessories,4.4,13552.0,Amazonbasics,title_first_word,2023-01-05 07:16:48+00:00,real,https://www.amazon.in/AmazonBasics-Apple-Certified-Lightning-Charging/dp/B07XLCFSSN/ref=sr_1_279?qid=1672903008&s=computers&sr=1-279,amazonbasics nylon braided usb c to lightning cable fast charging mfi certified smartphone iphone charger,repeated_product_id_first_source_row_retained
amazon,842,B09RZS1NQT,"Sounce 65W OnePlus Dash Warp Charge Cable, 6.5A Type-C to USB C PD Data Sync Fast Charging Cable Compatible with One Plus 8T/ 9/ 9R/ 9 pro/ 9RT/ 10R/ Nord & for All Type C Devices – Red, 1 Meter",999.0,199.0,INR,amazon:B09RZS1NQT,Computers&Accessories > Accessories&Peripherals > Cables&Accessories > Cables > USBCables,Computers&Accessories,Computers,source_tree,Computers&Accessories > Accessories&Peripherals > Cables&Accessories,4.0,575.0,Sounce,title_first_word,2023-01-05 07:16:48+00:00,real,https://www.amazon.in/Sounce-Type-C-Compatible-Smartphone-Charging/dp/B09RZS1NQT/ref=sr_1_280?qid=1672903008&s=computers&sr=1-280,sounce 65w oneplus dash warp charge cable 6 5a type c to usb c pd data sync fast charging cable compatible with one plus 8t 9 9r 9 pro 9rt 10r nord for all type c devices 1 meter,repeated_product_id_first_source_row_retained
amazon,853,B09C6HWG18,"Duracell Type C To Type C 5A (100W) Braided Sync & Fast Charging Cable, 3.9 Feet (1.2M). USB C to C Cable, Supports PD & QC 3.0 Charging, 5 GBPS Data Transmission – Black",1999.0,970.0,INR,amazon:B09C6HWG18,Computers&Accessories > Accessories&Peripherals > Cables&Accessories > Cables > USBCables,Computers&Accessories,Computers,source_tree,Computers&Accessories > Accessories&Peripherals > Cables&Accessories,4.2,462.0,Duracell,title_first_word,2023-01-05 07:16:50+00:00,real,https://www.amazon.in/DURACELL-Type-C-braided-Charge-Cable/dp/B09C6HWG18/ref=sr_1_292?qid=1672903010&s=computers&sr=1-292,duracell type c to type c 5a braided sync fast charging cable 3 9 feet usb c to c cable supports pd qc 3 0 charging 5 gbps data transmission,repeated_product_id_first_source_row_retained
amazon,854,B00NH11KIK,"AmazonBasics USB 2.0 Cable - A-Male to B-Male - for Personal Computer, Printer- 6 Feet (1.8 Meters), Black",695.0,209.0,INR,amazon:B00NH11KIK,Computers&Accessories > Accessories&Peripherals > Cables&Accessories > Cables > USBCables,Computers&Accessories,Computers,source_tree,Computers&Accessories > Accessories&Peripherals > Cables&Accessories,4.5,107686.0,AmazonBasics,title_first_word,2023-01-05 07:16:50+00:00,real,https://www.amazon.in/AmazonBasics-USB-2-0-Cable-Male/dp/B00NH11KIK/ref=sr_1_293?qid=1672903010&s=computers&sr=1-293,amazonbasics usb 2 0 cable a male to b male for personal computer printer 6 feet,repeated_product_id_first_source_row_retained
amazon,859,B07XJYYH7L,"Wecool Nylon Braided Multifunction Fast Charging Cable For Android Smartphone, Ios And Type C Usb Devices, 3 In 1 Charging Cable, 3A, (3 Feet) (Black)",999.0,333.0,INR,amazon:B07XJYYH7L,Computers&Accessories > Accessories&Peripherals > Cables&Accessories > Cables > USBCables,Computers&Accessories,Computers,source_tree,Computers&Accessories > Accessories&Peripherals > Cables&Accessories,3.3,9792.0,Wecool,title_first_word,2023-01-05 07:16:50+00:00,real,https://www.amazon.in/WeCool-Braided-Multifunction-Charging-Android/dp/B07XJYYH7L/ref=sr_1_299?qid=1672903010&s=computers&sr=1-299,wecool nylon braided multifunction fast charging cable for android smartphone ios and type c usb devices 3 in 1 charging cable 3a,repeated_product_id_first_source_row_retained
amazon,871,B07KRCW6LZ,"TP-Link Nano AC600 USB Wi-Fi Adapter(Archer T2U Nano)- 2.4G/5G Dual Band Wireless Network Adapter for PC Desktop Laptop, Mini Travel Size, Supports Windows 11,10, 8.1, 8, 7, XP/Mac OS 10.9-10.15",1599.0,999.0,INR,amazon:B07KRCW6LZ,Computers&Accessories > NetworkingDevices > NetworkAdapters > WirelessUSBAdapters,Computers&Accessories,Computers,source_tree,Computers&Accessories > NetworkingDevices > NetworkAdapters,4.3,12093.0,TP-Link,title_first_word,2023-01-05 07:16:51+00:00,real,https://www.amazon.in/TP-Link-Archer-T2U-Nano-Wireless/dp/B07KRCW6LZ/ref=sr_1_313?qid=1672903011&s=computers&sr=1-313,tp link nano ac600 usb wi fi adapter 2 4g 5g dual band wireless network adapter for pc desktop laptop mini travel size supports windows 11 10 8 1 8 7 xp mac os 10 9 10 15,repeated_product_id_first_source_row_retained
amazon,883,B002PD61Y4,D-Link DWA-131 300 Mbps Wireless Nano USB Adapter (Black),1208.0,507.0,INR,amazon:B002PD61Y4,Computers&Accessories > NetworkingDevices > NetworkAdapters > WirelessUSBAdapters,Computers&Accessories,Computers,source_tree,Computers&Accessories > NetworkingDevices > NetworkAdapters,4.1,8131.0,D-Link,title_first_word,2023-01-05 07:16:51+00:00,real,https://www.amazon.in/D-Link-DWA-131-Wireless-Adapter-Black/dp/B002PD61Y4/ref=sr_1_327?qid=1672903011&s=computers&sr=1-327,d link dwa 131 300 mbps wireless nano usb adapter,repeated_product_id_first_source_row_retained
amazon,887,B07232M876,"Amazonbasics Micro Usb Fast Charging Cable For Android Smartphone,Personal Computer,Printer With Gold Plated Connectors (6 Feet, Black)",395.0,199.0,INR,amazon:B07232M876,Computers&Accessories > Accessories&Peripherals > Cables&Accessories > Cables > USBCables,Computers&Accessories,Computers,source_tree,Computers&Accessories > Accessories&Peripherals > Cables&Accessories,4.2,92595.0,Amazonbasics,title_first_word,2023-01-05 07:16:51+00:00,real,https://www.amazon.in/AmazonBasics-Micro-Charging-Android-Phones/dp/B07232M876/ref=sr_1_332?qid=1672903011&s=computers&sr=1-332,amazonbasics micro usb fast charging cable for android smartphone personal computer printer with plated connectors,repeated_product_id_first_source_row_retained
amazon,890,B08BQ947H3,"LIRAMARK Webcam Cover Slide, Ultra Thin Laptop Camera Cover Slide Blocker for Computer MacBook Pro iMac PC Tablet (Pack of 3)",149.0,149.0,INR,amazon:B08BQ947H3,Computers&Accessories > Accessories&Peripherals > LaptopAccessories > CameraPrivacyCovers,Computers&Accessories,Computers,source_tree,Computers&Accessories > Accessories&Peripherals > LaptopAccessories,4.3,10833.0,LIRAMARK,title_first_word,2023-01-05 07:16:51+00:00,real,https://www.amazon.in/LIRAMARK-Webcam-Blocker-Computer-MacBook/dp/B08BQ947H3/ref=sr_1_335?qid=1672903011&s=computers&sr=1-335,liramark webcam cover slide ultra thin laptop camera cover slide blocker for computer macbook pro imac pc tablet,repeated_product_id_first_source_row_retained
amazon,896,B07P681N66,"TP-Link AC600 600 Mbps WiFi Wireless Network USB Adapter for Desktop PC with 2.4GHz/5GHz High Gain Dual Band 5dBi Antenna Wi-Fi, Supports Windows 11/10/8.1/8/7/XP, Mac OS 10.15 and earlier (Archer T2U Plus)",2199.0,1199.0,INR,amazon:B07P681N66,Computers&Accessories > NetworkingDevices > NetworkAdapters > WirelessUSBAdapters,Computers&Accessories,Computers,source_tree,Computers&Accessories > NetworkingDevices > NetworkAdapters,4.4,24780.0,TP-Link,title_first_word,2023-01-05 07:16:52+00:00,real,https://www.amazon.in/TP-Link-Wireless-Adapter-Archer-T2U/dp/B07P681N66/ref=sr_1_341?qid=1672903012&s=computers&sr=1-341,tp link ac600 600 mbps wifi wireless network usb adapter for desktop pc with 2 4ghz 5ghz high gain dual band 5dbi antenna wi fi supports windows 11 10 8 1 8 7 xp mac os 10 15 and earlier,repeated_product_id_first_source_row_retained
amazon,900,B082T6V3DT,"AmazonBasics New Release Nylon USB-A to Lightning Cable Cord, Fast Charging MFi Certified Charger for Apple iPhone, iPad (6-Ft, Rose Gold)",2100.0,799.0,INR,amazon:B082T6V3DT,Computers&Accessories > Accessories&Peripherals > Cables&Accessories > Cables > USBCables,Computers&Accessories,Computers,source_tree,Computers&Accessories > Accessories&Peripherals > Cables&Accessories,4.3,8188.0,AmazonBasics,title_first_word,2023-01-05 07:16:52+00:00,real,https://www.amazon.in/AmazonBasics-Nylon-Braided-Lightning-Cable/dp/B082T6V3DT/ref=sr_1_351?qid=1672903012&s=computers&sr=1-351,amazonbasics new release nylon usb a to lightning cable cord fast charging mfi certified charger for apple iphone ipad,repeated_product_id_first_source_row_retained
amazon,910,B0BFWGBX61,"Ambrane Unbreakable 3A Fast Charging Braided Type C Cable    1.5 Meter (RCT15, Blue) Supports QC 2.0/3.0 Charging",349.0,199.0,INR,amazon:B0BFWGBX61,Computers&Accessories > Accessories&Peripherals > Cables&Accessories > Cables > USBCables,Computers&Accessories,Computers,source_tree,Computers&Accessories > Accessories&Peripherals > Cables&Accessories,4.1,314.0,Ambrane,title_first_word,2023-01-05 07:16:53+00:00,real,https://www.amazon.in/Ambrane-Unbreakable-Charging-RCT15-Supports/dp/B0BFWGBX61/ref=sr_1_363?qid=1672903013&s=computers&sr=1-363,ambrane unbreakable 3a fast charging braided type c cable 1 5 meter supports qc 2 0 3 0 charging,repeated_product_id_first_source_row_retained
amazon,920,B01FSYQ2A4,boAt Rockerz 400 Bluetooth On Ear Headphones With Mic With Upto 8 Hours Playback & Soft Padded Ear Cushions(Grey/Green),2990.0,1399.0,INR,amazon:B01FSYQ2A4,"Electronics > Headphones,Earbuds&Accessories > Headphones > On-Ear",Electronics,Electronics,source_tree,"Electronics > Headphones,Earbuds&Accessories > Headphones",4.1,97174.0,boAt,title_first_word,2023-01-05 07:16:53+00:00,real,https://www.amazon.in/Super-Rockerz-400-Bluetooth-Headphones/dp/B01FSYQ2A4/ref=sr_1_373?qid=1672903013&s=computers&sr=1-373,boat rockerz 400 bluetooth on ear headphones with mic with upto 8 hours playback soft padded ear cushions,repeated_product_id_first_source_row_retained
amazon,927,B0B4DT8MKT,"Wecool Unbreakable 3 in 1 Charging Cable with 3A Speed, Fast Charging Multi Purpose Cable 1.25 Mtr Long, Type C cable, Micro Usb Cable and Cable for iPhone, White",1499.0,348.0,INR,amazon:B0B4DT8MKT,Computers&Accessories > Accessories&Peripherals > Cables&Accessories > Cables > USBCables,Computers&Accessories,Computers,source_tree,Computers&Accessories > Accessories&Peripherals > Cables&Accessories,4.2,656.0,Wecool,title_first_word,2023-01-05 07:16:53+00:00,real,https://www.amazon.in/WeCool-Unbreakable-Charging-Purpose-iPhone/dp/B0B4DT8MKT/ref=sr_1_382?qid=1672903013&s=computers&sr=1-382,wecool unbreakable 3 in 1 charging cable with 3a speed fast charging multi purpose cable 1 25 mtr long type c cable micro usb cable and cable for iphone,repeated_product_id_first_source_row_retained
amazon,930,B08CDKQ8T6,"Portronics Konnect L 1.2Mtr, Fast Charging 3A Micro USB Cable with Charge & Sync Function (Grey)",349.0,154.0,INR,amazon:B08CDKQ8T6,Computers&Accessories > Accessories&Peripherals > Cables&Accessories > Cables > USBCables,Computers&Accessories,Computers,source_tree,Computers&Accessories > Accessories&Peripherals > Cables&Accessories,4.3,7064.0,Portronics,title_first_word,2023-01-05 07:16:54+00:00,real,https://www.amazon.in/Portronics-Konnect-POR-1079-Charging-Micro/dp/B08CDKQ8T6/ref=sr_1_385?qid=1672903014&s=computers&sr=1-385,portronics konnect l 1 2mtr fast charging 3a micro usb cable with charge sync function,repeated_product_id_first_source_row_retained
amazon,940,B0994GFWBH,Lapster 1.5 mtr USB 2.0 Type A Male to USB A Male Cable for computer and laptop,999.0,139.0,INR,amazon:B0994GFWBH,Computers&Accessories > Accessories&Peripherals > Cables&Accessories > Cables > USBCables,Computers&Accessories,Computers,source_tree,Computers&Accessories > Accessories&Peripherals > Cables&Accessories,4.0,1313.0,Lapster,title_first_word,2023-01-05 07:16:54+00:00,real,https://www.amazon.in/Lapster-Type-Cable-computer-laptop/dp/B0994GFWBH/ref=sr_1_396?qid=1672903014&s=computers&sr=1-396,lapster 1 5 mtr usb 2 0 type a male to usb a male cable for computer and laptop,repeated_product_id_first_source_row_retained
amazon,945,B01GGKZ0V6,AmazonBasics USB Type-C to USB Type-C 2.0 Cable - 3 Feet Laptop (0.9 Meters) - White,845.0,329.0,INR,amazon:B01GGKZ0V6,Computers&Accessories > Accessories&Peripherals > Cables&Accessories > Cables > USBCables,Computers&Accessories,Computers,source_tree,Computers&Accessories > Accessories&Peripherals > Cables&Accessories,4.2,29746.0,AmazonBasics,title_first_word,2023-01-05 07:16:54+00:00,real,https://www.amazon.in/AmazonBasics-USB-Type-C-2-0-Cable/dp/B01GGKZ0V6/ref=sr_1_401?qid=1672903014&s=computers&sr=1-401,amazonbasics usb type c to usb type c 2 0 cable 3 feet laptop,repeated_product_id_first_source_row_retained
amazon,955,B09F9YQQ7B,Redmi 80 cm (32 inches) Android 11 Series HD Ready Smart LED TV | L32M6-RA/L32M7-RA (Black),24999.0,13999.0,INR,amazon:B09F9YQQ7B,"Electronics > HomeTheater,TV&Video > Televisions > SmartTelevisions",Electronics,Electronics,source_tree,"Electronics > HomeTheater,TV&Video > Televisions",4.2,45237.0,Redmi,title_first_word,2023-01-05 07:16:56+00:00,real,https://www.amazon.in/Redmi-inches-Ready-L32M6-RA-Android/dp/B09F9YQQ7B/ref=sr_1_412?qid=1672903016&s=computers&sr=1-412,redmi 80 cm android 11 series hd ready smart led tv l32m6 ra l32m7 ra,repeated_product_id_first_source_row_retained
amazon,959,B0B5ZF3NRK,"CEDO 65W OnePlus Dash Warp Charge Cable, USB A to Type C Data Sync Fast Charging Cable Compatible with One Plus 3 /3T /5 /5T /6 /6T /7 /7T /7 pro & for All Type C Devices - 1 Meter, Red",599.0,349.0,INR,amazon:B0B5ZF3NRK,Computers&Accessories > Accessories&Peripherals > Cables&Accessories > Cables > USBCables,Computers&Accessories,Computers,source_tree,Computers&Accessories > Accessories&Peripherals > Cables&Accessories,4.1,210.0,CEDO,title_first_word,2023-01-05 07:16:56+00:00,real,https://www.amazon.in/CEDO-OnePlus-Charging-Compatible-Devices/dp/B0B5ZF3NRK/ref=sr_1_416?qid=1672903016&s=computers&sr=1-416,cedo 65w oneplus dash warp charge cable usb a to type c data sync fast charging cable compatible with one plus 3 3t 5 5t 6 6t 7 7t 7 pro for all type c devices 1 meter,repeated_product_id_first_source_row_retained
amazon,961,B078G6ZF5Z,"Oraimo 18W USB & Type-C Dual Output Super Fast Charger Wall Adapter PE2.0&Quick Charge 3.0 & Power Delivery 3.0 Compatible for iPhone 13/13 Mini/13 Pro Max/12/12 Pro Max, iPad Mini/Pro, Pixel, Galaxy, Airpods Pro",1199.0,699.0,INR,amazon:B078G6ZF5Z,Electronics > Mobiles&Accessories > MobileAccessories > Chargers > WallChargers,Electronics,Electronics,source_tree,Electronics > Mobiles&Accessories > MobileAccessories,4.0,14403.0,Oraimo,title_first_word,2023-01-05 07:16:56+00:00,real,https://www.amazon.in/ORAIMO-SUPER-FAST-CHARGER/dp/B078G6ZF5Z/ref=sr_1_419?qid=1672903016&s=computers&sr=1-419,oraimo 18w usb type c dual output super fast charger wall adapter pe2 0 quick charge 3 0 power delivery 3 0 compatible for iphone 13 13 mini 13 pro max 12 12 pro max ipad mini pro pixel galaxy airpods pro,repeated_product_id_first_source_row_retained
amazon,964,B08BCKN299,"Sounce Gold Plated 3.5 mm Headphone Splitter for Computer 2 Male to 1 Female 3.5mm Headphone Mic Audio Y Splitter Cable Smartphone Headset to PC Adapter – (Black,20cm)",999.0,120.0,INR,amazon:B08BCKN299,"Electronics > Headphones,Earbuds&Accessories > Adapters",Electronics,Electronics,source_tree,"Electronics > Headphones,Earbuds&Accessories > Adapters",3.9,6491.0,Sounce,title_first_word,2023-01-05 07:16:56+00:00,real,https://www.amazon.in/Sounce-Plated-Headphone-Earphone-Splitter/dp/B08BCKN299/ref=sr_1_422?qid=1672903016&s=computers&sr=1-422,sounce plated 3 5 mm headphone splitter for computer 2 male to 1 female 3 5mm headphone mic audio y splitter cable smartphone headset to pc adapter,repeated_product_id_first_source_row_retained
amazon,970,B09Q8HMKZX,"Portronics Konnect L 20W PD Quick Charge Type-C to 8-Pin USB Mobile Charging Cable, 1.2M, Tangle Resistant, Fast Data Sync(Grey)",699.0,263.0,INR,amazon:B09Q8HMKZX,Computers&Accessories > Accessories&Peripherals > Cables&Accessories > Cables > USBCables,Computers&Accessories,Computers,source_tree,Computers&Accessories > Accessories&Peripherals > Cables&Accessories,4.1,450.0,Portronics,title_first_word,2023-01-05 07:16:56+00:00,real,https://www.amazon.in/Portronics-Konnect-Charge-Charging-Resistant/dp/B09Q8HMKZX/ref=sr_1_428?qid=1672903016&s=computers&sr=1-428,portronics konnect l 20w pd quick charge type c to 8 pin usb mobile charging cable 1 2m tangle resistant fast data sync,repeated_product_id_first_source_row_retained
amazon,976,B01GGKYKQM,"Amazon Basics USB Type-C to USB-A 2.0 Male Fast Charging Cable for Laptop - 3 Feet (0.9 Meters), Black",700.0,219.0,INR,amazon:B01GGKYKQM,Computers&Accessories > Accessories&Peripherals > Cables&Accessories > Cables > USBCables,Computers&Accessories,Computers,source_tree,Computers&Accessories > Accessories&Peripherals > Cables&Accessories,4.3,20053.0,Amazon,title_first_word,2023-01-05 07:16:57+00:00,real,https://www.amazon.in/AmazonBasics-Type-C-USB-Male-Cable/dp/B01GGKYKQM/ref=sr_1_435?qid=1672903017&s=computers&sr=1-435,amazon basics usb type c to usb a 2 0 male fast charging cable for laptop 3 feet,repeated_product_id_first_source_row_retained
amazon,981,B0B86CDHL1,"oraimo 65W Type C to C Fast Charging Cable USB C to USB C Cable High Speed Syncing, Nylon Braided 1M length with LED Indicator Compatible For Laptop, Macbook, Samsung Galaxy S22 S20 S10 S20Fe S21 S21 Ultra A70 A51 A71 A50S M31 M51 M31S M53 5G",899.0,349.0,INR,amazon:B0B86CDHL1,Computers&Accessories > Accessories&Peripherals > Cables&Accessories > Cables > USBCables,Computers&Accessories,Computers,source_tree,Computers&Accessories > Accessories&Peripherals > Cables&Accessories,4.5,149.0,oraimo,title_first_word,2023-01-05 07:16:57+00:00,real,https://www.amazon.in/oraimo-Charging-Syncing-Indicator-Compatible/dp/B0B86CDHL1/ref=sr_1_440?qid=1672903017&s=computers&sr=1-440,oraimo 65w type c to c fast charging cable usb c to usb c cable high speed syncing nylon braided 1m length with led indicator compatible for laptop macbook samsung galaxy s22 s20 s10 s20fe s21 s21 ultra a70 a51 a71 a50s m31 m51 m31s m53 5g,repeated_product_id_first_source_row_retained
amazon,985,B08R69VDHT,"Pinnaclz Original Combo of 2 Micro USB Fast Charging Cable, USB Charging Cable for Data Transfer Perfect for Android Smart Phones White 1.2 Meter Made in India (Pack of 2)",499.0,115.0,INR,amazon:B08R69VDHT,Computers&Accessories > Accessories&Peripherals > Cables&Accessories > Cables > USBCables,Computers&Accessories,Computers,source_tree,Computers&Accessories > Accessories&Peripherals > Cables&Accessories,4.0,7732.0,Pinnaclz,title_first_word,2023-01-05 07:16:57+00:00,real,https://www.amazon.in/Pinnaclz-Original-Micro-USB-Charging/dp/B08R69VDHT/ref=sr_1_447?qid=1672903017&s=computers&sr=1-447,pinnaclz original combo of 2 micro usb fast charging cable usb charging cable for data transfer perfect for android smart phones 1 2 meter made in india,repeated_product_id_first_source_row_retained
amazon,987,B09RWZRCP1,"boAt Type C A750 Stress Resistant, Tangle-free, Sturdy Flat Cable with 6.5A Fast Charging & 480Mbps Data Transmission, 10000+ Bends Lifespan and Extended 1.5m Length(Rebellious Black)",999.0,399.0,INR,amazon:B09RWZRCP1,Computers&Accessories > Accessories&Peripherals > Cables&Accessories > Cables > USBCables,Computers&Accessories,Computers,source_tree,Computers&Accessories > Accessories&Peripherals > Cables&Accessories,4.1,1780.0,boAt,title_first_word,2023-01-05 07:16:57+00:00,real,https://www.amazon.in/boAt-A750-Tangle-free-Transmission-Rebellious/dp/B09RWZRCP1/ref=sr_1_449?qid=1672903017&s=computers&sr=1-449,boat type c a750 stress resistant tangle free sturdy flat cable with 6 5a fast charging 480mbps data transmission 10000 bends lifespan and extended 1 5m length,repeated_product_id_first_source_row_retained
amazon,992,B09CMP1SC8,"Ambrane 2 in 1 Type-C & Micro USB Cable with 60W / 3A Fast Charging, 480 mbps High Data, PD Technology & Quick Charge 3.0, Compatible with All Type-C & Micro USB Devices (ABDC-10, Black)",499.0,199.0,INR,amazon:B09CMP1SC8,Computers&Accessories > Accessories&Peripherals > Cables&Accessories > Cables > USBCables,Computers&Accessories,Computers,source_tree,Computers&Accessories > Accessories&Peripherals > Cables&Accessories,4.1,602.0,Ambrane,title_first_word,2023-01-05 07:16:57+00:00,real,https://www.amazon.in/Ambrane-ABDC-10-Charging-Transmission-Compatible/dp/B09CMP1SC8/ref=sr_1_454?qid=1672903017&s=computers&sr=1-454,ambrane 2 in 1 type c micro usb cable with 60w 3a fast charging 480 mbps high data pd technology quick charge 3 0 compatible with all type c micro usb devices,repeated_product_id_first_source_row_retained
amazon,994,B09YLXYP7Y,"Ambrane 60W / 3A Fast Charging Output Cable with Type-C to USB for Mobile, Neckband, True Wireless Earphone Charging, 480mbps Data Sync Speed, 1m Length (ACT - AZ10, Black)",399.0,179.0,INR,amazon:B09YLXYP7Y,Computers&Accessories > Accessories&Peripherals > Cables&Accessories > Cables > USBCables,Computers&Accessories,Computers,source_tree,Computers&Accessories > Accessories&Peripherals > Cables&Accessories,4.0,1423.0,Ambrane,title_first_word,2023-01-05 07:16:57+00:00,real,https://www.amazon.in/Ambrane-Charging-Neckband-Wireless-ACT/dp/B09YLXYP7Y/ref=sr_1_456?qid=1672903017&s=computers&sr=1-456,ambrane 60w 3a fast charging output cable with type c to usb for mobile neckband true wireless earphone charging 480mbps data sync speed 1m length,repeated_product_id_first_source_row_retained
amazon,1002,B0B2DJDCPX,"SWAPKART Fast Charging Cable and Data Sync USB Cable Compatible for iPhone 6/6S/7/7+/8/8+/10/11, 12, 13 Pro max iPad Air/Mini, iPod and iOS Devices (White)",499.0,209.0,INR,amazon:B0B2DJDCPX,Computers&Accessories > Accessories&Peripherals > Cables&Accessories > Cables > USBCables,Computers&Accessories,Computers,source_tree,Computers&Accessories > Accessories&Peripherals > Cables&Accessories,3.9,536.0,SWAPKART,title_first_word,2023-01-05 07:16:58+00:00,real,https://www.amazon.in/SWAPKART-Charging-Compatible-iPhone-Devices/dp/B0B2DJDCPX/ref=sr_1_465?qid=1672903018&s=computers&sr=1-465,swapkart fast charging cable and data sync usb cable compatible for iphone 6 6s 7 7 8 8 10 11 12 13 pro max ipad air mini ipod and ios devices,repeated_product_id_first_source_row_retained
amazon,1009,B0B9BXKBC7,"WeCool S5 Long Selfie Stick, with Large Reinforced Tripod Stand up to 61 Inch / 156 Cms, Ultra Long Multi Function Bluetooth Selfie Stick with 1/4 Screw Compatible with Gopro, Camera, and Ring Light",3999.0,1799.0,INR,amazon:B0B9BXKBC7,Electronics > Mobiles&Accessories > MobileAccessories > Photo&VideoAccessories > SelfieSticks,Electronics,Electronics,source_tree,Electronics > Mobiles&Accessories > MobileAccessories,4.6,245.0,WeCool,title_first_word,2023-01-05 07:16:59+00:00,real,https://www.amazon.in/WeCool-Reinforced-Function-Bluetooth-Compatible/dp/B0B9BXKBC7/ref=sr_1_484?qid=1672903019&s=computers&sr=1-484,wecool s5 long selfie stick with large reinforced tripod stand up to 61 inch 156 cms ultra long multi function bluetooth selfie stick with 1 4 screw compatible with gopro camera and ring light,repeated_product_id_first_source_row_retained
amazon,1012,B07GVGTSLN,"Wayona Usb Type C Fast Charger Cable Fast Charging Usb C Cable/Cord Compatible For Samsung Galaxy S10E S10 S9 S8 Plus S10+,Note 10 Note 9 Note 8,S20,M31S,M40,Realme X3,Pixel 2 Xl (3 Ft Pack Of 1,Grey)",1299.0,325.0,INR,amazon:B07GVGTSLN,Computers&Accessories > Accessories&Peripherals > Cables&Accessories > Cables > USBCables,Computers&Accessories,Computers,source_tree,Computers&Accessories > Accessories&Peripherals > Cables&Accessories,4.2,10576.0,Wayona,title_first_word,2023-01-05 07:16:59+00:00,real,https://www.amazon.in/Wayona-Cable-Braided-Charger-Smartphones/dp/B07GVGTSLN/ref=sr_1_487?qid=1672903019&s=computers&sr=1-487,wayona usb type c fast charger cable fast charging usb c cable cord compatible for samsung galaxy s10e s10 s9 s8 plus s10 note 10 note 9 note 8 s20 m31s m40 realme x3 pixel 2 xl,repeated_product_id_first_source_row_retained
amazon,1019,B0B9BD2YL4,"KINGONE Wireless Charging Pencil (2nd Generation) for iPad with Magnetic and Tilt Sensitive, Palm Rejection, Compatible with Apple iPad Pro 11 inch 1/2/3/4, iPad Pro 12.9 Inch 3/4/5/6, iPad Air 4/5, mini6",6999.0,2599.0,INR,amazon:B0B9BD2YL4,Electronics > Mobiles&Accessories > MobileAccessories > StylusPens,Electronics,Electronics,source_tree,Electronics > Mobiles&Accessories > MobileAccessories,4.5,1526.0,KINGONE,title_first_word,2023-01-05 07:16:59+00:00,real,https://www.amazon.in/Wireless-Generation-Sensitive-Rejection-Compatible/dp/B0B9BD2YL4/ref=sr_1_496?qid=1672903019&s=computers&sr=1-496,kingone wireless charging pencil for ipad with magnetic and tilt sensitive palm rejection compatible with apple ipad pro 11 inch 1 2 3 4 ipad pro 12 9 inch 3 4 5 6 ipad air 4 5 mini6,repeated_product_id_first_source_row_retained
amazon,1020,B0BMXMLSMM,"Lapster 65W compatible for OnePlus Dash Warp Charge Cable , type c to c cable fast charging Data Sync Cable Compatible with One Plus 10R / 9RT/ 9 pro/ 9R/ 8T/ 9/ Nord & for All Type C Devices – Red, 1 Meter",999.0,199.0,INR,amazon:B0BMXMLSMM,Computers&Accessories > Accessories&Peripherals > Cables&Accessories > Cables > USBCables,Computers&Accessories,Computers,source_tree,Computers&Accessories > Accessories&Peripherals > Cables&Accessories,4.5,127.0,Lapster,title_first_word,2023-01-05 07:16:59+00:00,real,https://www.amazon.in/Lapster-compatible-OnePlus-charging-Compatible/dp/B0BMXMLSMM/ref=sr_1_497?qid=1672903019&s=computers&sr=1-497,lapster 65w compatible for oneplus dash warp charge cable type c to c cable fast charging data sync cable compatible with one plus 10r 9rt 9 pro 9r 8t 9 nord for all type c devices 1 meter,repeated_product_id_first_source_row_retained
amazon,1021,B0141EZMAI,"Gizga Essentials USB WiFi Adapter for PC, 150 Mbps Wireless Network Adapter for Desktop - Nano Size WiFi Dongle Compatible with Windows, Mac OS & Linux Kernel | WPA/WPA2 Encryption Standards| Black",800.0,269.0,INR,amazon:B0141EZMAI,Computers&Accessories > NetworkingDevices > NetworkAdapters > WirelessUSBAdapters,Computers&Accessories,Computers,source_tree,Computers&Accessories > NetworkingDevices > NetworkAdapters,3.6,10134.0,Gizga,title_first_word,2023-01-05 07:16:59+00:00,real,https://www.amazon.in/Receiver-300Mbps-802-11b-Wireless-Network/dp/B0141EZMAI/ref=sr_1_498?qid=1672903019&s=computers&sr=1-498,gizga essentials usb wifi adapter for pc 150 mbps wireless network adapter for desktop nano size wifi dongle compatible with windows mac os linux kernel wpa wpa2 encryption standards,repeated_product_id_first_source_row_retained
flipkart,14,PSOEH3ZYYFETGCCD,Sicons All Purpose Tea Tree Dog Shampoo,,,INR,flipkart:PSOEH3ZYYFETGCCD,Pet Supplies > Grooming > Skin & Coat Care > Shampoo > Sicons All Purpose Tea Tree Dog Shampoo (200 ml),Pet Supplies,Other,source_tree,Pet Supplies > Grooming > Skin & Coat Care,,0.0,Sicons,source_field,2016-03-25 22:59:23+00:00,real,http://www.flipkart.com/sicons-all-purpose-tea-tree-dog-shampoo/p/itmeh3zyhfrgh3re?pid=PSOEH3ZYYFETGCCD,sicons all purpose tea tree dog shampoo,invalid_or_missing_price
flipkart,23,SRTEH2FD3ANFFMHP,Alisha Solid Women's Cycling Shorts,,,INR,flipkart:SRTEH2FD3ANFFMHP,"Clothing > Women's Clothing > Lingerie, Sleep & Swimwear > Shorts > Alisha Shorts > Alisha Solid Women's Cycling Shorts",Clothing,Clothing,source_tree,"Clothing > Women's Clothing > Lingerie, Sleep & Swimwear",,0.0,Alisha,source_field,2016-03-25 22:59:23+00:00,real,http://www.flipkart.com/alisha-solid-women-s-cycling-shorts/p/itmeh2fdc4esfsym?pid=SRTEH2FD3ANFFMHP,alisha solid women s cycling shorts,invalid_or_missing_price
flipkart,78,BTWEG6SHXTDB2A2Y,Eurospa Cotton Terry Face Towel Set,,,INR,flipkart:BTWEG6SHXTDB2A2Y,Baby Care > Baby Bath & Skin > Baby Bath Towels > Eurospa Baby Bath Towels > Eurospa Cotton Terry Face Towel Set (20 PIECE FA...,Baby Care,Baby and kids,source_tree,Baby Care > Baby Bath & Skin > Baby Bath Towels,,0.0,Eurospa,source_field,2016-04-30 03:22:56+00:00,real,http://www.flipkart.com/eurospa-cotton-terry-face-towel-set/p/itmeg6shbrpubhca?pid=BTWEG6SHXTDB2A2Y,eurospa cotton terry face towel set,invalid_or_missing_price
flipkart,814,TKSED5CFETHWMD6N,Fundoo T Printed Men's Track Suit,,,INR,flipkart:TKSED5CFETHWMD6N,Clothing > Men's Clothing > Sports Wear > Track Suits > Fundoo T Track Suits,Clothing,Clothing,source_tree,Clothing > Men's Clothing > Sports Wear,,0.0,,source_field,2016-01-06 18:20:45+00:00,real,http://www.flipkart.com/fundoo-t-printed-men-s-track-suit/p/itmed5cf8zvpc42a?pid=TKSED5CFETHWMD6N,fundoo t printed men s track suit,invalid_or_missing_price
flipkart,1320,CNSEH3GZGG6VYT54,Techware Microwavable Tea Cups WF13115 - Purple WF13115 - P,,,INR,flipkart:CNSEH3GZGG6VYT54,Kitchen & Dining > Dinnerware & Crockery > Cups & Saucers > Techware Cups & Saucers > Techware Microwavable Tea Cups WF13115 - Purple ...,Kitchen & Dining,Home and kitchen,source_tree,Kitchen & Dining > Dinnerware & Crockery > Cups & Saucers,,0.0,Techware,source_field,2016-03-25 15:39:25+00:00,real,http://www.flipkart.com/techware-microwavable-tea-cups-wf13115-purple-p/p/itmeh3gzfhkzfcgg?pid=CNSEH3GZGG6VYT54,techware microwavable tea cups wf13115 purple wf13115 p,invalid_or_missing_price
flipkart,1736,ACCDRFVG52PHVRSK,KolorFish Flip Cover for iPad Mini,,,INR,flipkart:ACCDRFVG52PHVRSK,Mobiles & Accessories > Tablet Accessories > Cases & Covers > KolorFish Cases & Covers,Mobiles & Accessories,Electronics,source_tree,Mobiles & Accessories > Tablet Accessories > Cases & Covers,,0.0,KolorFish,source_field,2016-01-01 10:55:30+00:00,real,http://www.flipkart.com/kolorfish-flip-cover-ipad-mini/p/itmdrfvznfdwhsxu?pid=ACCDRFVG52PHVRSK,kolorfish flip cover for ipad mini,invalid_or_missing_price
flipkart,2979,TROEGRPCFEJHN7RG,Bottoms More Regular Fit Women's Blue Trousers,,,INR,flipkart:TROEGRPCFEJHN7RG,Clothing > Women's Clothing > Fusion Wear > Trousers & Capris > Trousers > Bottoms More Trousers > Bottoms More Regular Fit Women's Blue Trousers,Clothing,Clothing,source_tree,Clothing > Women's Clothing > Fusion Wear,,0.0,Bottoms More,source_field,2016-06-01 21:37:14+00:00,real,http://www.flipkart.com/bottoms-more-regular-fit-women-s-blue-trousers/p/itmegrpcgca7edmg?pid=TROEGRPCFEJHN7RG,bottoms more regular fit women s trousers,invalid_or_missing_price
flipkart,3235,PTLEH3D4YC7QRK2S,BrandTrendz Cotton Solid Patiala,,,INR,flipkart:PTLEH3D4YC7QRK2S,Clothing > Women's Clothing > Ethnic Wear > Ethnic Bottoms > Patialas & Salwars > Patialas > BrandTrendz Patialas > BrandTrendz Cotton Solid Patiala,Clothing,Clothing,source_tree,Clothing > Women's Clothing > Ethnic Wear,,0.0,BrandTrendz,source_field,2016-03-25 17:27:56+00:00,real,http://www.flipkart.com/brandtrendz-cotton-solid-patiala/p/itmeh3d4ffs3snan?pid=PTLEH3D4YC7QRK2S,brandtrendz cotton solid patiala,invalid_or_missing_price
flipkart,3406,SHOE6VH4NXCGQH9U,Niremo Green Loafers,,,INR,flipkart:SHOE6VH4NXCGQH9U,Footwear > Women's Footwear > Casual Shoes > Loafers,Footwear,Footwear,source_tree,Footwear > Women's Footwear > Casual Shoes,,0.0,,source_field,2015-12-01 12:40:44+00:00,real,http://www.flipkart.com/niremo-green-loafers/p/itme6vh4sucrjbue?pid=SHOE6VH4NXCGQH9U,niremo loafers,invalid_or_missing_price
flipkart,3891,CRTECN2QW62MTXAJ,Allure Auto CM 839 Car Mat Toyota Corolla Altis,,,INR,flipkart:CRTECN2QW62MTXAJ,Automotive > Accessories & Spare parts > Car Interior & Exterior > Car Interior > Car Mats,Automotive,Automotive,source_tree,Automotive > Accessories & Spare parts > Car Interior & Exterior,,0.0,Allure Auto,source_field,2015-12-01 12:40:44+00:00,real,http://www.flipkart.com/allure-auto-cm-839-car-mat-toyota-corolla-altis/p/itmecn2qdyh3edzk?pid=CRTECN2QW62MTXAJ,allure auto cm 839 car mat toyota corolla altis,invalid_or_missing_price
flipkart,4592,NKCEBT6JFFUUF73P,Zaveri Pearls 18K Yellow Gold Plated Zinc Necklace,,,INR,flipkart:NKCEBT6JFFUUF73P,Jewellery > Necklaces & Chains > Necklaces,Jewellery,Jewellery,source_tree,Jewellery > Necklaces & Chains > Necklaces,,0.0,Zaveri Pearls,source_field,2015-12-01 12:40:44+00:00,real,http://www.flipkart.com/zaveri-pearls-18k-yellow-gold-plated-zinc-necklace/p/itmebt6jpxvdygh6?pid=NKCEBT6JFFUUF73P,zaveri pearls 18k yellow plated zinc necklace,invalid_or_missing_price
flipkart,5646,SHIEBWHS3JFEXUSK,Urban Monk Creations umcgramo Showpiece  -  28 cm,,,INR,flipkart:SHIEBWHS3JFEXUSK,Home Decor & Festive Needs > Showpieces > Ethnic > Urban Monk Creations Ethnic,Home Decor & Festive Needs,Home decor and furniture,source_tree,Home Decor & Festive Needs > Showpieces > Ethnic,,0.0,Urban Monk Creations,source_field,2015-12-01 06:13:00+00:00,real,http://www.flipkart.com/urban-monk-creations-umcgramo-showpiece-28-cm/p/itmebwhsecvqndrz?pid=SHIEBWHS3JFEXUSK,urban monk creations umcgramo showpiece 28 cm,invalid_or_missing_price
flipkart,5698,NKCDSCF3GCSWCNMP,Jewelizer Alloy Necklace,,,INR,flipkart:NKCDSCF3GCSWCNMP,Jewellery > Necklaces & Chains > Necklaces,Jewellery,Jewellery,source_tree,Jewellery > Necklaces & Chains > Necklaces,,0.0,Jewelizer,source_field,2015-12-01 06:13:00+00:00,real,http://www.flipkart.com/jewelizer-alloy-necklace/p/itmdscf4zjumzzf8?pid=NKCDSCF3GCSWCNMP,jewelizer alloy necklace,invalid_or_missing_price
flipkart,5969,NKCE9PFFZZJ2JUTG,Jewel Paradise Brass Plated Brass Necklace,,,INR,flipkart:NKCE9PFFZZJ2JUTG,Jewellery > Necklaces & Chains > Necklaces,Jewellery,Jewellery,source_tree,Jewellery > Necklaces & Chains > Necklaces,,0.0,Jewel Paradise,source_field,2015-12-01 06:13:00+00:00,real,http://www.flipkart.com/jewel-paradise-brass-plated-necklace/p/itme9pff5va9gv4t?pid=NKCE9PFFZZJ2JUTG,jewel paradise brass plated brass necklace,invalid_or_missing_price
flipkart,6250,SCHE5Z57FHVKZD3C,ABB Premium Make 6 One Way Electrical Switch,,,INR,flipkart:SCHE5Z57FHVKZD3C,Home Improvement > Electricals > Switches & Accessories > Switches & Dimmers,Home Improvement,Tools and home improvement,source_tree,Home Improvement > Electricals > Switches & Accessories,,0.0,ABB,source_field,2015-12-01 06:13:00+00:00,real,http://www.flipkart.com/abb-premium-make-6-one-way-electrical-switch/p/itme5z57mpmbnjba?pid=SCHE5Z57FHVKZD3C,abb premium make 6 one way electrical switch,invalid_or_missing_price
flipkart,6273,PBXECWKZHWRCZZPJ,FCS Magnetic with Double Sided Gift Cartoon Art Plastic Pencil Box,,,INR,flipkart:PBXECWKZHWRCZZPJ,Toys & School Supplies > School Supplies > Geometry & Pencil Boxes > FCS Geometry & Pencil Boxes,Toys & School Supplies,Baby and kids,source_tree,Toys & School Supplies > School Supplies > Geometry & Pencil Boxes,,0.0,,source_field,2015-12-01 06:13:00+00:00,real,http://www.flipkart.com/fcs-magnetic-double-sided-gift-cartoon-art-plastic-pencil-box/p/itmecwkzyeqgzybt?pid=PBXECWKZHWRCZZPJ,fcs magnetic with double sided gift cartoon art plastic pencil box,invalid_or_missing_price
flipkart,6603,RTRDP2GSUPHPTUDB,TP-LINK 150 Mbps Wireless AP/Client,,,INR,flipkart:RTRDP2GSUPHPTUDB,Computers > Network Components > Routers > TP-LINK Routers,Computers,Computers,source_tree,Computers > Network Components > Routers,,0.0,TP-LINK,source_field,2015-12-01 06:13:00+00:00,real,http://www.flipkart.com/tp-link-150-mbps-wireless-ap-client/p/itmdp2gvzf9hyanx?pid=RTRDP2GSUPHPTUDB,tp link 150 mbps wireless ap client,invalid_or_missing_price
flipkart,6876,NKCE3SGNWD4HZNYR,FemNmas Alloy Necklace,,,INR,flipkart:NKCE3SGNWD4HZNYR,Jewellery > Necklaces & Chains > Necklaces,Jewellery,Jewellery,source_tree,Jewellery > Necklaces & Chains > Necklaces,,0.0,FemNmas,source_field,2015-12-01 06:13:00+00:00,real,http://www.flipkart.com/femnmas-alloy-necklace/p/itme3sgnsutznkrt?pid=NKCE3SGNWD4HZNYR,femnmas alloy necklace,invalid_or_missing_price
flipkart,7398,NKCEFH7VNTHWSFKG,Fabulloso Alloy Choker,,,INR,flipkart:NKCEFH7VNTHWSFKG,Jewellery > Necklaces & Chains > Necklaces,Jewellery,Jewellery,source_tree,Jewellery > Necklaces & Chains > Necklaces,,0.0,Fabulloso,source_field,2015-12-01 06:13:00+00:00,real,http://www.flipkart.com/fabulloso-alloy-choker/p/itmefh7vsz8qgpdy?pid=NKCEFH7VNTHWSFKG,fabulloso alloy choker,invalid_or_missing_price
flipkart,7648,TSHEGC3QHEQSJXKB,Disney Printed Baby Boy's Hooded Grey T-Shirt,,,INR,flipkart:TSHEGC3QHEQSJXKB,Disney Printed Baby Boy's Hooded Grey T-Shirt,Disney Printed Baby Boy's Hooded Grey T-Shirt,Clothing,title_keywords,Unknown,,0.0,Disney,source_field,2016-05-07 21:30:45+00:00,real,http://www.flipkart.com/disney-printed-baby-boy-s-hooded-grey-t-shirt/p/itmeg9qkdz44krkb?pid=TSHEGC3QHEQSJXKB,disney printed baby boy s hooded t shirt,invalid_or_missing_price
flipkart,7727,ACCEJ6TEH8FYHEFG,Hako 85W Magsafe Laptop Charger For APPLE MacBook Pro 17 MC024XA 85 Adapter,,,INR,flipkart:ACCEJ6TEH8FYHEFG,Computers > Laptop Accessories > Laptop Adapters > Hako Laptop Adapters > Hako 85W Magsafe Laptop Charger For APPLE MacBoo...,Computers,Computers,source_tree,Computers > Laptop Accessories > Laptop Adapters,,0.0,Hako,source_field,2016-06-10 22:31:19+00:00,real,http://www.flipkart.com/hako-85w-magsafe-laptop-charger-apple-macbook-pro-17-mc024xa-85-adapter/p/itmej6tejgnfrpmr?pid=ACCEJ6TEH8FYHEFG,hako 85w magsafe laptop charger for apple macbook pro 17 mc024xa 85 adapter,invalid_or_missing_price
flipkart,7771,ACCEJ6TESY7AFT5W,"Hako 60W Magsafe1 Laptop Charger For APPLE MacBook Pro 13"" MB990 MAGSAFE 60 Adapter",2399.0,1799.0,INR,flipkart:ACCEJ6TESY7AFT5W,Computers > Laptop Accessories > Laptop Adapters > Hako Laptop Adapters > Hako 60W Magsafe1 Laptop Charger For APPLE MacBo...,Computers,Computers,source_tree,Computers > Laptop Accessories > Laptop Adapters,,0.0,Hako,source_field,2016-06-16 06:18:58+00:00,real,http://www.flipkart.com/hako-60w-magsafe1-laptop-charger-apple-macbook-pro-13-mb990-magsafe-60-adapter/p/itmej6tehzrcgzdv?pid=ACCEJ6TESY7AFT5W,hako 60w magsafe1 laptop charger for apple macbook pro 13 mb990 magsafe 60 adapter,repeated_product_id_first_source_row_retained
flipkart,8029,JEAEG7CFYNZDJEVD,fourgee Slim Fit Boy's Black Jeans,,,INR,flipkart:JEAEG7CFYNZDJEVD,fourgee Slim Fit Boy's Black Jeans,fourgee Slim Fit Boy's Black Jeans,Clothing,title_keywords,Unknown,,0.0,fourgee,source_field,2016-05-05 06:42:02+00:00,real,http://www.flipkart.com/fourgee-slim-fit-boy-s-black-jeans/p/itmeg7cf2xa9vznh?pid=JEAEG7CFYNZDJEVD,fourgee slim fit boy s jeans,invalid_or_missing_price
flipkart,8042,DIAEG6272U4HAGHC,INKT INKT A5 Wiro Notebook A5 Notebook Ring Bound,,,INR,flipkart:DIAEG6272U4HAGHC,INKT INKT A5 Wiro Notebook A5 Notebook Ring Boun...,INKT INKT A5 Wiro Notebook A5 Notebook Ring Boun...,Jewellery,title_keywords,Unknown,,0.0,INKT,source_field,2016-04-28 13:28:31+00:00,real,http://www.flipkart.com/inkt-a5-wiro-notebook-ring-bound/p/itmeg627nz8hyh6f?pid=DIAEG6272U4HAGHC,inkt inkt a5 wiro notebook a5 notebook ring bound,invalid_or_missing_price
flipkart,8119,CTTEH9FXZHGFKUA3,Vetra E00TY85 Multifunction Car Tray For Chevrolet UVA Cup Holder Car Tray Table,,,INR,flipkart:CTTEH9FXZHGFKUA3,Automotive > Accessories & Spare parts > Car Interior & Exterior > Car Interior > Car Tray Tables > Vetra E00TY85 Multifunction Car Tray For Chevrol...,Automotive,Automotive,source_tree,Automotive > Accessories & Spare parts > Car Interior & Exterior,,0.0,Vetra,source_field,2016-04-16 13:01:18+00:00,real,http://www.flipkart.com/vetra-e00ty85-multifunction-car-tray-chevrolet-uva-cup-holder-table/p/itmeh9fxkjebw5d2?pid=CTTEH9FXZHGFKUA3,vetra e00ty85 multifunction car tray for chevrolet uva cup holder car tray table,invalid_or_missing_price
flipkart,8178,BRAEGGPYTPBPJ3AD,Monmione Women's Push-up Bra,,,INR,flipkart:BRAEGGPYTPBPJ3AD,Clothing > Women's Clothing > Sports & Gym Wear > Sports Bras > Monmione Sports Bras > Monmione Women's Push-up Bra,Clothing,Clothing,source_tree,Clothing > Women's Clothing > Sports & Gym Wear,,0.0,Monmione,source_field,2016-06-10 11:36:05+00:00,real,http://www.flipkart.com/monmione-women-s-push-up-bra/p/itmeggpykve5t7en?pid=BRAEGGPYTPBPJ3AD,monmione women s push up bra,invalid_or_missing_price
flipkart,8189,PCSE55G4ADFVEYWJ,Suntree Garden Plant Container Set,,,INR,flipkart:PCSE55G4ADFVEYWJ,Tools & Hardware > Tools > Gardening Tools > Plant Containers & Sets > Plant Container Sets,Tools & Hardware,Tools and home improvement,source_tree,Tools & Hardware > Tools > Gardening Tools,,0.0,Suntree,source_field,2016-01-07 05:50:25+00:00,real,http://www.flipkart.com/suntree-garden-plant-container-set/p/itme55g8zkzmhng7?pid=PCSE55G4ADFVEYWJ,suntree garden plant container set,invalid_or_missing_price
flipkart,8192,PCSDY5AFCZVXTMV3,Joy Living Garden Plant Container Set,,,INR,flipkart:PCSDY5AFCZVXTMV3,Tools & Hardware > Tools > Gardening Tools > Plant Containers & Sets > Plant Container Sets,Tools & Hardware,Tools and home improvement,source_tree,Tools & Hardware > Tools > Gardening Tools,,0.0,Joy Living,source_field,2016-01-07 05:50:25+00:00,real,http://www.flipkart.com/joy-living-garden-plant-container-set/p/itmdy5axrhr42dds?pid=PCSDY5AFCZVXTMV3,joy living garden plant container set,invalid_or_missing_price
flipkart,8269,ACCDR3Z6KVFHCZQA,Exilient Aspire 5220 5710 6 Cell Laptop Battery,,,INR,flipkart:ACCDR3Z6KVFHCZQA,Computers > Laptop Accessories > Batteries > Exilient Batteries,Computers,Computers,source_tree,Computers > Laptop Accessories > Batteries,,0.0,Exilient,source_field,2016-01-07 05:50:25+00:00,real,http://www.flipkart.com/exilient-aspire-5220-5710-6-cell-laptop-battery/p/itmdr3zztvpy2gd4?pid=ACCDR3Z6KVFHCZQA,exilient aspire 5220 5710 6 cell laptop battery,invalid_or_missing_price
flipkart,8385,PAEE8G6NHEZMBWGH,Divine Tree Tomato Vegetable Seed,,,INR,flipkart:PAEE8G6NHEZMBWGH,Home Improvement > Lawn & Gardening > Plants > Plant Seeds,Home Improvement,Tools and home improvement,source_tree,Home Improvement > Lawn & Gardening > Plants,,0.0,Divine Tree,source_field,2016-01-07 05:50:25+00:00,real,http://www.flipkart.com/divine-tree-tomato-vegetable-seed/p/itme8g6ngmydr5tm?pid=PAEE8G6NHEZMBWGH,divine tree tomato vegetable seed,invalid_or_missing_price
flipkart,8450,PCSE55G4NFW3DUS3,Suntree Garden Plant Container Set,,,INR,flipkart:PCSE55G4NFW3DUS3,Tools & Hardware > Tools > Gardening Tools > Plant Containers & Sets > Plant Container Sets,Tools & Hardware,Tools and home improvement,source_tree,Tools & Hardware > Tools > Gardening Tools,,0.0,Suntree,source_field,2016-01-07 05:50:25+00:00,real,http://www.flipkart.com/suntree-garden-plant-container-set/p/itme55g8dgrr4g3v?pid=PCSE55G4NFW3DUS3,suntree garden plant container set,invalid_or_missing_price
flipkart,8502,PCSE55G4YBUXMBJK,Suntree Garden Plant Container Set,,,INR,flipkart:PCSE55G4YBUXMBJK,Tools & Hardware > Tools > Gardening Tools > Plant Containers & Sets > Plant Container Sets,Tools & Hardware,Tools and home improvement,source_tree,Tools & Hardware > Tools > Gardening Tools,,0.0,Suntree,source_field,2016-01-07 05:50:25+00:00,real,http://www.flipkart.com/suntree-garden-plant-container-set/p/itme55g8gzjzz6yz?pid=PCSE55G4YBUXMBJK,suntree garden plant container set,invalid_or_missing_price
flipkart,8920,WATDKB7JEE3WAZUE,"Fastrack ND3062PP08 Tees Analog Watch  - For Men, Women",,,INR,flipkart:WATDKB7JEE3WAZUE,Watches > Wrist Watches > Fastrack Wrist Watches,Watches,Fashion accessories,source_tree,Watches > Wrist Watches > Fastrack Wrist Watches,4.3,,,source_field,2016-01-07 05:50:25+00:00,real,http://www.flipkart.com/fastrack-nd3062pp08-tees-analog-watch-men-women/p/itmdkb7zdxwfcvay?pid=WATDKB7JEE3WAZUE,fastrack nd3062pp08 tees analog watch for men women,invalid_or_missing_price
flipkart,9071,WATD9H76PTHAUCHY,Maxima 19884LMLI Swarovski Analog Watch  - For Women,,,INR,flipkart:WATD9H76PTHAUCHY,Watches > Wrist Watches > Maxima Wrist Watches,Watches,Fashion accessories,source_tree,Watches > Wrist Watches > Maxima Wrist Watches,2.0,,,source_field,2016-01-07 05:50:25+00:00,real,http://www.flipkart.com/maxima-19884lmli-swarovski-analog-watch-women/p/itmd9gjfguhdqbzb?pid=WATD9H76PTHAUCHY,maxima 19884lmli swarovski analog watch for women,invalid_or_missing_price
flipkart,9421,JEAEGE8Q8GXYFTGU,TIMBERLAKE Slim Fit Fit Women's Blue Jeans,1499.0,1099.0,INR,flipkart:JEAEGE8Q8GXYFTGU,Clothing > Women's Clothing > TIMBERLAKE Women's Clothing > TIMBERLAKE Slim Fit Fit Women's Blue Jeans,Clothing,Clothing,source_tree,Clothing > Women's Clothing > TIMBERLAKE Women's Clothing,,0.0,TIMBERLAKE,source_field,2016-05-10 11:57:25+00:00,real,http://www.flipkart.com/timberlake-slim-fit-women-s-blue-jeans/p/itmege8qnkerdrnh?pid=JEAEGE8Q8GXYFTGU,timberlake slim fit fit women s jeans,repeated_product_id_first_source_row_retained
flipkart,10119,LJGEADB7NMFZEFW4,Bottoms More Women's Leggings,,,INR,flipkart:LJGEADB7NMFZEFW4,Clothing > Women's Clothing > Western Wear > Leggings & Jeggings > Leggings & Jeggings > Bottoms More Leggings & Jeggings,Clothing,Clothing,source_tree,Clothing > Women's Clothing > Western Wear,,0.0,,source_field,2016-01-07 04:32:43+00:00,real,http://www.flipkart.com/bottoms-more-women-s-leggings/p/itmeacggjpqcrekx?pid=LJGEADB7NMFZEFW4,bottoms more women s leggings,invalid_or_missing_price
flipkart,10137,BRAE6TUC3XVE4ZTH,Docare Trendy Women's Full Coverage Bra,,,INR,flipkart:BRAE6TUC3XVE4ZTH,"Clothing > Women's Clothing > Lingerie, Sleep & Swimwear > Bras > Docare Bras",Clothing,Clothing,source_tree,"Clothing > Women's Clothing > Lingerie, Sleep & Swimwear",2.5,,Red,source_field,2016-01-07 04:32:43+00:00,real,http://www.flipkart.com/docare-trendy-women-s-full-coverage-bra/p/itme6tuc8fazefgm?pid=BRAE6TUC3XVE4ZTH,docare trendy women s full coverage bra,invalid_or_missing_price
flipkart,10274,STIEGGHFHXMJQZBG,Ddreamz Small PVC Vinyl Sticker,,,INR,flipkart:STIEGGHFHXMJQZBG,Home Decor & Festive Needs > Wall Decor & Clocks > Wall Decals & Stickers > Ddreamz Wall Decals & Stickers > Ddreamz Small PVC Vinyl Sticker (Pack of 1),Home Decor & Festive Needs,Home decor and furniture,source_tree,Home Decor & Festive Needs > Wall Decor & Clocks > Wall Decals & Stickers,,0.0,Ddreamz,source_field,2016-03-07 19:42:22+00:00,real,http://www.flipkart.com/ddreamz-small-pvc-vinyl-sticker/p/itmegghfzyvzpnza?pid=STIEGGHFHXMJQZBG,ddreamz small pvc vinyl sticker,invalid_or_missing_price
flipkart,10671,BCHEG2BGEMDXW7HP,Anuradha Art Silver Polished Brooch,,,INR,flipkart:BCHEG2BGEMDXW7HP,Jewellery > Accessories > Brooches > Anuradha Art Silver Polished Brooch (Gold),Jewellery,Jewellery,source_tree,Jewellery > Accessories > Brooches,,0.0,Anuradha Art,source_field,2016-02-28 10:36:58+00:00,real,http://www.flipkart.com/anuradha-art-silver-polished-brooch/p/itmeg2bgxnj7kffg?pid=BCHEG2BGEMDXW7HP,anuradha art polished brooch,invalid_or_missing_price
flipkart,10747,DREEG6E9AZQN9GCK,"Chokree Baby Girl's, Girl's A-line Dress",,,INR,flipkart:DREEG6E9AZQN9GCK,"Baby Care > Infant Wear > Baby Girls' Clothes > Dresses & Skirts > Dresses > Chokree Dresses > Chokree Baby Girl's, Girl's A-line Dress",Baby Care,Baby and kids,source_tree,Baby Care > Infant Wear > Baby Girls' Clothes,,0.0,Chokree,source_field,2016-04-29 11:45:32+00:00,real,http://www.flipkart.com/chokree-baby-girl-s-girl-s-a-line-dress/p/itmeg6e9jk4hvkra?pid=DREEG6E9AZQN9GCK,chokree baby girl s girl s a line dress,invalid_or_missing_price
flipkart,11074,ACCDPVK6QYCSYYGF,Pearstone NP-95  Camera Battery Charger,,,INR,flipkart:ACCDPVK6QYCSYYGF,Cameras & Accessories > Camera Accessories > Battery chargers > Pearstone Battery chargers,Cameras & Accessories,Electronics,source_tree,Cameras & Accessories > Camera Accessories > Battery chargers,,0.0,Pearstone,source_field,2015-12-31 09:19:31+00:00,real,http://www.flipkart.com/pearstone-np-95-camera-battery-charger/p/itmdpvk7hgmzmusu?pid=ACCDPVK6QYCSYYGF,pearstone np 95 camera battery charger,invalid_or_missing_price
flipkart,11120,BLBEDKV9XHJFRF7H,Big Balaji 5 W LED 5W Bulb White Pack Of 3 Bulb,,,INR,flipkart:BLBEDKV9XHJFRF7H,Kitchen & Dining > Lighting > Bulbs > Big Balaji Bulbs,Kitchen & Dining,Home and kitchen,source_tree,Kitchen & Dining > Lighting > Bulbs,,0.0,Big Balaji,source_field,2015-12-31 09:19:31+00:00,real,http://www.flipkart.com/big-balaji-5-w-led-5w-bulb-white-pack-3/p/itmedkv9zwx4cbgv?pid=BLBEDKV9XHJFRF7H,big balaji 5 w led 5w bulb pack of 3 bulb,invalid_or_missing_price
flipkart,11321,ACCDPVK6M5GKJVAU,Pearstone LP-E10  Camera Battery Charger,,,INR,flipkart:ACCDPVK6M5GKJVAU,Cameras & Accessories > Camera Accessories > Battery chargers > Pearstone Battery chargers,Cameras & Accessories,Electronics,source_tree,Cameras & Accessories > Camera Accessories > Battery chargers,,0.0,Pearstone,source_field,2015-12-31 09:19:31+00:00,real,http://www.flipkart.com/pearstone-lp-e10-camera-battery-charger/p/itmdpvk7utfujjvg?pid=ACCDPVK6M5GKJVAU,pearstone lp e10 camera battery charger,invalid_or_missing_price
flipkart,11339,ACCDPVK6UAGNM9ER,Pearstone D-Li78  Camera Battery Charger,,,INR,flipkart:ACCDPVK6UAGNM9ER,Cameras & Accessories > Camera Accessories > Battery chargers > Pearstone Battery chargers,Cameras & Accessories,Electronics,source_tree,Cameras & Accessories > Camera Accessories > Battery chargers,,0.0,Pearstone,source_field,2015-12-31 09:19:31+00:00,real,http://www.flipkart.com/pearstone-d-li78-camera-battery-charger/p/itmdpvk7gyq9b4f7?pid=ACCDPVK6UAGNM9ER,pearstone d li78 camera battery charger,invalid_or_missing_price
flipkart,11381,ACCDS4Z2WNYKNVE9,Tyfy NP-20 AC  Camera Battery Charger,,,INR,flipkart:ACCDS4Z2WNYKNVE9,Cameras & Accessories > Camera Accessories > Battery chargers > Tyfy Battery chargers,Cameras & Accessories,Electronics,source_tree,Cameras & Accessories > Camera Accessories > Battery chargers,,0.0,Tyfy,source_field,2015-12-31 09:19:31+00:00,real,http://www.flipkart.com/tyfy-np-20-ac-camera-battery-charger/p/itmds4z2bvghjzyh?pid=ACCDS4Z2WNYKNVE9,tyfy np 20 ac camera battery charger,invalid_or_missing_price
flipkart,11385,ACCDS4Z2EQNPWZ4J,Tyfy CGA-DU21 AC  Camera Battery Charger,,,INR,flipkart:ACCDS4Z2EQNPWZ4J,Cameras & Accessories > Camera Accessories > Battery chargers > Tyfy Battery chargers,Cameras & Accessories,Electronics,source_tree,Cameras & Accessories > Camera Accessories > Battery chargers,,0.0,Tyfy,source_field,2015-12-31 09:19:31+00:00,real,http://www.flipkart.com/tyfy-cga-du21-ac-camera-battery-charger/p/itmds4z2ezggmf9q?pid=ACCDS4Z2EQNPWZ4J,tyfy cga du21 ac camera battery charger,invalid_or_missing_price
flipkart,11395,ACCDPVK6C3HH5QYH,Pearstone CGA-S005  Camera Battery Charger,,,INR,flipkart:ACCDPVK6C3HH5QYH,Cameras & Accessories > Camera Accessories > Battery chargers > Pearstone Battery chargers,Cameras & Accessories,Electronics,source_tree,Cameras & Accessories > Camera Accessories > Battery chargers,,0.0,Pearstone,source_field,2015-12-31 09:19:31+00:00,real,http://www.flipkart.com/pearstone-cga-s005-camera-battery-charger/p/itmdpvk7qxgrtzbg?pid=ACCDPVK6C3HH5QYH,pearstone cga s005 camera battery charger,invalid_or_missing_price
flipkart,11422,ACCDS4Z2H6JMPYZU,Tyfy LI-40B AC  Camera Battery Charger,,,INR,flipkart:ACCDS4Z2H6JMPYZU,Cameras & Accessories > Camera Accessories > Battery chargers > Tyfy Battery chargers,Cameras & Accessories,Electronics,source_tree,Cameras & Accessories > Camera Accessories > Battery chargers,,0.0,Tyfy,source_field,2015-12-31 09:19:31+00:00,real,http://www.flipkart.com/tyfy-li-40b-ac-camera-battery-charger/p/itmds4z2hnbguhyy?pid=ACCDS4Z2H6JMPYZU,tyfy li 40b ac camera battery charger,invalid_or_missing_price
flipkart,11434,ACCDQD9KUXKHGYGN,Pico PS-BLM1  Camera Battery Charger,,,INR,flipkart:ACCDQD9KUXKHGYGN,Cameras & Accessories > Camera Accessories > Battery chargers > Pico Battery chargers,Cameras & Accessories,Electronics,source_tree,Cameras & Accessories > Camera Accessories > Battery chargers,,0.0,Pico,source_field,2015-12-31 09:19:31+00:00,real,http://www.flipkart.com/pico-ps-blm1-camera-battery-charger/p/itmdqd9kqgq9jbbj?pid=ACCDQD9KUXKHGYGN,pico ps blm1 camera battery charger,invalid_or_missing_price
flipkart,11501,ACCDPVK64SBRJMPW,Pearstone EN-EL2  Camera Battery Charger,,,INR,flipkart:ACCDPVK64SBRJMPW,Cameras & Accessories > Camera Accessories > Battery chargers > Pearstone Battery chargers,Cameras & Accessories,Electronics,source_tree,Cameras & Accessories > Camera Accessories > Battery chargers,,0.0,Pearstone,source_field,2015-12-31 09:19:31+00:00,real,http://www.flipkart.com/pearstone-en-el2-camera-battery-charger/p/itmdpvk72sut3ftg?pid=ACCDPVK64SBRJMPW,pearstone en el2 camera battery charger,invalid_or_missing_price
flipkart,11569,TOPE89KYQKFFNV7Q,Allen Solly Casual Sleeveless Striped Women's Top,,,INR,flipkart:TOPE89KYQKFFNV7Q,"Clothing > Women's Clothing > Western Wear > Shirts, Tops & Tunics > Tops > Allen Solly Tops",Clothing,Clothing,source_tree,Clothing > Women's Clothing > Western Wear,,0.0,,source_field,2015-12-31 09:19:31+00:00,real,http://www.flipkart.com/allen-solly-casual-sleeveless-striped-women-s-top/p/itme89kyjmzvswpx?pid=TOPE89KYQKFFNV7Q,allen solly casual sleeveless striped women s top,invalid_or_missing_price
flipkart,11684,SNRDKUGHD4EUB5KY,L 'Oreal Paris UV Perfect - Transparent Skin - SPF 50,,,INR,flipkart:SNRDKUGHD4EUB5KY,Beauty and Personal Care > Body and Skin Care > Face Care > Sunscreen > L 'Oreal Paris Sunscreen,Beauty and Personal Care,Personal care,source_tree,Beauty and Personal Care > Body and Skin Care > Face Care,,0.0,,source_field,2015-12-31 09:19:31+00:00,real,http://www.flipkart.com/l-oreal-paris-uv-perfect-transparent-skin-spf-50/p/itmdnk2gfzzqmywh?pid=SNRDKUGHD4EUB5KY,l oreal paris uv perfect transparent skin spf 50,invalid_or_missing_price
flipkart,11963,SHTE9WH3KDHUZYF6,India Inc Women's Solid Casual Shirt,,,INR,flipkart:SHTE9WH3KDHUZYF6,"Clothing > Women's Clothing > Western Wear > Shirts, Tops & Tunics > Shirts > India Inc Shirts",Clothing,Clothing,source_tree,Clothing > Women's Clothing > Western Wear,5.0,,Slim,source_field,2015-12-30 00:17:46+00:00,real,http://www.flipkart.com/india-inc-women-s-solid-casual-shirt/p/itme9wh2zg46hjvz?pid=SHTE9WH3KDHUZYF6,india inc women s solid casual shirt,invalid_or_missing_price
flipkart,11964,SHTEAP5YZXNFQFXR,India Inc Women's Solid Casual Shirt,,,INR,flipkart:SHTEAP5YZXNFQFXR,"Clothing > Women's Clothing > Western Wear > Shirts, Tops & Tunics > Shirts > India Inc Shirts",Clothing,Clothing,source_tree,Clothing > Women's Clothing > Western Wear,,0.0,Regular Fit,source_field,2015-12-30 00:17:46+00:00,real,http://www.flipkart.com/india-inc-women-s-solid-casual-shirt/p/itmeap5yctdqp3yt?pid=SHTEAP5YZXNFQFXR,india inc women s solid casual shirt,invalid_or_missing_price
flipkart,11983,SHTECK4DMAVNXHXR,India Inc Women's Polka Print Casual Shirt,,,INR,flipkart:SHTECK4DMAVNXHXR,"Clothing > Women's Clothing > Western Wear > Shirts, Tops & Tunics > Shirts > India Inc Shirts",Clothing,Clothing,source_tree,Clothing > Women's Clothing > Western Wear,,0.0,Slim,source_field,2015-12-30 00:17:46+00:00,real,http://www.flipkart.com/india-inc-women-s-polka-print-casual-shirt/p/itmeck4dzhknyz8v?pid=SHTECK4DMAVNXHXR,india inc women s polka print casual shirt,invalid_or_missing_price
flipkart,12054,SHTECJD8TJVXKHHG,India Inc Women's Floral Print Casual Shirt,,,INR,flipkart:SHTECJD8TJVXKHHG,"Clothing > Women's Clothing > Western Wear > Shirts, Tops & Tunics > Shirts > India Inc Shirts",Clothing,Clothing,source_tree,Clothing > Women's Clothing > Western Wear,,0.0,Regular,source_field,2015-12-30 00:17:46+00:00,real,http://www.flipkart.com/india-inc-women-s-floral-print-casual-shirt/p/itmecjd8ghhzcdzk?pid=SHTECJD8TJVXKHHG,india inc women s floral print casual shirt,invalid_or_missing_price
flipkart,12122,SHTEAP5YSXTDQANY,India Inc Women's Printed Casual Shirt,,,INR,flipkart:SHTEAP5YSXTDQANY,"Clothing > Women's Clothing > Western Wear > Shirts, Tops & Tunics > Shirts > India Inc Shirts",Clothing,Clothing,source_tree,Clothing > Women's Clothing > Western Wear,,0.0,Regular Fit,source_field,2015-12-30 00:17:46+00:00,real,http://www.flipkart.com/india-inc-women-s-printed-casual-shirt/p/itmeap5y7jhwpyk4?pid=SHTEAP5YSXTDQANY,india inc women s printed casual shirt,invalid_or_missing_price
flipkart,12228,SHTECNEZXFJAZHZ4,India Inc Women's Printed Casual Shirt,,,INR,flipkart:SHTECNEZXFJAZHZ4,"Clothing > Women's Clothing > Western Wear > Shirts, Tops & Tunics > Shirts > India Inc Shirts",Clothing,Clothing,source_tree,Clothing > Women's Clothing > Western Wear,,0.0,Slim,source_field,2015-12-30 00:17:46+00:00,real,http://www.flipkart.com/india-inc-women-s-printed-casual-shirt/p/itmecneznqw2mwef?pid=SHTECNEZXFJAZHZ4,india inc women s printed casual shirt,invalid_or_missing_price
flipkart,12276,SHTE8NHJQZBGBZSZ,India Inc Women's Embroidered Casual Shirt,,,INR,flipkart:SHTE8NHJQZBGBZSZ,"Clothing > Women's Clothing > Western Wear > Shirts, Tops & Tunics > Shirts > India Inc Shirts",Clothing,Clothing,source_tree,Clothing > Women's Clothing > Western Wear,,0.0,Slim,source_field,2015-12-30 00:17:46+00:00,real,http://www.flipkart.com/india-inc-women-s-embroidered-casual-shirt/p/itme8nhjmmqv5fgd?pid=SHTE8NHJQZBGBZSZ,india inc women s embroidered casual shirt,invalid_or_missing_price
flipkart,12338,SHTE8YZWGRGDYEZQ,India Inc Women's Solid Casual Shirt,,,INR,flipkart:SHTE8YZWGRGDYEZQ,"Clothing > Women's Clothing > Western Wear > Shirts, Tops & Tunics > Shirts > India Inc Shirts",Clothing,Clothing,source_tree,Clothing > Women's Clothing > Western Wear,5.0,,Regular,source_field,2015-12-30 00:17:46+00:00,real,http://www.flipkart.com/india-inc-women-s-solid-casual-shirt/p/itme8yzv5zjndxfj?pid=SHTE8YZWGRGDYEZQ,india inc women s solid casual shirt,invalid_or_missing_price
flipkart,12397,SHTEBWXXAEUTX7TA,Leelan Women's Solid Casual Shirt,,,INR,flipkart:SHTEBWXXAEUTX7TA,"Clothing > Women's Clothing > Western Wear > Shirts, Tops & Tunics > Shirts > Leelan Shirts",Clothing,Clothing,source_tree,Clothing > Women's Clothing > Western Wear,,0.0,Comfortable Fit,source_field,2015-12-30 00:17:46+00:00,real,http://www.flipkart.com/leelan-women-s-solid-casual-shirt/p/itmebwxxzsvgpxmh?pid=SHTEBWXXAEUTX7TA,leelan women s solid casual shirt,invalid_or_missing_price
flipkart,12398,SHTE7YQMZNPDNFCZ,India Inc Women's Solid Casual Shirt,,,INR,flipkart:SHTE7YQMZNPDNFCZ,"Clothing > Women's Clothing > Western Wear > Shirts, Tops & Tunics > Shirts > India Inc Shirts",Clothing,Clothing,source_tree,Clothing > Women's Clothing > Western Wear,,0.0,Regular,source_field,2015-12-30 00:17:46+00:00,real,http://www.flipkart.com/india-inc-women-s-solid-casual-shirt/p/itme7yqmazsqrq8w?pid=SHTE7YQMZNPDNFCZ,india inc women s solid casual shirt,invalid_or_missing_price
flipkart,12403,BBAE7AGX9CTCWX3W,Ethnic Jewels Alloy Yellow Gold Bangle Set,,,INR,flipkart:BBAE7AGX9CTCWX3W,"Jewellery > Bangles, Bracelets & Armlets > Bangles",Jewellery,Jewellery,source_tree,"Jewellery > Bangles, Bracelets & Armlets > Bangles",1.0,,Ethnic Jewels,source_field,2015-12-30 00:17:46+00:00,real,http://www.flipkart.com/ethnic-jewels-alloy-yellow-gold-bangle-set/p/itme7agxkhgbsngq?pid=BBAE7AGX9CTCWX3W,ethnic jewels alloy yellow bangle set,invalid_or_missing_price
flipkart,12435,SHTED87SZDKZSCUH,India Inc Women's Printed Casual Shirt,,,INR,flipkart:SHTED87SZDKZSCUH,"Clothing > Women's Clothing > Western Wear > Shirts, Tops & Tunics > Shirts > India Inc Shirts",Clothing,Clothing,source_tree,Clothing > Women's Clothing > Western Wear,,0.0,Normal Fit,source_field,2015-12-30 00:17:46+00:00,real,http://www.flipkart.com/india-inc-women-s-printed-casual-shirt/p/itmed87shfmbfuyz?pid=SHTED87SZDKZSCUH,india inc women s printed casual shirt,invalid_or_missing_price
flipkart,12543,SHTECJD8YE5MGS34,India Inc Women's Printed Casual Shirt,,,INR,flipkart:SHTECJD8YE5MGS34,"Clothing > Women's Clothing > Western Wear > Shirts, Tops & Tunics > Shirts > India Inc Shirts",Clothing,Clothing,source_tree,Clothing > Women's Clothing > Western Wear,,0.0,Regular,source_field,2015-12-30 00:17:46+00:00,real,http://www.flipkart.com/india-inc-women-s-printed-casual-shirt/p/itmecjd86znt9tqt?pid=SHTECJD8YE5MGS34,india inc women s printed casual shirt,invalid_or_missing_price
flipkart,12574,SHTECJD8ZSGG6N5F,India Inc Women's Striped Casual Shirt,,,INR,flipkart:SHTECJD8ZSGG6N5F,"Clothing > Women's Clothing > Western Wear > Shirts, Tops & Tunics > Shirts > India Inc Shirts",Clothing,Clothing,source_tree,Clothing > Women's Clothing > Western Wear,,0.0,Regular,source_field,2015-12-30 00:17:46+00:00,real,http://www.flipkart.com/india-inc-women-s-striped-casual-shirt/p/itmecjd8mnzx2pbn?pid=SHTECJD8ZSGG6N5F,india inc women s striped casual shirt,invalid_or_missing_price
flipkart,12692,SHTEAP5YP4TNNNHE,India Inc Women's Floral Print Casual Shirt,,,INR,flipkart:SHTEAP5YP4TNNNHE,"Clothing > Women's Clothing > Western Wear > Shirts, Tops & Tunics > Shirts > India Inc Shirts",Clothing,Clothing,source_tree,Clothing > Women's Clothing > Western Wear,1.0,,Regular Fit,source_field,2015-12-30 00:17:46+00:00,real,http://www.flipkart.com/india-inc-women-s-floral-print-casual-shirt/p/itmeap5yhbfyafdn?pid=SHTEAP5YP4TNNNHE,india inc women s floral print casual shirt,invalid_or_missing_price
flipkart,12736,SHTED9WFZ5QVCXHV,India Inc Women's Embroidered Casual Shirt,,,INR,flipkart:SHTED9WFZ5QVCXHV,"Clothing > Women's Clothing > Western Wear > Shirts, Tops & Tunics > Shirts > India Inc Shirts",Clothing,Clothing,source_tree,Clothing > Women's Clothing > Western Wear,,0.0,Normal Fit,source_field,2015-12-30 00:17:46+00:00,real,http://www.flipkart.com/india-inc-women-s-embroidered-casual-shirt/p/itmed87s3qbwjfgr?pid=SHTED9WFZ5QVCXHV,india inc women s embroidered casual shirt,invalid_or_missing_price
flipkart,12935,RNGDXXB6SZYFAVN4,Caratcents Gold Diamond Yellow Gold 14 K Ring,,,INR,flipkart:RNGDXXB6SZYFAVN4,Jewellery > Rings,Jewellery,Jewellery,source_tree,Jewellery > Rings,,0.0,Caratcents,source_field,2016-01-01 19:37:22+00:00,real,http://www.flipkart.com/caratcents-gold-diamond-yellow-14-k-ring/p/itmdxxb6uakzuarb?pid=RNGDXXB6SZYFAVN4,caratcents diamond yellow 14 k ring,invalid_or_missing_price
flipkart,13125,BKPEY9TNHRGN9HRM,Rock Polo 5204 Laptop Backpack,,,INR,flipkart:BKPEY9TNHRGN9HRM,"Bags, Wallets & Belts > Bags > Backpacks > Rock Polo Backpacks","Bags, Wallets & Belts",Fashion accessories,source_tree,"Bags, Wallets & Belts > Bags > Backpacks",3.8,,,source_field,2016-01-01 19:37:22+00:00,real,http://www.flipkart.com/rock-polo-5204-laptop-backpack/p/itmey9tncvkn68e6?pid=BKPEY9TNHRGN9HRM,rock polo 5204 laptop backpack,invalid_or_missing_price
flipkart,13356,ACCDRSJRXVUNDCBC,Rock Flip Cover for Apple iPad Mini Retina,,,INR,flipkart:ACCDRSJRXVUNDCBC,Mobiles & Accessories > Tablet Accessories > Cases & Covers > Rock Cases & Covers,Mobiles & Accessories,Electronics,source_tree,Mobiles & Accessories > Tablet Accessories > Cases & Covers,,0.0,Rock,source_field,2016-01-01 19:37:22+00:00,real,http://www.flipkart.com/rock-flip-cover-apple-ipad-mini-retina/p/itmdrsjsgvbyr3uv?pid=ACCDRSJRXVUNDCBC,rock flip cover for apple ipad mini retina,invalid_or_missing_price
flipkart,16145,ACCDG38FCRPYZKBE,JJC LH-DV37B  Lens Hood,,,INR,flipkart:ACCDG38FCRPYZKBE,Cameras & Accessories > Camera Accessories > Lens Hoods > JJC Lens Hoods,Cameras & Accessories,Electronics,source_tree,Cameras & Accessories > Camera Accessories > Lens Hoods,,0.0,JJC,source_field,2015-12-29 05:07:38+00:00,real,http://www.flipkart.com/jjc-lh-dv37b-lens-hood/p/itmdg382aj5pe4p4?pid=ACCDG38FCRPYZKBE,jjc lh dv37b lens hood,invalid_or_missing_price
flipkart,16298,USGDQCBA297VNTG2,Satzuma UCH100 USB Clapper Board,,,INR,flipkart:USGDQCBA297VNTG2,Computers > Laptop Accessories > USB Gadgets > Satzuma USB Gadgets,Computers,Computers,source_tree,Computers > Laptop Accessories > USB Gadgets,,0.0,Satzuma,source_field,2015-12-29 05:07:38+00:00,real,http://www.flipkart.com/satzuma-uch100-usb-clapper-board/p/itmdqcbapfvrjhay?pid=USGDQCBA297VNTG2,satzuma uch100 usb clapper board,invalid_or_missing_price
flipkart,16314,USGDPXUW6HCQVG5H,Satzuma USH102 USB USB Hub,,,INR,flipkart:USGDPXUW6HCQVG5H,Computers > Laptop Accessories > USB Gadgets > Satzuma USB Gadgets,Computers,Computers,source_tree,Computers > Laptop Accessories > USB Gadgets,,0.0,Satzuma,source_field,2015-12-29 05:07:38+00:00,real,http://www.flipkart.com/satzuma-ush102-usb-hub/p/itmdpxuwdvwngtyt?pid=USGDPXUW6HCQVG5H,satzuma ush102 usb usb hub,invalid_or_missing_price
flipkart,16489,SHOEYB2F9VK3GAZG,Wave Walk Royal Boots,,,INR,flipkart:SHOEYB2F9VK3GAZG,Footwear > Men's Footwear > Casual Shoes > Wave Walk Casual Shoes,Footwear,Footwear,source_tree,Footwear > Men's Footwear > Casual Shoes,3.5,,,source_field,2015-12-29 05:07:38+00:00,real,http://www.flipkart.com/wave-walk-royal-boots/p/itmeyb2f8j4z87cn?pid=SHOEYB2F9VK3GAZG,wave walk royal boots,invalid_or_missing_price
flipkart,16764,BBAEDBQ8T2FKDWZ3,Muchmore Alloy Copper Charm Bracelet,,,INR,flipkart:BBAEDBQ8T2FKDWZ3,"Jewellery > Bangles, Bracelets & Armlets > Bracelets",Jewellery,Jewellery,source_tree,"Jewellery > Bangles, Bracelets & Armlets > Bracelets",,0.0,Muchmore,source_field,2015-12-20 08:26:17+00:00,real,http://www.flipkart.com/muchmore-alloy-copper-charm-bracelet/p/itmedbq8vfvpeypr?pid=BBAEDBQ8T2FKDWZ3,muchmore alloy copper charm bracelet,invalid_or_missing_price
flipkart,17636,VESEGWKDWA6WV6UY,FRICTION Men's Vest,,,INR,flipkart:VESEGWKDWA6WV6UY,Clothing > Men's Clothing > Inner Wear & Sleep Wear > Vests > FRICTION Vests > FRICTION Men's Vest,Clothing,Clothing,source_tree,Clothing > Men's Clothing > Inner Wear & Sleep Wear,,0.0,FRICTION,source_field,2016-05-22 10:35:27+00:00,real,http://www.flipkart.com/friction-men-s-vest/p/itmegwkdhdcjcrcg?pid=VESEGWKDWA6WV6UY,friction men s vest,invalid_or_missing_price
flipkart,19545,DREDZZTUSAHPHGUS,Karishma Women's A-line Dress,,,INR,flipkart:DREDZZTUSAHPHGUS,Clothing > Women's Clothing > Western Wear > Dresses & Skirts > Dresses > Karishma Dresses,Clothing,Clothing,source_tree,Clothing > Women's Clothing > Western Wear,4.0,,,source_field,2015-12-01 10:15:43+00:00,real,http://www.flipkart.com/karishma-women-s-a-line-dress/p/itmdzztunfcwdtqr?pid=DREDZZTUSAHPHGUS,karishma women s a line dress,invalid_or_missing_price
flipkart,19601,DREEBMGNXJWYBEKS,L'appel Du Vide Women's Shift Dress,,,INR,flipkart:DREEBMGNXJWYBEKS,Clothing > Women's Clothing > Western Wear > Dresses & Skirts > Dresses > L'appel Du Vide Dresses,Clothing,Clothing,source_tree,Clothing > Women's Clothing > Western Wear,,0.0,,source_field,2015-12-01 10:15:43+00:00,real,http://www.flipkart.com/l-appel-du-vide-women-s-shift-dress/p/itmebmgmszsqtynq?pid=DREEBMGNXJWYBEKS,l appel du vide women s shift dress,invalid_or_missing_price
flipkart,19624,DREE8Z6DWCNSVSJS,Insense by Shoppers Stop Women's Maxi Dress,,,INR,flipkart:DREE8Z6DWCNSVSJS,Clothing > Women's Clothing > Western Wear > Dresses & Skirts > Dresses > Insense by Shoppers Stop Dresses,Clothing,Clothing,source_tree,Clothing > Women's Clothing > Western Wear,,0.0,,source_field,2015-12-01 10:15:43+00:00,real,http://www.flipkart.com/insense-shoppers-stop-women-s-maxi-dress/p/itme8z6dxa2rj2y2?pid=DREE8Z6DWCNSVSJS,insense by shoppers stop women s maxi dress,invalid_or_missing_price
