platform,price,delivery_fee,platform_fee,total,available,link,date,provenance,key
Flipkart,2219.0,0.0,3.0,2222.0,True,https://www.flipkart.com/search?q=Reffair+AX30+%5BMAX%5D+Portable+Air+Purifier+for+Car%2C+Home+%26+Office+%7C+Smart+Ionizer+,2026-10-07,synthetic,amazon:B0912WJ87V
Amazon,2379.0,0.0,5.0,2384.0,True,https://www.amazon.in/s?k=Reffair+AX30+%5BMAX%5D+Portable+Air+Purifier+for+Car%2C+Home+%26+Office+%7C+Smart+Ionizer+,2026-10-07,synthetic_history,amazon:B0912WJ87V
Meesho,169.0,0.0,0.0,169.0,True,https://www.meesho.com/search?q=Faber-Castell+Connector+Pen+Set+-+Pack+of+25+%28Assorted%29,2026-10-07,synthetic,amazon:B00DJ5N9VK
Amazon,159.0,40.0,5.0,204.0,True,https://www.amazon.in/s?k=Faber-Castell+Connector+Pen+Set+-+Pack+of+25+%28Assorted%29,2026-10-07,synthetic_history,amazon:B00DJ5N9VK
Flipkart,169.0,40.0,3.0,212.0,True,https://www.flipkart.com/search?q=Faber-Castell+Connector+Pen+Set+-+Pack+of+25+%28Assorted%29,2026-10-07,synthetic,amazon:B00DJ5N9VK
Croma,269.0,0.0,0.0,269.0,True,https://www.google.com/search?q=site%3Acroma.com+KLAM+LCD+Writing+Tablet+Screenwriting+Toys+Board+Smart+Digital+E-Note+Pad+8.5+In,2026-10-07,synthetic,amazon:B07H8W9PB6
Flipkart,259.0,40.0,3.0,302.0,True,https://www.flipkart.com/search?q=KLAM+LCD+Writing+Tablet+Screenwriting+Toys+Board+Smart+Digital+E-Note+Pad+8.5+In,2026-10-07,synthetic,amazon:B07H8W9PB6
Amazon,269.0,40.0,5.0,314.0,True,https://www.amazon.in/s?k=KLAM+LCD+Writing+Tablet+Screenwriting+Toys+Board+Smart+Digital+E-Note+Pad+8.5+In,2026-10-07,synthetic_history,amazon:B07H8W9PB6
Reliance Digital,289.0,0.0,0.0,289.0,False,https://www.reliancedigital.in/search?q=KLAM+LCD+Writing+Tablet+Screenwriting+Toys+Board+Smart+Digital+E-Note+Pad+8.5+In,2026-10-07,synthetic,amazon:B07H8W9PB6
Tata CLiQ,289.0,99.0,0.0,388.0,False,https://www.tatacliq.com/search/?searchCategory=all&text=KLAM+LCD+Writing+Tablet+Screenwriting+Toys+Board+Smart+Digital+E-Note+Pad+8.5+In,2026-10-07,synthetic,amazon:B07H8W9PB6
Reliance Digital,199.0,0.0,0.0,199.0,True,https://www.reliancedigital.in/search?q=HUMBLE+Dynamic+Lapel+Collar+Mic+Voice+Recording+Filter+Microphone+for+Singing+Yo,2026-10-07,synthetic,amazon:B08HD7JQHX
Croma,229.0,0.0,0.0,229.0,True,https://www.google.com/search?q=site%3Acroma.com+HUMBLE+Dynamic+Lapel+Collar+Mic+Voice+Recording+Filter+Microphone+for+Singing+Yo,2026-10-07,synthetic,amazon:B08HD7JQHX
Amazon,199.0,40.0,5.0,244.0,True,https://www.amazon.in/s?k=HUMBLE+Dynamic+Lapel+Collar+Mic+Voice+Recording+Filter+Microphone+for+Singing+Yo,2026-10-07,synthetic_history,amazon:B08HD7JQHX
Flipkart,209.0,40.0,3.0,252.0,False,https://www.flipkart.com/search?q=HUMBLE+Dynamic+Lapel+Collar+Mic+Voice+Recording+Filter+Microphone+for+Singing+Yo,2026-10-07,synthetic,amazon:B08HD7JQHX
Tata CLiQ,229.0,99.0,0.0,328.0,False,https://www.tatacliq.com/search/?searchCategory=all&text=HUMBLE+Dynamic+Lapel+Collar+Mic+Voice+Recording+Filter+Microphone+for+Singing+Yo,2026-10-07,synthetic,amazon:B08HD7JQHX
Flipkart,989.0,0.0,3.0,992.0,True,https://www.flipkart.com/search?q=boAt+LTG+500+Apple+MFI+Certified+for+iPhone%2C+iPad+and+iPod+2Mtr+Data+Cable%28Metal,2026-10-07,synthetic,amazon:B0162LYSFS
Amazon,999.0,0.0,5.0,1004.0,True,https://www.amazon.in/s?k=boAt+LTG+500+Apple+MFI+Certified+for+iPhone%2C+iPad+and+iPod+2Mtr+Data+Cable%28Metal,2026-10-07,synthetic_history,amazon:B0162LYSFS
Reliance Digital,1039.0,0.0,0.0,1039.0,True,https://www.reliancedigital.in/search?q=boAt+LTG+500+Apple+MFI+Certified+for+iPhone%2C+iPad+and+iPod+2Mtr+Data+Cable%28Metal,2026-10-07,synthetic,amazon:B0162LYSFS
Croma,989.0,0.0,0.0,989.0,False,https://www.google.com/search?q=site%3Acroma.com+boAt+LTG+500+Apple+MFI+Certified+for+iPhone%2C+iPad+and+iPod+2Mtr+Data+Cable%28Metal,2026-10-07,synthetic,amazon:B0162LYSFS
Tata CLiQ,989.0,99.0,0.0,1088.0,False,https://www.tatacliq.com/search/?searchCategory=all&text=boAt+LTG+500+Apple+MFI+Certified+for+iPhone%2C+iPad+and+iPod+2Mtr+Data+Cable%28Metal,2026-10-07,synthetic,amazon:B0162LYSFS
Croma,249.0,0.0,0.0,249.0,True,https://www.google.com/search?q=site%3Acroma.com+Sounce+65W+OnePlus+Dash+Warp+Charge+Cable%2C+6.5A+Type-C+to+USB+C+PD+Data+Sync+Fas,2026-10-07,synthetic,amazon:B09RZS1NQT
Reliance Digital,249.0,0.0,0.0,249.0,True,https://www.reliancedigital.in/search?q=Sounce+65W+OnePlus+Dash+Warp+Charge+Cable%2C+6.5A+Type-C+to+USB+C+PD+Data+Sync+Fas,2026-10-07,synthetic,amazon:B09RZS1NQT
Flipkart,239.0,40.0,3.0,282.0,True,https://www.flipkart.com/search?q=Sounce+65W+OnePlus+Dash+Warp+Charge+Cable%2C+6.5A+Type-C+to+USB+C+PD+Data+Sync+Fas,2026-10-07,synthetic,amazon:B09RZS1NQT
Amazon,239.0,40.0,5.0,284.0,True,https://www.amazon.in/s?k=Sounce+65W+OnePlus+Dash+Warp+Charge+Cable%2C+6.5A+Type-C+to+USB+C+PD+Data+Sync+Fas,2026-10-07,synthetic_history,amazon:B09RZS1NQT
Tata CLiQ,249.0,99.0,0.0,348.0,False,https://www.tatacliq.com/search/?searchCategory=all&text=Sounce+65W+OnePlus+Dash+Warp+Charge+Cable%2C+6.5A+Type-C+to+USB+C+PD+Data+Sync+Fas,2026-10-07,synthetic,amazon:B09RZS1NQT
Amazon,839.0,0.0,5.0,844.0,True,https://www.amazon.in/s?k=AirCase+Protective+Laptop+Bag+Sleeve+fits+Upto+13.3%22+Laptop%2F+MacBook%2C+Wrinkle+Fr,2026-10-07,synthetic_history,amazon:B07Z1X6VFC
Croma,879.0,0.0,0.0,879.0,True,https://www.google.com/search?q=site%3Acroma.com+AirCase+Protective+Laptop+Bag+Sleeve+fits+Upto+13.3%22+Laptop%2F+MacBook%2C+Wrinkle+Fr,2026-10-07,synthetic,amazon:B07Z1X6VFC
Flipkart,829.0,0.0,3.0,832.0,False,https://www.flipkart.com/search?q=AirCase+Protective+Laptop+Bag+Sleeve+fits+Upto+13.3%22+Laptop%2F+MacBook%2C+Wrinkle+Fr,2026-10-07,synthetic,amazon:B07Z1X6VFC
Reliance Digital,909.0,0.0,0.0,909.0,False,https://www.reliancedigital.in/search?q=AirCase+Protective+Laptop+Bag+Sleeve+fits+Upto+13.3%22+Laptop%2F+MacBook%2C+Wrinkle+Fr,2026-10-07,synthetic,amazon:B07Z1X6VFC
Tata CLiQ,909.0,99.0,0.0,1008.0,False,https://www.tatacliq.com/search/?searchCategory=all&text=AirCase+Protective+Laptop+Bag+Sleeve+fits+Upto+13.3%22+Laptop%2F+MacBook%2C+Wrinkle+Fr,2026-10-07,synthetic,amazon:B07Z1X6VFC
Croma,319.0,0.0,0.0,319.0,True,https://www.google.com/search?q=site%3Acroma.com+GENERIC+Ultra-Mini+Bluetooth+CSR+4.0+USB+Dongle+Adapter+for+Windows+Computer+%28+B,2026-10-07,synthetic,amazon:B0117H7GZ6
Flipkart,299.0,40.0,3.0,342.0,True,https://www.flipkart.com/search?q=GENERIC+Ultra-Mini+Bluetooth+CSR+4.0+USB+Dongle+Adapter+for+Windows+Computer+%28+B,2026-10-07,synthetic,amazon:B0117H7GZ6
Amazon,309.0,40.0,5.0,354.0,True,https://www.amazon.in/s?k=GENERIC+Ultra-Mini+Bluetooth+CSR+4.0+USB+Dongle+Adapter+for+Windows+Computer+%28+B,2026-10-07,synthetic_history,amazon:B0117H7GZ6
Reliance Digital,339.0,0.0,0.0,339.0,False,https://www.reliancedigital.in/search?q=GENERIC+Ultra-Mini+Bluetooth+CSR+4.0+USB+Dongle+Adapter+for+Windows+Computer+%28+B,2026-10-07,synthetic,amazon:B0117H7GZ6
Tata CLiQ,289.0,99.0,0.0,388.0,False,https://www.tatacliq.com/search/?searchCategory=all&text=GENERIC+Ultra-Mini+Bluetooth+CSR+4.0+USB+Dongle+Adapter+for+Windows+Computer+%28+B,2026-10-07,synthetic,amazon:B0117H7GZ6
Croma,259.0,0.0,0.0,259.0,True,https://www.google.com/search?q=site%3Acroma.com+FLiX+%28Beetel%29+3in1+%28Type+C%7CMicro%7CIphone+Lightening%29+Textured+Pattern+3A+Fast+Cha,2026-10-07,synthetic,amazon:B08N1WL9XW
Amazon,249.0,40.0,5.0,294.0,True,https://www.amazon.in/s?k=FLiX+%28Beetel%29+3in1+%28Type+C%7CMicro%7CIphone+Lightening%29+Textured+Pattern+3A+Fast+Cha,2026-10-07,synthetic_history,amazon:B08N1WL9XW
Flipkart,259.0,40.0,3.0,302.0,True,https://www.flipkart.com/search?q=FLiX+%28Beetel%29+3in1+%28Type+C%7CMicro%7CIphone+Lightening%29+Textured+Pattern+3A+Fast+Cha,2026-10-07,synthetic,amazon:B08N1WL9XW
Reliance Digital,259.0,0.0,0.0,259.0,False,https://www.reliancedigital.in/search?q=FLiX+%28Beetel%29+3in1+%28Type+C%7CMicro%7CIphone+Lightening%29+Textured+Pattern+3A+Fast+Cha,2026-10-07,synthetic,amazon:B08N1WL9XW
Tata CLiQ,279.0,99.0,0.0,378.0,False,https://www.tatacliq.com/search/?searchCategory=all&text=FLiX+%28Beetel%29+3in1+%28Type+C%7CMicro%7CIphone+Lightening%29+Textured+Pattern+3A+Fast+Cha,2026-10-07,synthetic,amazon:B08N1WL9XW
Reliance Digital,519.0,0.0,0.0,519.0,True,https://www.reliancedigital.in/search?q=Portronics+Ruffpad+12E+Re-Writable+LCD+Writing+Pad+with+30.4cm+%2812+inch%29+Writing,2026-10-07,synthetic,amazon:B09VC2D2WG
Amazon,539.0,0.0,5.0,544.0,True,https://www.amazon.in/s?k=Portronics+Ruffpad+12E+Re-Writable+LCD+Writing+Pad+with+30.4cm+%2812+inch%29+Writing,2026-10-07,synthetic_history,amazon:B09VC2D2WG
Croma,559.0,0.0,0.0,559.0,True,https://www.google.com/search?q=site%3Acroma.com+Portronics+Ruffpad+12E+Re-Writable+LCD+Writing+Pad+with+30.4cm+%2812+inch%29+Writing,2026-10-07,synthetic,amazon:B09VC2D2WG
Tata CLiQ,569.0,99.0,0.0,668.0,True,https://www.tatacliq.com/search/?searchCategory=all&text=Portronics+Ruffpad+12E+Re-Writable+LCD+Writing+Pad+with+30.4cm+%2812+inch%29+Writing,2026-10-07,synthetic,amazon:B09VC2D2WG
Flipkart,549.0,0.0,3.0,552.0,False,https://www.flipkart.com/search?q=Portronics+Ruffpad+12E+Re-Writable+LCD+Writing+Pad+with+30.4cm+%2812+inch%29+Writing,2026-10-07,synthetic,amazon:B09VC2D2WG
Croma,239.0,0.0,0.0,239.0,True,https://www.google.com/search?q=site%3Acroma.com+MI+Braided+USB+Type-C+Cable+for+Charging+Adapter+%28Red%29,2026-10-07,synthetic,amazon:B083342NKJ
Reliance Digital,239.0,0.0,0.0,239.0,True,https://www.reliancedigital.in/search?q=MI+Braided+USB+Type-C+Cable+for+Charging+Adapter+%28Red%29,2026-10-07,synthetic,amazon:B083342NKJ
Amazon,239.0,40.0,5.0,284.0,True,https://www.amazon.in/s?k=MI+Braided+USB+Type-C+Cable+for+Charging+Adapter+%28Red%29,2026-10-07,synthetic_history,amazon:B083342NKJ
Flipkart,259.0,40.0,3.0,302.0,True,https://www.flipkart.com/search?q=MI+Braided+USB+Type-C+Cable+for+Charging+Adapter+%28Red%29,2026-10-07,synthetic,amazon:B083342NKJ
Tata CLiQ,239.0,99.0,0.0,338.0,False,https://www.tatacliq.com/search/?searchCategory=all&text=MI+Braided+USB+Type-C+Cable+for+Charging+Adapter+%28Red%29,2026-10-07,synthetic,amazon:B083342NKJ
Flipkart,689.0,0.0,3.0,692.0,True,https://www.flipkart.com/search?q=boAt+Rugged+V3+Braided+Micro+USB+Cable+%28Pearl+White%29,2026-10-07,synthetic,amazon:B07CRL2GY6
Amazon,689.0,0.0,5.0,694.0,True,https://www.amazon.in/s?k=boAt+Rugged+V3+Braided+Micro+USB+Cable+%28Pearl+White%29,2026-10-07,synthetic_history,amazon:B07CRL2GY6
Reliance Digital,709.0,0.0,0.0,709.0,True,https://www.reliancedigital.in/search?q=boAt+Rugged+V3+Braided+Micro+USB+Cable+%28Pearl+White%29,2026-10-07,synthetic,amazon:B07CRL2GY6
Croma,739.0,0.0,0.0,739.0,True,https://www.google.com/search?q=site%3Acroma.com+boAt+Rugged+V3+Braided+Micro+USB+Cable+%28Pearl+White%29,2026-10-07,synthetic,amazon:B07CRL2GY6
Tata CLiQ,769.0,99.0,0.0,868.0,True,https://www.tatacliq.com/search/?searchCategory=all&text=boAt+Rugged+V3+Braided+Micro+USB+Cable+%28Pearl+White%29,2026-10-07,synthetic,amazon:B07CRL2GY6
Reliance Digital,429.0,0.0,0.0,429.0,True,https://www.reliancedigital.in/search?q=HP+Wired+Mouse+100+with+1600+DPI+Optical+Sensor%2C+USB+Plug-and+-Play%2Cambidextrous,2026-10-07,synthetic,amazon:B083RD1J99
Croma,439.0,0.0,0.0,439.0,True,https://www.google.com/search?q=site%3Acroma.com+HP+Wired+Mouse+100+with+1600+DPI+Optical+Sensor%2C+USB+Plug-and+-Play%2Cambidextrous,2026-10-07,synthetic,amazon:B083RD1J99
Amazon,409.0,40.0,5.0,454.0,True,https://www.amazon.in/s?k=HP+Wired+Mouse+100+with+1600+DPI+Optical+Sensor%2C+USB+Plug-and+-Play%2Cambidextrous,2026-10-07,synthetic_history,amazon:B083RD1J99
Flipkart,409.0,40.0,3.0,452.0,False,https://www.flipkart.com/search?q=HP+Wired+Mouse+100+with+1600+DPI+Optical+Sensor%2C+USB+Plug-and+-Play%2Cambidextrous,2026-10-07,synthetic,amazon:B083RD1J99
Tata CLiQ,469.0,99.0,0.0,568.0,False,https://www.tatacliq.com/search/?searchCategory=all&text=HP+Wired+Mouse+100+with+1600+DPI+Optical+Sensor%2C+USB+Plug-and+-Play%2Cambidextrous,2026-10-07,synthetic,amazon:B083RD1J99
Reliance Digital,349.0,0.0,0.0,349.0,True,https://www.reliancedigital.in/search?q=LS+LAPSTER+Quality+Assured+USB+2.0+morpho+cable%2C+morpho+device+cable+for+Mso+130,2026-10-07,synthetic,amazon:B0B61GCHC1
Flipkart,349.0,40.0,3.0,392.0,True,https://www.flipkart.com/search?q=LS+LAPSTER+Quality+Assured+USB+2.0+morpho+cable%2C+morpho+device+cable+for+Mso+130,2026-10-07,synthetic,amazon:B0B61GCHC1
Amazon,349.0,40.0,5.0,394.0,True,https://www.amazon.in/s?k=LS+LAPSTER+Quality+Assured+USB+2.0+morpho+cable%2C+morpho+device+cable+for+Mso+130,2026-10-07,synthetic_history,amazon:B0B61GCHC1
Tata CLiQ,359.0,99.0,0.0,458.0,True,https://www.tatacliq.com/search/?searchCategory=all&text=LS+LAPSTER+Quality+Assured+USB+2.0+morpho+cable%2C+morpho+device+cable+for+Mso+130,2026-10-07,synthetic,amazon:B0B61GCHC1
Croma,369.0,0.0,0.0,369.0,False,https://www.google.com/search?q=site%3Acroma.com+LS+LAPSTER+Quality+Assured+USB+2.0+morpho+cable%2C+morpho+device+cable+for+Mso+130,2026-10-07,synthetic,amazon:B0B61GCHC1
Croma,15039.0,0.0,0.0,15039.0,True,https://www.google.com/search?q=site%3Acroma.com+SanDisk+1TB+Extreme+Portable+SSD+1050MB%2Fs+R%2C+1000MB%2Fs+W%2CUpto+2+Meter+Drop+Protec,2026-10-07,synthetic,amazon:B08GTYFC37
Flipkart,15189.0,0.0,3.0,15192.0,True,https://www.flipkart.com/search?q=SanDisk+1TB+Extreme+Portable+SSD+1050MB%2Fs+R%2C+1000MB%2Fs+W%2CUpto+2+Meter+Drop+Protec,2026-10-07,synthetic,amazon:B08GTYFC37
Amazon,15259.0,0.0,5.0,15264.0,True,https://www.amazon.in/s?k=SanDisk+1TB+Extreme+Portable+SSD+1050MB%2Fs+R%2C+1000MB%2Fs+W%2CUpto+2+Meter+Drop+Protec,2026-10-07,synthetic_history,amazon:B08GTYFC37
Reliance Digital,15449.0,0.0,0.0,15449.0,False,https://www.reliancedigital.in/search?q=SanDisk+1TB+Extreme+Portable+SSD+1050MB%2Fs+R%2C+1000MB%2Fs+W%2CUpto+2+Meter+Drop+Protec,2026-10-07,synthetic,amazon:B08GTYFC37
Tata CLiQ,16419.0,0.0,0.0,16419.0,False,https://www.tatacliq.com/search/?searchCategory=all&text=SanDisk+1TB+Extreme+Portable+SSD+1050MB%2Fs+R%2C+1000MB%2Fs+W%2CUpto+2+Meter+Drop+Protec,2026-10-07,synthetic,amazon:B08GTYFC37
Croma,169.0,0.0,0.0,169.0,True,https://www.google.com/search?q=site%3Acroma.com+GIZGA+Club-laptop+Neoprene+Reversible+for+15.6-inches+Laptop+Sleeve+-+Black-Red,2026-10-07,synthetic,amazon:B00C3GBCIS
Amazon,149.0,40.0,5.0,194.0,True,https://www.amazon.in/s?k=GIZGA+Club-laptop+Neoprene+Reversible+for+15.6-inches+Laptop+Sleeve+-+Black-Red,2026-10-07,synthetic_history,amazon:B00C3GBCIS
Reliance Digital,159.0,0.0,0.0,159.0,False,https://www.reliancedigital.in/search?q=GIZGA+Club-laptop+Neoprene+Reversible+for+15.6-inches+Laptop+Sleeve+-+Black-Red,2026-10-07,synthetic,amazon:B00C3GBCIS
Flipkart,159.0,40.0,3.0,202.0,False,https://www.flipkart.com/search?q=GIZGA+Club-laptop+Neoprene+Reversible+for+15.6-inches+Laptop+Sleeve+-+Black-Red,2026-10-07,synthetic,amazon:B00C3GBCIS
Tata CLiQ,159.0,99.0,0.0,258.0,False,https://www.tatacliq.com/search/?searchCategory=all&text=GIZGA+Club-laptop+Neoprene+Reversible+for+15.6-inches+Laptop+Sleeve+-+Black-Red,2026-10-07,synthetic,amazon:B00C3GBCIS
Reliance Digital,559.0,0.0,0.0,559.0,True,https://www.reliancedigital.in/search?q=Wayona+Nylon+Braided+3A+Lightning+to+USB+A+Syncing+and+Fast+Charging+Data+Cable+,2026-10-07,synthetic,amazon:B07JW1Y6XV
Amazon,569.0,0.0,5.0,574.0,True,https://www.amazon.in/s?k=Wayona+Nylon+Braided+3A+Lightning+to+USB+A+Syncing+and+Fast+Charging+Data+Cable+,2026-10-07,synthetic_history,amazon:B07JW1Y6XV
Flipkart,599.0,0.0,3.0,602.0,True,https://www.flipkart.com/search?q=Wayona+Nylon+Braided+3A+Lightning+to+USB+A+Syncing+and+Fast+Charging+Data+Cable+,2026-10-07,synthetic,amazon:B07JW1Y6XV
Tata CLiQ,579.0,99.0,0.0,678.0,True,https://www.tatacliq.com/search/?searchCategory=all&text=Wayona+Nylon+Braided+3A+Lightning+to+USB+A+Syncing+and+Fast+Charging+Data+Cable+,2026-10-07,synthetic,amazon:B07JW1Y6XV
Croma,559.0,0.0,0.0,559.0,False,https://www.google.com/search?q=site%3Acroma.com+Wayona+Nylon+Braided+3A+Lightning+to+USB+A+Syncing+and+Fast+Charging+Data+Cable+,2026-10-07,synthetic,amazon:B07JW1Y6XV
Reliance Digital,239.0,0.0,0.0,239.0,True,https://www.reliancedigital.in/search?q=AmazonBasics+Micro+USB+Fast+Charging+Cable+for+Android+Phones+with+Gold+Plated+C,2026-10-07,synthetic,amazon:B0711PVX6Z
Amazon,219.0,40.0,5.0,264.0,True,https://www.amazon.in/s?k=AmazonBasics+Micro+USB+Fast+Charging+Cable+for+Android+Phones+with+Gold+Plated+C,2026-10-07,synthetic_history,amazon:B0711PVX6Z
Flipkart,239.0,40.0,3.0,282.0,True,https://www.flipkart.com/search?q=AmazonBasics+Micro+USB+Fast+Charging+Cable+for+Android+Phones+with+Gold+Plated+C,2026-10-07,synthetic,amazon:B0711PVX6Z
Croma,229.0,0.0,0.0,229.0,False,https://www.google.com/search?q=site%3Acroma.com+AmazonBasics+Micro+USB+Fast+Charging+Cable+for+Android+Phones+with+Gold+Plated+C,2026-10-07,synthetic,amazon:B0711PVX6Z
Tata CLiQ,219.0,99.0,0.0,318.0,False,https://www.tatacliq.com/search/?searchCategory=all&text=AmazonBasics+Micro+USB+Fast+Charging+Cable+for+Android+Phones+with+Gold+Plated+C,2026-10-07,synthetic,amazon:B0711PVX6Z
Flipkart,579.0,0.0,3.0,582.0,True,https://www.flipkart.com/search?q=Hp+Wired+On+Ear+Headphones+With+Mic+With+3.5+Mm+Drivers%2C+In-Built+Noise+Cancelli,2026-10-07,synthetic,amazon:B009LJ2BXA
Amazon,619.0,0.0,5.0,624.0,True,https://www.amazon.in/s?k=Hp+Wired+On+Ear+Headphones+With+Mic+With+3.5+Mm+Drivers%2C+In-Built+Noise+Cancelli,2026-10-07,synthetic_history,amazon:B009LJ2BXA
Reliance Digital,639.0,0.0,0.0,639.0,True,https://www.reliancedigital.in/search?q=Hp+Wired+On+Ear+Headphones+With+Mic+With+3.5+Mm+Drivers%2C+In-Built+Noise+Cancelli,2026-10-07,synthetic,amazon:B009LJ2BXA
Croma,659.0,0.0,0.0,659.0,True,https://www.google.com/search?q=site%3Acroma.com+Hp+Wired+On+Ear+Headphones+With+Mic+With+3.5+Mm+Drivers%2C+In-Built+Noise+Cancelli,2026-10-07,synthetic,amazon:B009LJ2BXA
Tata CLiQ,629.0,99.0,0.0,728.0,True,https://www.tatacliq.com/search/?searchCategory=all&text=Hp+Wired+On+Ear+Headphones+With+Mic+With+3.5+Mm+Drivers%2C+In-Built+Noise+Cancelli,2026-10-07,synthetic,amazon:B009LJ2BXA
Croma,34.0,0.0,0.0,34.0,True,https://www.google.com/search?q=site%3Acroma.com+GIZGA+essentials+Universal+Silicone+Keyboard+Protector+Skin+for+15.6-inches+Lapt,2026-10-07,synthetic,amazon:B00MFPCY5C
Reliance Digital,34.0,0.0,0.0,34.0,True,https://www.reliancedigital.in/search?q=GIZGA+essentials+Universal+Silicone+Keyboard+Protector+Skin+for+15.6-inches+Lapt,2026-10-07,synthetic,amazon:B00MFPCY5C
Flipkart,33.0,40.0,3.0,76.0,True,https://www.flipkart.com/search?q=GIZGA+essentials+Universal+Silicone+Keyboard+Protector+Skin+for+15.6-inches+Lapt,2026-10-07,synthetic,amazon:B00MFPCY5C
Amazon,33.0,40.0,5.0,78.0,True,https://www.amazon.in/s?k=GIZGA+essentials+Universal+Silicone+Keyboard+Protector+Skin+for+15.6-inches+Lapt,2026-10-07,synthetic_history,amazon:B00MFPCY5C
Tata CLiQ,32.0,99.0,0.0,131.0,False,https://www.tatacliq.com/search/?searchCategory=all&text=GIZGA+essentials+Universal+Silicone+Keyboard+Protector+Skin+for+15.6-inches+Lapt,2026-10-07,synthetic,amazon:B00MFPCY5C
Amazon,739.0,0.0,5.0,744.0,True,https://www.amazon.in/s?k=Redgear+A-15+Wired+Gaming+Mouse+with+Upto+6400+DPI%2C+RGB+%26+Driver+Customization+f,2026-10-07,synthetic_history,amazon:B08CHZ3ZQ7
Flipkart,779.0,0.0,3.0,782.0,True,https://www.flipkart.com/search?q=Redgear+A-15+Wired+Gaming+Mouse+with+Upto+6400+DPI%2C+RGB+%26+Driver+Customization+f,2026-10-07,synthetic,amazon:B08CHZ3ZQ7
Croma,789.0,0.0,0.0,789.0,True,https://www.google.com/search?q=site%3Acroma.com+Redgear+A-15+Wired+Gaming+Mouse+with+Upto+6400+DPI%2C+RGB+%26+Driver+Customization+f,2026-10-07,synthetic,amazon:B08CHZ3ZQ7
Reliance Digital,739.0,0.0,0.0,739.0,False,https://www.reliancedigital.in/search?q=Redgear+A-15+Wired+Gaming+Mouse+with+Upto+6400+DPI%2C+RGB+%26+Driver+Customization+f,2026-10-07,synthetic,amazon:B08CHZ3ZQ7
Tata CLiQ,779.0,99.0,0.0,878.0,False,https://www.tatacliq.com/search/?searchCategory=all&text=Redgear+A-15+Wired+Gaming+Mouse+with+Upto+6400+DPI%2C+RGB+%26+Driver+Customization+f,2026-10-07,synthetic,amazon:B08CHZ3ZQ7
Flipkart,4509.0,0.0,3.0,4512.0,True,https://www.flipkart.com/search?q=Redragon+K617+Fizz+60%25+Wired+RGB+Gaming+Keyboard%2C+61+Keys+Compact+Mechanical+Key,2026-10-07,synthetic,amazon:B09BVCVTBC
Tata CLiQ,4519.0,0.0,0.0,4519.0,True,https://www.tatacliq.com/search/?searchCategory=all&text=Redragon+K617+Fizz+60%25+Wired+RGB+Gaming+Keyboard%2C+61+Keys+Compact+Mechanical+Key,2026-10-07,synthetic,amazon:B09BVCVTBC
Reliance Digital,4539.0,0.0,0.0,4539.0,True,https://www.reliancedigital.in/search?q=Redragon+K617+Fizz+60%25+Wired+RGB+Gaming+Keyboard%2C+61+Keys+Compact+Mechanical+Key,2026-10-07,synthetic,amazon:B09BVCVTBC
Amazon,4539.0,0.0,5.0,4544.0,True,https://www.amazon.in/s?k=Redragon+K617+Fizz+60%25+Wired+RGB+Gaming+Keyboard%2C+61+Keys+Compact+Mechanical+Key,2026-10-07,synthetic_history,amazon:B09BVCVTBC
Croma,4459.0,0.0,0.0,4459.0,False,https://www.google.com/search?q=site%3Acroma.com+Redragon+K617+Fizz+60%25+Wired+RGB+Gaming+Keyboard%2C+61+Keys+Compact+Mechanical+Key,2026-10-07,synthetic,amazon:B09BVCVTBC
Croma,259.0,0.0,0.0,259.0,True,https://www.google.com/search?q=site%3Acroma.com+Time+Office+Scanner+Replacement+Cable+for+Startek+FM220U+%28Type+C%29+Ivory,2026-10-07,synthetic,amazon:B08XMG618K
Reliance Digital,259.0,0.0,0.0,259.0,True,https://www.reliancedigital.in/search?q=Time+Office+Scanner+Replacement+Cable+for+Startek+FM220U+%28Type+C%29+Ivory,2026-10-07,synthetic,amazon:B08XMG618K
Flipkart,249.0,40.0,3.0,292.0,True,https://www.flipkart.com/search?q=Time+Office+Scanner+Replacement+Cable+for+Startek+FM220U+%28Type+C%29+Ivory,2026-10-07,synthetic,amazon:B08XMG618K
Amazon,249.0,40.0,5.0,294.0,True,https://www.amazon.in/s?k=Time+Office+Scanner+Replacement+Cable+for+Startek+FM220U+%28Type+C%29+Ivory,2026-10-07,synthetic_history,amazon:B08XMG618K
Tata CLiQ,259.0,99.0,0.0,358.0,True,https://www.tatacliq.com/search/?searchCategory=all&text=Time+Office+Scanner+Replacement+Cable+for+Startek+FM220U+%28Type+C%29+Ivory,2026-10-07,synthetic,amazon:B08XMG618K
Amazon,1269.0,0.0,5.0,1274.0,True,https://www.amazon.in/s?k=Crucial+BX500+240GB+3D+NAND+SATA+6.35+cm+%282.5-inch%29+SSD+%28CT240BX500SSD1%29,2026-10-07,synthetic_history,amazon:B07G3YNLJB
Tata CLiQ,1299.0,0.0,0.0,1299.0,True,https://www.tatacliq.com/search/?searchCategory=all&text=Crucial+BX500+240GB+3D+NAND+SATA+6.35+cm+%282.5-inch%29+SSD+%28CT240BX500SSD1%29,2026-10-07,synthetic,amazon:B07G3YNLJB
Croma,1349.0,0.0,0.0,1349.0,True,https://www.google.com/search?q=site%3Acroma.com+Crucial+BX500+240GB+3D+NAND+SATA+6.35+cm+%282.5-inch%29+SSD+%28CT240BX500SSD1%29,2026-10-07,synthetic,amazon:B07G3YNLJB
Reliance Digital,1349.0,0.0,0.0,1349.0,True,https://www.reliancedigital.in/search?q=Crucial+BX500+240GB+3D+NAND+SATA+6.35+cm+%282.5-inch%29+SSD+%28CT240BX500SSD1%29,2026-10-07,synthetic,amazon:B07G3YNLJB
Flipkart,1349.0,0.0,3.0,1352.0,False,https://www.flipkart.com/search?q=Crucial+BX500+240GB+3D+NAND+SATA+6.35+cm+%282.5-inch%29+SSD+%28CT240BX500SSD1%29,2026-10-07,synthetic,amazon:B07G3YNLJB
Amazon,649.0,0.0,5.0,654.0,True,https://www.amazon.in/s?k=HP+GT+53+XL+Cartridge+Ink,2026-10-07,synthetic_history,amazon:B07SY4C3TD
Reliance Digital,679.0,0.0,0.0,679.0,True,https://www.reliancedigital.in/search?q=HP+GT+53+XL+Cartridge+Ink,2026-10-07,synthetic,amazon:B07SY4C3TD
Flipkart,699.0,0.0,3.0,702.0,True,https://www.flipkart.com/search?q=HP+GT+53+XL+Cartridge+Ink,2026-10-07,synthetic,amazon:B07SY4C3TD
Tata CLiQ,659.0,99.0,0.0,758.0,True,https://www.tatacliq.com/search/?searchCategory=all&text=HP+GT+53+XL+Cartridge+Ink,2026-10-07,synthetic,amazon:B07SY4C3TD
Croma,689.0,0.0,0.0,689.0,False,https://www.google.com/search?q=site%3Acroma.com+HP+GT+53+XL+Cartridge+Ink,2026-10-07,synthetic,amazon:B07SY4C3TD
Amazon,309.0,40.0,5.0,354.0,True,https://www.amazon.in/s?k=boAt+Type+C+A325+Tangle-free%2C+Sturdy+Type+C+Cable+with+3A+Rapid+Charging+%26+480mb,2026-10-07,synthetic_history,amazon:B08WRBG3XW
Flipkart,319.0,40.0,3.0,362.0,True,https://www.flipkart.com/search?q=boAt+Type+C+A325+Tangle-free%2C+Sturdy+Type+C+Cable+with+3A+Rapid+Charging+%26+480mb,2026-10-07,synthetic,amazon:B08WRBG3XW
Tata CLiQ,319.0,99.0,0.0,418.0,True,https://www.tatacliq.com/search/?searchCategory=all&text=boAt+Type+C+A325+Tangle-free%2C+Sturdy+Type+C+Cable+with+3A+Rapid+Charging+%26+480mb,2026-10-07,synthetic,amazon:B08WRBG3XW
Reliance Digital,319.0,0.0,0.0,319.0,False,https://www.reliancedigital.in/search?q=boAt+Type+C+A325+Tangle-free%2C+Sturdy+Type+C+Cable+with+3A+Rapid+Charging+%26+480mb,2026-10-07,synthetic,amazon:B08WRBG3XW
Croma,339.0,0.0,0.0,339.0,False,https://www.google.com/search?q=site%3Acroma.com+boAt+Type+C+A325+Tangle-free%2C+Sturdy+Type+C+Cable+with+3A+Rapid+Charging+%26+480mb,2026-10-07,synthetic,amazon:B08WRBG3XW
Reliance Digital,669.0,0.0,0.0,669.0,True,https://www.reliancedigital.in/search?q=Wayona+Type+C+to+Lightning+MFI+Certified+20W+Fast+charging+Nylon+Braided+USB+C+C,2026-10-07,synthetic,amazon:B09HV71RL1
Amazon,679.0,0.0,5.0,684.0,True,https://www.amazon.in/s?k=Wayona+Type+C+to+Lightning+MFI+Certified+20W+Fast+charging+Nylon+Braided+USB+C+C,2026-10-07,synthetic_history,amazon:B09HV71RL1
Flipkart,689.0,0.0,3.0,692.0,True,https://www.flipkart.com/search?q=Wayona+Type+C+to+Lightning+MFI+Certified+20W+Fast+charging+Nylon+Braided+USB+C+C,2026-10-07,synthetic,amazon:B09HV71RL1
Croma,699.0,0.0,0.0,699.0,True,https://www.google.com/search?q=site%3Acroma.com+Wayona+Type+C+to+Lightning+MFI+Certified+20W+Fast+charging+Nylon+Braided+USB+C+C,2026-10-07,synthetic,amazon:B09HV71RL1
Tata CLiQ,699.0,99.0,0.0,798.0,False,https://www.tatacliq.com/search/?searchCategory=all&text=Wayona+Type+C+to+Lightning+MFI+Certified+20W+Fast+charging+Nylon+Braided+USB+C+C,2026-10-07,synthetic,amazon:B09HV71RL1
Flipkart,259.0,40.0,3.0,302.0,True,https://www.flipkart.com/search?q=Portronics+Konnect+L+60W+PD+Type+C+to+Type+C+Mobile+Charging+Cable%2C+1.2M%2C+Fast+D,2026-10-07,synthetic,amazon:B09Q8WQ5QJ
Amazon,269.0,40.0,5.0,314.0,True,https://www.amazon.in/s?k=Portronics+Konnect+L+60W+PD+Type+C+to+Type+C+Mobile+Charging+Cable%2C+1.2M%2C+Fast+D,2026-10-07,synthetic_history,amazon:B09Q8WQ5QJ
Croma,289.0,0.0,0.0,289.0,False,https://www.google.com/search?q=site%3Acroma.com+Portronics+Konnect+L+60W+PD+Type+C+to+Type+C+Mobile+Charging+Cable%2C+1.2M%2C+Fast+D,2026-10-07,synthetic,amazon:B09Q8WQ5QJ
Reliance Digital,289.0,0.0,0.0,289.0,False,https://www.reliancedigital.in/search?q=Portronics+Konnect+L+60W+PD+Type+C+to+Type+C+Mobile+Charging+Cable%2C+1.2M%2C+Fast+D,2026-10-07,synthetic,amazon:B09Q8WQ5QJ
Tata CLiQ,289.0,99.0,0.0,388.0,False,https://www.tatacliq.com/search/?searchCategory=all&text=Portronics+Konnect+L+60W+PD+Type+C+to+Type+C+Mobile+Charging+Cable%2C+1.2M%2C+Fast+D,2026-10-07,synthetic,amazon:B09Q8WQ5QJ
Flipkart,6679.0,0.0,3.0,6682.0,True,https://www.flipkart.com/search?q=Western+Digital+WD+2TB+My+Passport+Portable+Hard+Disk+Drive%2C+USB+3.0+with%C2%A0+Autom,2026-10-07,synthetic,amazon:B07VTFN6HM
Amazon,6849.0,0.0,5.0,6854.0,True,https://www.amazon.in/s?k=Western+Digital+WD+2TB+My+Passport+Portable+Hard+Disk+Drive%2C+USB+3.0+with%C2%A0+Autom,2026-10-07,synthetic_history,amazon:B07VTFN6HM
Reliance Digital,7159.0,0.0,0.0,7159.0,True,https://www.reliancedigital.in/search?q=Western+Digital+WD+2TB+My+Passport+Portable+Hard+Disk+Drive%2C+USB+3.0+with%C2%A0+Autom,2026-10-07,synthetic,amazon:B07VTFN6HM
Tata CLiQ,7249.0,0.0,0.0,7249.0,False,https://www.tatacliq.com/search/?searchCategory=all&text=Western+Digital+WD+2TB+My+Passport+Portable+Hard+Disk+Drive%2C+USB+3.0+with%C2%A0+Autom,2026-10-07,synthetic,amazon:B07VTFN6HM
Croma,7429.0,0.0,0.0,7429.0,False,https://www.google.com/search?q=site%3Acroma.com+Western+Digital+WD+2TB+My+Passport+Portable+Hard+Disk+Drive%2C+USB+3.0+with%C2%A0+Autom,2026-10-07,synthetic,amazon:B07VTFN6HM
Croma,359.0,0.0,0.0,359.0,True,https://www.google.com/search?q=site%3Acroma.com+ZEBRONICS+Zeb-Dash+Plus+2.4GHz+High+Precision+Wireless+Mouse+with+up+to+1600+DPI,2026-10-07,synthetic,amazon:B08YDFX7Y1
Flipkart,329.0,40.0,3.0,372.0,True,https://www.flipkart.com/search?q=ZEBRONICS+Zeb-Dash+Plus+2.4GHz+High+Precision+Wireless+Mouse+with+up+to+1600+DPI,2026-10-07,synthetic,amazon:B08YDFX7Y1
Amazon,329.0,40.0,5.0,374.0,True,https://www.amazon.in/s?k=ZEBRONICS+Zeb-Dash+Plus+2.4GHz+High+Precision+Wireless+Mouse+with+up+to+1600+DPI,2026-10-07,synthetic_history,amazon:B08YDFX7Y1
Reliance Digital,349.0,0.0,0.0,349.0,False,https://www.reliancedigital.in/search?q=ZEBRONICS+Zeb-Dash+Plus+2.4GHz+High+Precision+Wireless+Mouse+with+up+to+1600+DPI,2026-10-07,synthetic,amazon:B08YDFX7Y1
Tata CLiQ,349.0,99.0,0.0,448.0,False,https://www.tatacliq.com/search/?searchCategory=all&text=ZEBRONICS+Zeb-Dash+Plus+2.4GHz+High+Precision+Wireless+Mouse+with+up+to+1600+DPI,2026-10-07,synthetic,amazon:B08YDFX7Y1
Flipkart,1769.0,0.0,3.0,1772.0,True,https://www.flipkart.com/search?q=Logitech+MK270r+USB+Wireless+Keyboard+and+Mouse+Set+for+Windows%2C+2.4+GHz+Wireles,2026-10-07,synthetic,amazon:B00CEQEGPI
Amazon,1829.0,0.0,5.0,1834.0,True,https://www.amazon.in/s?k=Logitech+MK270r+USB+Wireless+Keyboard+and+Mouse+Set+for+Windows%2C+2.4+GHz+Wireles,2026-10-07,synthetic_history,amazon:B00CEQEGPI
Tata CLiQ,1609.0,0.0,0.0,1609.0,False,https://www.tatacliq.com/search/?searchCategory=all&text=Logitech+MK270r+USB+Wireless+Keyboard+and+Mouse+Set+for+Windows%2C+2.4+GHz+Wireles,2026-10-07,synthetic,amazon:B00CEQEGPI
Croma,1899.0,0.0,0.0,1899.0,False,https://www.google.com/search?q=site%3Acroma.com+Logitech+MK270r+USB+Wireless+Keyboard+and+Mouse+Set+for+Windows%2C+2.4+GHz+Wireles,2026-10-07,synthetic,amazon:B00CEQEGPI
Reliance Digital,1909.0,0.0,0.0,1909.0,False,https://www.reliancedigital.in/search?q=Logitech+MK270r+USB+Wireless+Keyboard+and+Mouse+Set+for+Windows%2C+2.4+GHz+Wireles,2026-10-07,synthetic,amazon:B00CEQEGPI
Reliance Digital,449.0,0.0,0.0,449.0,True,https://www.reliancedigital.in/search?q=BESTOR%C2%AE+LCD+Writing+Tablet%2Fpad+12+inches+%7C+Electronic+Writing+Scribble+Board+for,2026-10-07,synthetic,amazon:B08CZHGHKH
Flipkart,419.0,40.0,3.0,462.0,True,https://www.flipkart.com/search?q=BESTOR%C2%AE+LCD+Writing+Tablet%2Fpad+12+inches+%7C+Electronic+Writing+Scribble+Board+for,2026-10-07,synthetic,amazon:B08CZHGHKH
Amazon,429.0,40.0,5.0,474.0,True,https://www.amazon.in/s?k=BESTOR%C2%AE+LCD+Writing+Tablet%2Fpad+12+inches+%7C+Electronic+Writing+Scribble+Board+for,2026-10-07,synthetic_history,amazon:B08CZHGHKH
Croma,439.0,0.0,0.0,439.0,False,https://www.google.com/search?q=site%3Acroma.com+BESTOR%C2%AE+LCD+Writing+Tablet%2Fpad+12+inches+%7C+Electronic+Writing+Scribble+Board+for,2026-10-07,synthetic,amazon:B08CZHGHKH
Tata CLiQ,469.0,99.0,0.0,568.0,False,https://www.tatacliq.com/search/?searchCategory=all&text=BESTOR%C2%AE+LCD+Writing+Tablet%2Fpad+12+inches+%7C+Electronic+Writing+Scribble+Board+for,2026-10-07,synthetic,amazon:B08CZHGHKH
Reliance Digital,199.0,0.0,0.0,199.0,True,https://www.reliancedigital.in/search?q=Zebronics+CU3100V+Fast+charging+Type+C+cable+with+QC+18W+support%2C+3A+max+capacit,2026-10-07,synthetic,amazon:B0B65MJ45G
Amazon,199.0,40.0,5.0,244.0,True,https://www.amazon.in/s?k=Zebronics+CU3100V+Fast+charging+Type+C+cable+with+QC+18W+support%2C+3A+max+capacit,2026-10-07,synthetic_history,amazon:B0B65MJ45G
Flipkart,209.0,40.0,3.0,252.0,True,https://www.flipkart.com/search?q=Zebronics+CU3100V+Fast+charging+Type+C+cable+with+QC+18W+support%2C+3A+max+capacit,2026-10-07,synthetic,amazon:B0B65MJ45G
Croma,219.0,0.0,0.0,219.0,False,https://www.google.com/search?q=site%3Acroma.com+Zebronics+CU3100V+Fast+charging+Type+C+cable+with+QC+18W+support%2C+3A+max+capacit,2026-10-07,synthetic,amazon:B0B65MJ45G
Tata CLiQ,209.0,99.0,0.0,308.0,False,https://www.tatacliq.com/search/?searchCategory=all&text=Zebronics+CU3100V+Fast+charging+Type+C+cable+with+QC+18W+support%2C+3A+max+capacit,2026-10-07,synthetic,amazon:B0B65MJ45G
Flipkart,3169.0,0.0,3.0,3172.0,True,https://www.flipkart.com/search?q=Wacom+One+by+CTL-472%2FK0-CX+Digital+Drawing+Graphics+Pen+Tablet+%28Red+%26+Black%29+Sma,2026-10-07,synthetic,amazon:B078HRR1XV
Reliance Digital,3299.0,0.0,0.0,3299.0,True,https://www.reliancedigital.in/search?q=Wacom+One+by+CTL-472%2FK0-CX+Digital+Drawing+Graphics+Pen+Tablet+%28Red+%26+Black%29+Sma,2026-10-07,synthetic,amazon:B078HRR1XV
Amazon,3409.0,0.0,5.0,3414.0,True,https://www.amazon.in/s?k=Wacom+One+by+CTL-472%2FK0-CX+Digital+Drawing+Graphics+Pen+Tablet+%28Red+%26+Black%29+Sma,2026-10-07,synthetic_history,amazon:B078HRR1XV
Croma,3539.0,0.0,0.0,3539.0,True,https://www.google.com/search?q=site%3Acroma.com+Wacom+One+by+CTL-472%2FK0-CX+Digital+Drawing+Graphics+Pen+Tablet+%28Red+%26+Black%29+Sma,2026-10-07,synthetic,amazon:B078HRR1XV
Tata CLiQ,3639.0,0.0,0.0,3639.0,True,https://www.tatacliq.com/search/?searchCategory=all&text=Wacom+One+by+CTL-472%2FK0-CX+Digital+Drawing+Graphics+Pen+Tablet+%28Red+%26+Black%29+Sma,2026-10-07,synthetic,amazon:B078HRR1XV
Amazon,959.0,0.0,5.0,964.0,True,https://www.amazon.in/s?k=HP+150+Wireless+USB+Mouse+with+Ergonomic+and+ambidextrous+Design%2C+1600+DPI+Optic,2026-10-07,synthetic_history,amazon:B09GB5B4BK
Reliance Digital,1019.0,0.0,0.0,1019.0,True,https://www.reliancedigital.in/search?q=HP+150+Wireless+USB+Mouse+with+Ergonomic+and+ambidextrous+Design%2C+1600+DPI+Optic,2026-10-07,synthetic,amazon:B09GB5B4BK
Croma,1029.0,0.0,0.0,1029.0,True,https://www.google.com/search?q=site%3Acroma.com+HP+150+Wireless+USB+Mouse+with+Ergonomic+and+ambidextrous+Design%2C+1600+DPI+Optic,2026-10-07,synthetic,amazon:B09GB5B4BK
Tata CLiQ,859.0,99.0,0.0,958.0,False,https://www.tatacliq.com/search/?searchCategory=all&text=HP+150+Wireless+USB+Mouse+with+Ergonomic+and+ambidextrous+Design%2C+1600+DPI+Optic,2026-10-07,synthetic,amazon:B09GB5B4BK
Flipkart,989.0,0.0,3.0,992.0,False,https://www.flipkart.com/search?q=HP+150+Wireless+USB+Mouse+with+Ergonomic+and+ambidextrous+Design%2C+1600+DPI+Optic,2026-10-07,synthetic,amazon:B09GB5B4BK
Amazon,519.0,0.0,5.0,524.0,True,https://www.amazon.in/s?k=Wecool+Unbreakable+3+in+1+Charging+Cable+with+3A+Speed%2C+Fast+Charging+Multi+Purp,2026-10-07,synthetic_history,amazon:B0B4DT8MKT
Flipkart,499.0,40.0,3.0,542.0,True,https://www.flipkart.com/search?q=Wecool+Unbreakable+3+in+1+Charging+Cable+with+3A+Speed%2C+Fast+Charging+Multi+Purp,2026-10-07,synthetic,amazon:B0B4DT8MKT
Reliance Digital,549.0,0.0,0.0,549.0,True,https://www.reliancedigital.in/search?q=Wecool+Unbreakable+3+in+1+Charging+Cable+with+3A+Speed%2C+Fast+Charging+Multi+Purp,2026-10-07,synthetic,amazon:B0B4DT8MKT
Tata CLiQ,529.0,99.0,0.0,628.0,True,https://www.tatacliq.com/search/?searchCategory=all&text=Wecool+Unbreakable+3+in+1+Charging+Cable+with+3A+Speed%2C+Fast+Charging+Multi+Purp,2026-10-07,synthetic,amazon:B0B4DT8MKT
Croma,559.0,0.0,0.0,559.0,False,https://www.google.com/search?q=site%3Acroma.com+Wecool+Unbreakable+3+in+1+Charging+Cable+with+3A+Speed%2C+Fast+Charging+Multi+Purp,2026-10-07,synthetic,amazon:B0B4DT8MKT
Flipkart,1969.0,0.0,3.0,1972.0,True,https://www.flipkart.com/search?q=Redgear+Cosmo+7%2C1+Usb+Gaming+Wired+Over+Ear+Headphones+With+Mic+With+Virtual+Sur,2026-10-07,synthetic,amazon:B079S811J3
Amazon,2049.0,0.0,5.0,2054.0,True,https://www.amazon.in/s?k=Redgear+Cosmo+7%2C1+Usb+Gaming+Wired+Over+Ear+Headphones+With+Mic+With+Virtual+Sur,2026-10-07,synthetic_history,amazon:B079S811J3
Croma,2099.0,0.0,0.0,2099.0,True,https://www.google.com/search?q=site%3Acroma.com+Redgear+Cosmo+7%2C1+Usb+Gaming+Wired+Over+Ear+Headphones+With+Mic+With+Virtual+Sur,2026-10-07,synthetic,amazon:B079S811J3
Reliance Digital,2149.0,0.0,0.0,2149.0,True,https://www.reliancedigital.in/search?q=Redgear+Cosmo+7%2C1+Usb+Gaming+Wired+Over+Ear+Headphones+With+Mic+With+Virtual+Sur,2026-10-07,synthetic,amazon:B079S811J3
Tata CLiQ,2049.0,0.0,0.0,2049.0,False,https://www.tatacliq.com/search/?searchCategory=all&text=Redgear+Cosmo+7%2C1+Usb+Gaming+Wired+Over+Ear+Headphones+With+Mic+With+Virtual+Sur,2026-10-07,synthetic,amazon:B079S811J3
Croma,68.0,0.0,0.0,68.0,True,https://www.google.com/search?q=site%3Acroma.com+Flix+Micro+Usb+Cable+For+Smartphone+%28Black%29,2026-10-07,synthetic,amazon:B09NHVCHS9
Amazon,67.0,40.0,5.0,112.0,True,https://www.amazon.in/s?k=Flix+Micro+Usb+Cable+For+Smartphone+%28Black%29,2026-10-07,synthetic_history,amazon:B09NHVCHS9
Flipkart,73.0,40.0,3.0,116.0,True,https://www.flipkart.com/search?q=Flix+Micro+Usb+Cable+For+Smartphone+%28Black%29,2026-10-07,synthetic,amazon:B09NHVCHS9
Reliance Digital,68.0,0.0,0.0,68.0,False,https://www.reliancedigital.in/search?q=Flix+Micro+Usb+Cable+For+Smartphone+%28Black%29,2026-10-07,synthetic,amazon:B09NHVCHS9
Tata CLiQ,68.0,99.0,0.0,167.0,False,https://www.tatacliq.com/search/?searchCategory=all&text=Flix+Micro+Usb+Cable+For+Smartphone+%28Black%29,2026-10-07,synthetic,amazon:B09NHVCHS9
Flipkart,359.0,40.0,3.0,402.0,True,https://www.flipkart.com/search?q=Synqe+Type+C+to+Type+C+Short+Fast+Charging+60W+Cable+Compatible+with+Samsung+Gal,2026-10-07,synthetic,amazon:B08V9C4B1J
Amazon,379.0,40.0,5.0,424.0,True,https://www.amazon.in/s?k=Synqe+Type+C+to+Type+C+Short+Fast+Charging+60W+Cable+Compatible+with+Samsung+Gal,2026-10-07,synthetic_history,amazon:B08V9C4B1J
Croma,389.0,0.0,0.0,389.0,False,https://www.google.com/search?q=site%3Acroma.com+Synqe+Type+C+to+Type+C+Short+Fast+Charging+60W+Cable+Compatible+with+Samsung+Gal,2026-10-07,synthetic,amazon:B08V9C4B1J
Reliance Digital,389.0,0.0,0.0,389.0,False,https://www.reliancedigital.in/search?q=Synqe+Type+C+to+Type+C+Short+Fast+Charging+60W+Cable+Compatible+with+Samsung+Gal,2026-10-07,synthetic,amazon:B08V9C4B1J
Tata CLiQ,389.0,99.0,0.0,488.0,False,https://www.tatacliq.com/search/?searchCategory=all&text=Synqe+Type+C+to+Type+C+Short+Fast+Charging+60W+Cable+Compatible+with+Samsung+Gal,2026-10-07,synthetic,amazon:B08V9C4B1J
Amazon,619.0,0.0,5.0,624.0,True,https://www.amazon.in/s?k=Gizga+Essentials+Multi-Purpose+Portable+%26+Foldable+Wooden+Desk+for+Bed+Tray%2C+Lap,2026-10-07,synthetic_history,amazon:B07MSLTW8Z
Flipkart,629.0,0.0,3.0,632.0,True,https://www.flipkart.com/search?q=Gizga+Essentials+Multi-Purpose+Portable+%26+Foldable+Wooden+Desk+for+Bed+Tray%2C+Lap,2026-10-07,synthetic,amazon:B07MSLTW8Z
Reliance Digital,659.0,0.0,0.0,659.0,True,https://www.reliancedigital.in/search?q=Gizga+Essentials+Multi-Purpose+Portable+%26+Foldable+Wooden+Desk+for+Bed+Tray%2C+Lap,2026-10-07,synthetic,amazon:B07MSLTW8Z
Croma,669.0,0.0,0.0,669.0,True,https://www.google.com/search?q=site%3Acroma.com+Gizga+Essentials+Multi-Purpose+Portable+%26+Foldable+Wooden+Desk+for+Bed+Tray%2C+Lap,2026-10-07,synthetic,amazon:B07MSLTW8Z
Tata CLiQ,669.0,99.0,0.0,768.0,False,https://www.tatacliq.com/search/?searchCategory=all&text=Gizga+Essentials+Multi-Purpose+Portable+%26+Foldable+Wooden+Desk+for+Bed+Tray%2C+Lap,2026-10-07,synthetic,amazon:B07MSLTW8Z
Croma,309.0,0.0,0.0,309.0,True,https://www.google.com/search?q=site%3Acroma.com+Portronics+Konnect+L+1.2Mtr%2C+Fast+Charging+3A+Micro+USB+Cable+with+Charge+%26+Sync,2026-10-07,synthetic,amazon:B08CDKQ8T6
Amazon,299.0,40.0,5.0,344.0,True,https://www.amazon.in/s?k=Portronics+Konnect+L+1.2Mtr%2C+Fast+Charging+3A+Micro+USB+Cable+with+Charge+%26+Sync,2026-10-07,synthetic_history,amazon:B08CDKQ8T6
Flipkart,309.0,40.0,3.0,352.0,True,https://www.flipkart.com/search?q=Portronics+Konnect+L+1.2Mtr%2C+Fast+Charging+3A+Micro+USB+Cable+with+Charge+%26+Sync,2026-10-07,synthetic,amazon:B08CDKQ8T6
Reliance Digital,299.0,0.0,0.0,299.0,False,https://www.reliancedigital.in/search?q=Portronics+Konnect+L+1.2Mtr%2C+Fast+Charging+3A+Micro+USB+Cable+with+Charge+%26+Sync,2026-10-07,synthetic,amazon:B08CDKQ8T6
Tata CLiQ,329.0,99.0,0.0,428.0,False,https://www.tatacliq.com/search/?searchCategory=all&text=Portronics+Konnect+L+1.2Mtr%2C+Fast+Charging+3A+Micro+USB+Cable+with+Charge+%26+Sync,2026-10-07,synthetic,amazon:B08CDKQ8T6
Flipkart,699.0,0.0,3.0,702.0,True,https://www.flipkart.com/search?q=Robustrion+Anti-Scratch+%26+Smudge+Proof+Tempered+Glass+Screen+Protector+for+Xiaom,2026-10-07,synthetic,amazon:B0B2CPVXHX
Amazon,749.0,0.0,5.0,754.0,True,https://www.amazon.in/s?k=Robustrion+Anti-Scratch+%26+Smudge+Proof+Tempered+Glass+Screen+Protector+for+Xiaom,2026-10-07,synthetic_history,amazon:B0B2CPVXHX
Reliance Digital,789.0,0.0,0.0,789.0,True,https://www.reliancedigital.in/search?q=Robustrion+Anti-Scratch+%26+Smudge+Proof+Tempered+Glass+Screen+Protector+for+Xiaom,2026-10-07,synthetic,amazon:B0B2CPVXHX
Tata CLiQ,729.0,99.0,0.0,828.0,True,https://www.tatacliq.com/search/?searchCategory=all&text=Robustrion+Anti-Scratch+%26+Smudge+Proof+Tempered+Glass+Screen+Protector+for+Xiaom,2026-10-07,synthetic,amazon:B0B2CPVXHX
Croma,799.0,0.0,0.0,799.0,False,https://www.google.com/search?q=site%3Acroma.com+Robustrion+Anti-Scratch+%26+Smudge+Proof+Tempered+Glass+Screen+Protector+for+Xiaom,2026-10-07,synthetic,amazon:B0B2CPVXHX
Amazon,549.0,0.0,5.0,554.0,True,https://www.amazon.in/s?k=MI+Xiaomi+22.5W+Fast+USB+Type+C+Charger+Combo+for+Tablets+-+White,2026-10-07,synthetic_history,amazon:B09XBJ1CTN
Flipkart,569.0,0.0,3.0,572.0,True,https://www.flipkart.com/search?q=MI+Xiaomi+22.5W+Fast+USB+Type+C+Charger+Combo+for+Tablets+-+White,2026-10-07,synthetic,amazon:B09XBJ1CTN
Reliance Digital,599.0,0.0,0.0,599.0,True,https://www.reliancedigital.in/search?q=MI+Xiaomi+22.5W+Fast+USB+Type+C+Charger+Combo+for+Tablets+-+White,2026-10-07,synthetic,amazon:B09XBJ1CTN
Croma,569.0,0.0,0.0,569.0,False,https://www.google.com/search?q=site%3Acroma.com+MI+Xiaomi+22.5W+Fast+USB+Type+C+Charger+Combo+for+Tablets+-+White,2026-10-07,synthetic,amazon:B09XBJ1CTN
Tata CLiQ,579.0,99.0,0.0,678.0,False,https://www.tatacliq.com/search/?searchCategory=all&text=MI+Xiaomi+22.5W+Fast+USB+Type+C+Charger+Combo+for+Tablets+-+White,2026-10-07,synthetic,amazon:B09XBJ1CTN
Amazon,1639.0,0.0,5.0,1644.0,True,https://www.amazon.in/s?k=Ambrane+10000mAh+Slim+Power+Bank%2C+20W+Fast+Charging%2C+Dual+Output%2C+Type+C+PD+%28Inp,2026-10-07,synthetic_history,amazon:B09MZCQYHZ
Flipkart,1679.0,0.0,3.0,1682.0,True,https://www.flipkart.com/search?q=Ambrane+10000mAh+Slim+Power+Bank%2C+20W+Fast+Charging%2C+Dual+Output%2C+Type+C+PD+%28Inp,2026-10-07,synthetic,amazon:B09MZCQYHZ
Croma,1689.0,0.0,0.0,1689.0,True,https://www.google.com/search?q=site%3Acroma.com+Ambrane+10000mAh+Slim+Power+Bank%2C+20W+Fast+Charging%2C+Dual+Output%2C+Type+C+PD+%28Inp,2026-10-07,synthetic,amazon:B09MZCQYHZ
Tata CLiQ,1629.0,0.0,0.0,1629.0,False,https://www.tatacliq.com/search/?searchCategory=all&text=Ambrane+10000mAh+Slim+Power+Bank%2C+20W+Fast+Charging%2C+Dual+Output%2C+Type+C+PD+%28Inp,2026-10-07,synthetic,amazon:B09MZCQYHZ
Reliance Digital,1709.0,0.0,0.0,1709.0,False,https://www.reliancedigital.in/search?q=Ambrane+10000mAh+Slim+Power+Bank%2C+20W+Fast+Charging%2C+Dual+Output%2C+Type+C+PD+%28Inp,2026-10-07,synthetic,amazon:B09MZCQYHZ
Amazon,4139.0,0.0,5.0,4144.0,True,https://www.amazon.in/s?k=boAt+Newly+Launched+Wave+Electra+with+1.81%22+HD+Display%2C+Smart+Calling+with+Ultra,2026-10-07,synthetic_history,amazon:B0BNV7JM5Y
Flipkart,4279.0,0.0,3.0,4282.0,True,https://www.flipkart.com/search?q=boAt+Newly+Launched+Wave+Electra+with+1.81%22+HD+Display%2C+Smart+Calling+with+Ultra,2026-10-07,synthetic,amazon:B0BNV7JM5Y
Reliance Digital,4409.0,0.0,0.0,4409.0,True,https://www.reliancedigital.in/search?q=boAt+Newly+Launched+Wave+Electra+with+1.81%22+HD+Display%2C+Smart+Calling+with+Ultra,2026-10-07,synthetic,amazon:B0BNV7JM5Y
Croma,4149.0,0.0,0.0,4149.0,False,https://www.google.com/search?q=site%3Acroma.com+boAt+Newly+Launched+Wave+Electra+with+1.81%22+HD+Display%2C+Smart+Calling+with+Ultra,2026-10-07,synthetic,amazon:B0BNV7JM5Y
Tata CLiQ,4339.0,0.0,0.0,4339.0,False,https://www.tatacliq.com/search/?searchCategory=all&text=boAt+Newly+Launched+Wave+Electra+with+1.81%22+HD+Display%2C+Smart+Calling+with+Ultra,2026-10-07,synthetic,amazon:B0BNV7JM5Y
Flipkart,359.0,40.0,3.0,402.0,True,https://www.flipkart.com/search?q=7SEVEN%C2%AE+Compatible+for+Mi+tv+Remote+Control+Original+Suitable+with+Smart+Android,2026-10-07,synthetic,amazon:B09B125CFJ
Amazon,359.0,40.0,5.0,404.0,True,https://www.amazon.in/s?k=7SEVEN%C2%AE+Compatible+for+Mi+tv+Remote+Control+Original+Suitable+with+Smart+Android,2026-10-07,synthetic_history,amazon:B09B125CFJ
Croma,369.0,0.0,0.0,369.0,False,https://www.google.com/search?q=site%3Acroma.com+7SEVEN%C2%AE+Compatible+for+Mi+tv+Remote+Control+Original+Suitable+with+Smart+Android,2026-10-07,synthetic,amazon:B09B125CFJ
Reliance Digital,379.0,0.0,0.0,379.0,False,https://www.reliancedigital.in/search?q=7SEVEN%C2%AE+Compatible+for+Mi+tv+Remote+Control+Original+Suitable+with+Smart+Android,2026-10-07,synthetic,amazon:B09B125CFJ
Tata CLiQ,339.0,99.0,0.0,438.0,False,https://www.tatacliq.com/search/?searchCategory=all&text=7SEVEN%C2%AE+Compatible+for+Mi+tv+Remote+Control+Original+Suitable+with+Smart+Android,2026-10-07,synthetic,amazon:B09B125CFJ
Amazon,8629.0,0.0,5.0,8634.0,True,https://www.amazon.in/s?k=Redmi+9A+Sport+%28Carbon+Black%2C+2GB+RAM%2C+32GB+Storage%29+%7C+2GHz+Octa-core+Helio+G25+,2026-10-07,synthetic_history,amazon:B09GFM8CGS
Flipkart,8709.0,0.0,3.0,8712.0,True,https://www.flipkart.com/search?q=Redmi+9A+Sport+%28Carbon+Black%2C+2GB+RAM%2C+32GB+Storage%29+%7C+2GHz+Octa-core+Helio+G25+,2026-10-07,synthetic,amazon:B09GFM8CGS
Reliance Digital,8779.0,0.0,0.0,8779.0,True,https://www.reliancedigital.in/search?q=Redmi+9A+Sport+%28Carbon+Black%2C+2GB+RAM%2C+32GB+Storage%29+%7C+2GHz+Octa-core+Helio+G25+,2026-10-07,synthetic,amazon:B09GFM8CGS
Croma,8879.0,0.0,0.0,8879.0,False,https://www.google.com/search?q=site%3Acroma.com+Redmi+9A+Sport+%28Carbon+Black%2C+2GB+RAM%2C+32GB+Storage%29+%7C+2GHz+Octa-core+Helio+G25+,2026-10-07,synthetic,amazon:B09GFM8CGS
Tata CLiQ,8919.0,0.0,0.0,8919.0,False,https://www.tatacliq.com/search/?searchCategory=all&text=Redmi+9A+Sport+%28Carbon+Black%2C+2GB+RAM%2C+32GB+Storage%29+%7C+2GHz+Octa-core+Helio+G25+,2026-10-07,synthetic,amazon:B09GFM8CGS
Amazon,40189.0,0.0,5.0,40194.0,True,https://www.amazon.in/s?k=Kodak+139+cm+%2855+inches%29+4K+Ultra+HD+Smart+LED+TV+55CA0909+%28Black%29,2026-10-07,synthetic_history,amazon:B08XXF5V6G
Tata CLiQ,42199.0,0.0,0.0,42199.0,True,https://www.tatacliq.com/search/?searchCategory=all&text=Kodak+139+cm+%2855+inches%29+4K+Ultra+HD+Smart+LED+TV+55CA0909+%28Black%29,2026-10-07,synthetic,amazon:B08XXF5V6G
Croma,42699.0,0.0,0.0,42699.0,True,https://www.google.com/search?q=site%3Acroma.com+Kodak+139+cm+%2855+inches%29+4K+Ultra+HD+Smart+LED+TV+55CA0909+%28Black%29,2026-10-07,synthetic,amazon:B08XXF5V6G
Flipkart,44799.0,0.0,3.0,44802.0,True,https://www.flipkart.com/search?q=Kodak+139+cm+%2855+inches%29+4K+Ultra+HD+Smart+LED+TV+55CA0909+%28Black%29,2026-10-07,synthetic,amazon:B08XXF5V6G
Reliance Digital,43469.0,0.0,0.0,43469.0,False,https://www.reliancedigital.in/search?q=Kodak+139+cm+%2855+inches%29+4K+Ultra+HD+Smart+LED+TV+55CA0909+%28Black%29,2026-10-07,synthetic,amazon:B08XXF5V6G
Amazon,44379.0,0.0,5.0,44384.0,True,https://www.amazon.in/s?k=TCL+108+cm+%2843+inches%29+4K+Ultra+HD+Certified+Android+Smart+LED+TV+43P615+%28Black%29,2026-10-07,synthetic_history,amazon:B08FD2VSD9
Flipkart,46899.0,0.0,3.0,46902.0,True,https://www.flipkart.com/search?q=TCL+108+cm+%2843+inches%29+4K+Ultra+HD+Certified+Android+Smart+LED+TV+43P615+%28Black%29,2026-10-07,synthetic,amazon:B08FD2VSD9
Reliance Digital,49349.0,0.0,0.0,49349.0,True,https://www.reliancedigital.in/search?q=TCL+108+cm+%2843+inches%29+4K+Ultra+HD+Certified+Android+Smart+LED+TV+43P615+%28Black%29,2026-10-07,synthetic,amazon:B08FD2VSD9
Croma,45449.0,0.0,0.0,45449.0,False,https://www.google.com/search?q=site%3Acroma.com+TCL+108+cm+%2843+inches%29+4K+Ultra+HD+Certified+Android+Smart+LED+TV+43P615+%28Black%29,2026-10-07,synthetic,amazon:B08FD2VSD9
Tata CLiQ,46469.0,0.0,0.0,46469.0,False,https://www.tatacliq.com/search/?searchCategory=all&text=TCL+108+cm+%2843+inches%29+4K+Ultra+HD+Certified+Android+Smart+LED+TV+43P615+%28Black%29,2026-10-07,synthetic,amazon:B08FD2VSD9
Croma,509.0,0.0,0.0,509.0,True,https://www.google.com/search?q=site%3Acroma.com+Samsung+Ehs64+Ehs64Avfwecinu+Hands-Free+Wired+In+Ear+Earphones+With+Mic+With+Rem,2026-10-07,synthetic,amazon:B01F25X6RQ
Flipkart,469.0,40.0,3.0,512.0,True,https://www.flipkart.com/search?q=Samsung+Ehs64+Ehs64Avfwecinu+Hands-Free+Wired+In+Ear+Earphones+With+Mic+With+Rem,2026-10-07,synthetic,amazon:B01F25X6RQ
Amazon,479.0,40.0,5.0,524.0,True,https://www.amazon.in/s?k=Samsung+Ehs64+Ehs64Avfwecinu+Hands-Free+Wired+In+Ear+Earphones+With+Mic+With+Rem,2026-10-07,synthetic_history,amazon:B01F25X6RQ
Tata CLiQ,509.0,99.0,0.0,608.0,True,https://www.tatacliq.com/search/?searchCategory=all&text=Samsung+Ehs64+Ehs64Avfwecinu+Hands-Free+Wired+In+Ear+Earphones+With+Mic+With+Rem,2026-10-07,synthetic,amazon:B01F25X6RQ
Reliance Digital,499.0,0.0,0.0,499.0,False,https://www.reliancedigital.in/search?q=Samsung+Ehs64+Ehs64Avfwecinu+Hands-Free+Wired+In+Ear+Earphones+With+Mic+With+Rem,2026-10-07,synthetic,amazon:B01F25X6RQ
Amazon,2509.0,0.0,5.0,2514.0,True,https://www.amazon.in/s?k=Irusu+Play+VR+Plus+Virtual+Reality+Headset+with+Headphones+for+Gaming+%28Black%29,2026-10-07,synthetic_history,amazon:B097JVLW3L
Reliance Digital,2609.0,0.0,0.0,2609.0,True,https://www.reliancedigital.in/search?q=Irusu+Play+VR+Plus+Virtual+Reality+Headset+with+Headphones+for+Gaming+%28Black%29,2026-10-07,synthetic,amazon:B097JVLW3L
Croma,2719.0,0.0,0.0,2719.0,True,https://www.google.com/search?q=site%3Acroma.com+Irusu+Play+VR+Plus+Virtual+Reality+Headset+with+Headphones+for+Gaming+%28Black%29,2026-10-07,synthetic,amazon:B097JVLW3L
Flipkart,2449.0,0.0,3.0,2452.0,False,https://www.flipkart.com/search?q=Irusu+Play+VR+Plus+Virtual+Reality+Headset+with+Headphones+for+Gaming+%28Black%29,2026-10-07,synthetic,amazon:B097JVLW3L
Tata CLiQ,2649.0,0.0,0.0,2649.0,False,https://www.tatacliq.com/search/?searchCategory=all&text=Irusu+Play+VR+Plus+Virtual+Reality+Headset+with+Headphones+for+Gaming+%28Black%29,2026-10-07,synthetic,amazon:B097JVLW3L
Amazon,1349.0,0.0,5.0,1354.0,True,https://www.amazon.in/s?k=Duracell+38W+Fast+Car+Charger+Adapter+with+Dual+Output.+Quick+Charge%2C+Type+C+PD+,2026-10-07,synthetic_history,amazon:B09FFK1PQG
Reliance Digital,1359.0,0.0,0.0,1359.0,True,https://www.reliancedigital.in/search?q=Duracell+38W+Fast+Car+Charger+Adapter+with+Dual+Output.+Quick+Charge%2C+Type+C+PD+,2026-10-07,synthetic,amazon:B09FFK1PQG
Croma,1419.0,0.0,0.0,1419.0,True,https://www.google.com/search?q=site%3Acroma.com+Duracell+38W+Fast+Car+Charger+Adapter+with+Dual+Output.+Quick+Charge%2C+Type+C+PD+,2026-10-07,synthetic,amazon:B09FFK1PQG
Tata CLiQ,1379.0,0.0,0.0,1379.0,False,https://www.tatacliq.com/search/?searchCategory=all&text=Duracell+38W+Fast+Car+Charger+Adapter+with+Dual+Output.+Quick+Charge%2C+Type+C+PD+,2026-10-07,synthetic,amazon:B09FFK1PQG
Flipkart,1379.0,0.0,3.0,1382.0,False,https://www.flipkart.com/search?q=Duracell+38W+Fast+Car+Charger+Adapter+with+Dual+Output.+Quick+Charge%2C+Type+C+PD+,2026-10-07,synthetic,amazon:B09FFK1PQG
Flipkart,21919.0,0.0,3.0,21922.0,True,https://www.flipkart.com/search?q=iQOO+vivo+Z6+5G+%28Dynamo+Black%2C+6GB+RAM%2C+128GB+Storage%29+%7C+Snapdragon+695-6nm+Proc,2026-10-07,synthetic,amazon:B07WJWRNVK
Tata CLiQ,22419.0,0.0,0.0,22419.0,True,https://www.tatacliq.com/search/?searchCategory=all&text=iQOO+vivo+Z6+5G+%28Dynamo+Black%2C+6GB+RAM%2C+128GB+Storage%29+%7C+Snapdragon+695-6nm+Proc,2026-10-07,synthetic,amazon:B07WJWRNVK
Amazon,22729.0,0.0,5.0,22734.0,True,https://www.amazon.in/s?k=iQOO+vivo+Z6+5G+%28Dynamo+Black%2C+6GB+RAM%2C+128GB+Storage%29+%7C+Snapdragon+695-6nm+Proc,2026-10-07,synthetic_history,amazon:B07WJWRNVK
Reliance Digital,23399.0,0.0,0.0,23399.0,True,https://www.reliancedigital.in/search?q=iQOO+vivo+Z6+5G+%28Dynamo+Black%2C+6GB+RAM%2C+128GB+Storage%29+%7C+Snapdragon+695-6nm+Proc,2026-10-07,synthetic,amazon:B07WJWRNVK
Croma,24949.0,0.0,0.0,24949.0,False,https://www.google.com/search?q=site%3Acroma.com+iQOO+vivo+Z6+5G+%28Dynamo+Black%2C+6GB+RAM%2C+128GB+Storage%29+%7C+Snapdragon+695-6nm+Proc,2026-10-07,synthetic,amazon:B07WJWRNVK
Amazon,1669.0,0.0,5.0,1674.0,True,https://www.amazon.in/s?k=Tukzer+Stylus+Pen%2C+iPad+Pencil+with+Palm+Rejection+Tilt+Sensor%7C+2nd+Gen+for+2018,2026-10-07,synthetic_history,amazon:B08KRMK9LZ
Reliance Digital,1769.0,0.0,0.0,1769.0,True,https://www.reliancedigital.in/search?q=Tukzer+Stylus+Pen%2C+iPad+Pencil+with+Palm+Rejection+Tilt+Sensor%7C+2nd+Gen+for+2018,2026-10-07,synthetic,amazon:B08KRMK9LZ
Tata CLiQ,1779.0,0.0,0.0,1779.0,True,https://www.tatacliq.com/search/?searchCategory=all&text=Tukzer+Stylus+Pen%2C+iPad+Pencil+with+Palm+Rejection+Tilt+Sensor%7C+2nd+Gen+for+2018,2026-10-07,synthetic,amazon:B08KRMK9LZ
Flipkart,1619.0,0.0,3.0,1622.0,False,https://www.flipkart.com/search?q=Tukzer+Stylus+Pen%2C+iPad+Pencil+with+Palm+Rejection+Tilt+Sensor%7C+2nd+Gen+for+2018,2026-10-07,synthetic,amazon:B08KRMK9LZ
Croma,1679.0,0.0,0.0,1679.0,False,https://www.google.com/search?q=site%3Acroma.com+Tukzer+Stylus+Pen%2C+iPad+Pencil+with+Palm+Rejection+Tilt+Sensor%7C+2nd+Gen+for+2018,2026-10-07,synthetic,amazon:B08KRMK9LZ
Reliance Digital,489.0,0.0,0.0,489.0,True,https://www.reliancedigital.in/search?q=Rts%E2%84%A2+High+Speed+3D+Full+HD+1080p+Support+%2810+Meters%29+HDMI+Male+to+HDMI+Male+Cabl,2026-10-07,synthetic,amazon:B0718ZN31Q
Flipkart,449.0,40.0,3.0,492.0,True,https://www.flipkart.com/search?q=Rts%E2%84%A2+High+Speed+3D+Full+HD+1080p+Support+%2810+Meters%29+HDMI+Male+to+HDMI+Male+Cabl,2026-10-07,synthetic,amazon:B0718ZN31Q
Amazon,449.0,40.0,5.0,494.0,True,https://www.amazon.in/s?k=Rts%E2%84%A2+High+Speed+3D+Full+HD+1080p+Support+%2810+Meters%29+HDMI+Male+to+HDMI+Male+Cabl,2026-10-07,synthetic_history,amazon:B0718ZN31Q
Croma,449.0,0.0,0.0,449.0,False,https://www.google.com/search?q=site%3Acroma.com+Rts%E2%84%A2+High+Speed+3D+Full+HD+1080p+Support+%2810+Meters%29+HDMI+Male+to+HDMI+Male+Cabl,2026-10-07,synthetic,amazon:B0718ZN31Q
Tata CLiQ,419.0,99.0,0.0,518.0,False,https://www.tatacliq.com/search/?searchCategory=all&text=Rts%E2%84%A2+High+Speed+3D+Full+HD+1080p+Support+%2810+Meters%29+HDMI+Male+to+HDMI+Male+Cabl,2026-10-07,synthetic,amazon:B0718ZN31Q
Tata CLiQ,14979.0,0.0,0.0,14979.0,True,https://www.tatacliq.com/search/?searchCategory=all&text=Redmi+Note+11+%28Space+Black%2C+6GB+RAM%2C+64GB+Storage%29+%7C+90Hz+FHD%2B+AMOLED+Display+%7C+,2026-10-07,synthetic,amazon:B09QS9X16F
Amazon,15659.0,0.0,5.0,15664.0,True,https://www.amazon.in/s?k=Redmi+Note+11+%28Space+Black%2C+6GB+RAM%2C+64GB+Storage%29+%7C+90Hz+FHD%2B+AMOLED+Display+%7C+,2026-10-07,synthetic_history,amazon:B09QS9X16F
Croma,16039.0,0.0,0.0,16039.0,True,https://www.google.com/search?q=site%3Acroma.com+Redmi+Note+11+%28Space+Black%2C+6GB+RAM%2C+64GB+Storage%29+%7C+90Hz+FHD%2B+AMOLED+Display+%7C+,2026-10-07,synthetic,amazon:B09QS9X16F
Flipkart,16229.0,0.0,3.0,16232.0,True,https://www.flipkart.com/search?q=Redmi+Note+11+%28Space+Black%2C+6GB+RAM%2C+64GB+Storage%29+%7C+90Hz+FHD%2B+AMOLED+Display+%7C+,2026-10-07,synthetic,amazon:B09QS9X16F
Reliance Digital,17139.0,0.0,0.0,17139.0,False,https://www.reliancedigital.in/search?q=Redmi+Note+11+%28Space+Black%2C+6GB+RAM%2C+64GB+Storage%29+%7C+90Hz+FHD%2B+AMOLED+Display+%7C+,2026-10-07,synthetic,amazon:B09QS9X16F
Reliance Digital,7909.0,0.0,0.0,7909.0,True,https://www.reliancedigital.in/search?q=EGate+i9+Pro-Max+1080p+Native+Full+HD+Projector+4k+Support+%7C+3600+L+%28330+ANSI+%29+,2026-10-07,synthetic,amazon:B088Z1YWBC
Amazon,7949.0,0.0,5.0,7954.0,True,https://www.amazon.in/s?k=EGate+i9+Pro-Max+1080p+Native+Full+HD+Projector+4k+Support+%7C+3600+L+%28330+ANSI+%29+,2026-10-07,synthetic_history,amazon:B088Z1YWBC
Croma,8069.0,0.0,0.0,8069.0,True,https://www.google.com/search?q=site%3Acroma.com+EGate+i9+Pro-Max+1080p+Native+Full+HD+Projector+4k+Support+%7C+3600+L+%28330+ANSI+%29+,2026-10-07,synthetic,amazon:B088Z1YWBC
Flipkart,8969.0,0.0,3.0,8972.0,True,https://www.flipkart.com/search?q=EGate+i9+Pro-Max+1080p+Native+Full+HD+Projector+4k+Support+%7C+3600+L+%28330+ANSI+%29+,2026-10-07,synthetic,amazon:B088Z1YWBC
Tata CLiQ,8029.0,0.0,0.0,8029.0,False,https://www.tatacliq.com/search/?searchCategory=all&text=EGate+i9+Pro-Max+1080p+Native+Full+HD+Projector+4k+Support+%7C+3600+L+%28330+ANSI+%29+,2026-10-07,synthetic,amazon:B088Z1YWBC
Amazon,1829.0,0.0,5.0,1834.0,True,https://www.amazon.in/s?k=Sony+WI-C100+Wireless+Headphones+with+Customizable+Equalizer+for+Deep+Bass+%26+25+,2026-10-07,synthetic_history,amazon:B09YLFHFDW
Croma,1889.0,0.0,0.0,1889.0,True,https://www.google.com/search?q=site%3Acroma.com+Sony+WI-C100+Wireless+Headphones+with+Customizable+Equalizer+for+Deep+Bass+%26+25+,2026-10-07,synthetic,amazon:B09YLFHFDW
Reliance Digital,1909.0,0.0,0.0,1909.0,True,https://www.reliancedigital.in/search?q=Sony+WI-C100+Wireless+Headphones+with+Customizable+Equalizer+for+Deep+Bass+%26+25+,2026-10-07,synthetic,amazon:B09YLFHFDW
Tata CLiQ,2039.0,0.0,0.0,2039.0,True,https://www.tatacliq.com/search/?searchCategory=all&text=Sony+WI-C100+Wireless+Headphones+with+Customizable+Equalizer+for+Deep+Bass+%26+25+,2026-10-07,synthetic,amazon:B09YLFHFDW
Flipkart,1899.0,0.0,3.0,1902.0,False,https://www.flipkart.com/search?q=Sony+WI-C100+Wireless+Headphones+with+Customizable+Equalizer+for+Deep+Bass+%26+25+,2026-10-07,synthetic,amazon:B09YLFHFDW
Reliance Digital,1909.0,0.0,0.0,1909.0,True,https://www.reliancedigital.in/search?q=Model-P4+6+Way+Swivel+Tilt+Wall+Mount+32-55-inch+Full+Motion+Cantilever+for+LED%2C,2026-10-07,synthetic,amazon:B07966M8XH
Amazon,1919.0,0.0,5.0,1924.0,True,https://www.amazon.in/s?k=Model-P4+6+Way+Swivel+Tilt+Wall+Mount+32-55-inch+Full+Motion+Cantilever+for+LED%2C,2026-10-07,synthetic_history,amazon:B07966M8XH
Croma,2029.0,0.0,0.0,2029.0,True,https://www.google.com/search?q=site%3Acroma.com+Model-P4+6+Way+Swivel+Tilt+Wall+Mount+32-55-inch+Full+Motion+Cantilever+for+LED%2C,2026-10-07,synthetic,amazon:B07966M8XH
Flipkart,2029.0,0.0,3.0,2032.0,True,https://www.flipkart.com/search?q=Model-P4+6+Way+Swivel+Tilt+Wall+Mount+32-55-inch+Full+Motion+Cantilever+for+LED%2C,2026-10-07,synthetic,amazon:B07966M8XH
Tata CLiQ,1919.0,0.0,0.0,1919.0,False,https://www.tatacliq.com/search/?searchCategory=all&text=Model-P4+6+Way+Swivel+Tilt+Wall+Mount+32-55-inch+Full+Motion+Cantilever+for+LED%2C,2026-10-07,synthetic,amazon:B07966M8XH
Flipkart,509.0,0.0,3.0,512.0,True,https://www.flipkart.com/search?q=Amazon+Basics+10.2+Gbps+High-Speed+4K+HDMI+Cable+with+Braided+Cord%2C+1.8+Meter%2C+D,2026-10-07,synthetic,amazon:B07RX14W1Q
Amazon,519.0,0.0,5.0,524.0,True,https://www.amazon.in/s?k=Amazon+Basics+10.2+Gbps+High-Speed+4K+HDMI+Cable+with+Braided+Cord%2C+1.8+Meter%2C+D,2026-10-07,synthetic_history,amazon:B07RX14W1Q
Croma,539.0,0.0,0.0,539.0,True,https://www.google.com/search?q=site%3Acroma.com+Amazon+Basics+10.2+Gbps+High-Speed+4K+HDMI+Cable+with+Braided+Cord%2C+1.8+Meter%2C+D,2026-10-07,synthetic,amazon:B07RX14W1Q
Reliance Digital,539.0,0.0,0.0,539.0,True,https://www.reliancedigital.in/search?q=Amazon+Basics+10.2+Gbps+High-Speed+4K+HDMI+Cable+with+Braided+Cord%2C+1.8+Meter%2C+D,2026-10-07,synthetic,amazon:B07RX14W1Q
Tata CLiQ,529.0,99.0,0.0,628.0,True,https://www.tatacliq.com/search/?searchCategory=all&text=Amazon+Basics+10.2+Gbps+High-Speed+4K+HDMI+Cable+with+Braided+Cord%2C+1.8+Meter%2C+D,2026-10-07,synthetic,amazon:B07RX14W1Q
Amazon,2279.0,0.0,5.0,2284.0,True,https://www.amazon.in/s?k=Fire-Boltt+Ninja+Call+Pro+Plus+1.83%22+Smart+Watch+with+Bluetooth+Calling%2C+AI+Voic,2026-10-07,synthetic_history,amazon:B0BF54LXW6
Croma,2409.0,0.0,0.0,2409.0,True,https://www.google.com/search?q=site%3Acroma.com+Fire-Boltt+Ninja+Call+Pro+Plus+1.83%22+Smart+Watch+with+Bluetooth+Calling%2C+AI+Voic,2026-10-07,synthetic,amazon:B0BF54LXW6
Reliance Digital,2329.0,0.0,0.0,2329.0,False,https://www.reliancedigital.in/search?q=Fire-Boltt+Ninja+Call+Pro+Plus+1.83%22+Smart+Watch+with+Bluetooth+Calling%2C+AI+Voic,2026-10-07,synthetic,amazon:B0BF54LXW6
Flipkart,2369.0,0.0,3.0,2372.0,False,https://www.flipkart.com/search?q=Fire-Boltt+Ninja+Call+Pro+Plus+1.83%22+Smart+Watch+with+Bluetooth+Calling%2C+AI+Voic,2026-10-07,synthetic,amazon:B0BF54LXW6
Tata CLiQ,2459.0,0.0,0.0,2459.0,False,https://www.tatacliq.com/search/?searchCategory=all&text=Fire-Boltt+Ninja+Call+Pro+Plus+1.83%22+Smart+Watch+with+Bluetooth+Calling%2C+AI+Voic,2026-10-07,synthetic,amazon:B0BF54LXW6
Amazon,2099.0,0.0,5.0,2104.0,True,https://www.amazon.in/s?k=Newly+Launched+Boult+Dive%2B+with+1.85%22+HD+Display%2C+Bluetooth+Calling+Smartwatch%2C+,2026-10-07,synthetic_history,amazon:B0BMVWKZ8G
Flipkart,2109.0,0.0,3.0,2112.0,True,https://www.flipkart.com/search?q=Newly+Launched+Boult+Dive%2B+with+1.85%22+HD+Display%2C+Bluetooth+Calling+Smartwatch%2C+,2026-10-07,synthetic,amazon:B0BMVWKZ8G
Croma,2239.0,0.0,0.0,2239.0,True,https://www.google.com/search?q=site%3Acroma.com+Newly+Launched+Boult+Dive%2B+with+1.85%22+HD+Display%2C+Bluetooth+Calling+Smartwatch%2C+,2026-10-07,synthetic,amazon:B0BMVWKZ8G
Tata CLiQ,2249.0,0.0,0.0,2249.0,False,https://www.tatacliq.com/search/?searchCategory=all&text=Newly+Launched+Boult+Dive%2B+with+1.85%22+HD+Display%2C+Bluetooth+Calling+Smartwatch%2C+,2026-10-07,synthetic,amazon:B0BMVWKZ8G
Reliance Digital,2249.0,0.0,0.0,2249.0,False,https://www.reliancedigital.in/search?q=Newly+Launched+Boult+Dive%2B+with+1.85%22+HD+Display%2C+Bluetooth+Calling+Smartwatch%2C+,2026-10-07,synthetic,amazon:B0BMVWKZ8G
Tata CLiQ,6989.0,0.0,0.0,6989.0,True,https://www.tatacliq.com/search/?searchCategory=all&text=WZATCO+Pixel+%7C+Portable+LED+Projector+%7C+Native+720p+with+Full+HD+1080P+Support+%7C,2026-10-07,synthetic,amazon:B0BLV1GNLN
Amazon,7039.0,0.0,5.0,7044.0,True,https://www.amazon.in/s?k=WZATCO+Pixel+%7C+Portable+LED+Projector+%7C+Native+720p+with+Full+HD+1080P+Support+%7C,2026-10-07,synthetic_history,amazon:B0BLV1GNLN
Croma,7109.0,0.0,0.0,7109.0,True,https://www.google.com/search?q=site%3Acroma.com+WZATCO+Pixel+%7C+Portable+LED+Projector+%7C+Native+720p+with+Full+HD+1080P+Support+%7C,2026-10-07,synthetic,amazon:B0BLV1GNLN
Flipkart,7119.0,0.0,3.0,7122.0,True,https://www.flipkart.com/search?q=WZATCO+Pixel+%7C+Portable+LED+Projector+%7C+Native+720p+with+Full+HD+1080P+Support+%7C,2026-10-07,synthetic,amazon:B0BLV1GNLN
Reliance Digital,6919.0,0.0,0.0,6919.0,False,https://www.reliancedigital.in/search?q=WZATCO+Pixel+%7C+Portable+LED+Projector+%7C+Native+720p+with+Full+HD+1080P+Support+%7C,2026-10-07,synthetic,amazon:B0BLV1GNLN
Flipkart,749.0,0.0,3.0,752.0,True,https://www.flipkart.com/search?q=boAt+Bassheads+225+in+Ear+Wired+Earphones+with+Mic%28Blue%29,2026-10-07,synthetic,amazon:B01MF8MB65
Amazon,779.0,0.0,5.0,784.0,True,https://www.amazon.in/s?k=boAt+Bassheads+225+in+Ear+Wired+Earphones+with+Mic%28Blue%29,2026-10-07,synthetic_history,amazon:B01MF8MB65
Reliance Digital,789.0,0.0,0.0,789.0,True,https://www.reliancedigital.in/search?q=boAt+Bassheads+225+in+Ear+Wired+Earphones+with+Mic%28Blue%29,2026-10-07,synthetic,amazon:B01MF8MB65
Croma,839.0,0.0,0.0,839.0,True,https://www.google.com/search?q=site%3Acroma.com+boAt+Bassheads+225+in+Ear+Wired+Earphones+with+Mic%28Blue%29,2026-10-07,synthetic,amazon:B01MF8MB65
Tata CLiQ,829.0,99.0,0.0,928.0,False,https://www.tatacliq.com/search/?searchCategory=all&text=boAt+Bassheads+225+in+Ear+Wired+Earphones+with+Mic%28Blue%29,2026-10-07,synthetic,amazon:B01MF8MB65
Tata CLiQ,4139.0,0.0,0.0,4139.0,True,https://www.tatacliq.com/search/?searchCategory=all&text=Ambrane+27000mAh+Power+Bank%2C+20W+Fast+Charging%2C+Triple+Output%2C+Type+C+PD+%28Input+,2026-10-07,synthetic,amazon:B098QXR9X2
Amazon,4199.0,0.0,5.0,4204.0,True,https://www.amazon.in/s?k=Ambrane+27000mAh+Power+Bank%2C+20W+Fast+Charging%2C+Triple+Output%2C+Type+C+PD+%28Input+,2026-10-07,synthetic_history,amazon:B098QXR9X2
Flipkart,4289.0,0.0,3.0,4292.0,True,https://www.flipkart.com/search?q=Ambrane+27000mAh+Power+Bank%2C+20W+Fast+Charging%2C+Triple+Output%2C+Type+C+PD+%28Input+,2026-10-07,synthetic,amazon:B098QXR9X2
Croma,4369.0,0.0,0.0,4369.0,True,https://www.google.com/search?q=site%3Acroma.com+Ambrane+27000mAh+Power+Bank%2C+20W+Fast+Charging%2C+Triple+Output%2C+Type+C+PD+%28Input+,2026-10-07,synthetic,amazon:B098QXR9X2
Reliance Digital,4369.0,0.0,0.0,4369.0,True,https://www.reliancedigital.in/search?q=Ambrane+27000mAh+Power+Bank%2C+20W+Fast+Charging%2C+Triple+Output%2C+Type+C+PD+%28Input+,2026-10-07,synthetic,amazon:B098QXR9X2
Amazon,5019.0,0.0,5.0,5024.0,True,https://www.amazon.in/s?k=Fire-Boltt+Gladiator+1.96%22+Biggest+Display+Smart+Watch+with+Bluetooth+Calling%2C+V,2026-10-07,synthetic_history,amazon:B0BP18W8TM
Croma,5119.0,0.0,0.0,5119.0,True,https://www.google.com/search?q=site%3Acroma.com+Fire-Boltt+Gladiator+1.96%22+Biggest+Display+Smart+Watch+with+Bluetooth+Calling%2C+V,2026-10-07,synthetic,amazon:B0BP18W8TM
Flipkart,5129.0,0.0,3.0,5132.0,True,https://www.flipkart.com/search?q=Fire-Boltt+Gladiator+1.96%22+Biggest+Display+Smart+Watch+with+Bluetooth+Calling%2C+V,2026-10-07,synthetic,amazon:B0BP18W8TM
Tata CLiQ,5359.0,0.0,0.0,5359.0,True,https://www.tatacliq.com/search/?searchCategory=all&text=Fire-Boltt+Gladiator+1.96%22+Biggest+Display+Smart+Watch+with+Bluetooth+Calling%2C+V,2026-10-07,synthetic,amazon:B0BP18W8TM
Reliance Digital,5119.0,0.0,0.0,5119.0,False,https://www.reliancedigital.in/search?q=Fire-Boltt+Gladiator+1.96%22+Biggest+Display+Smart+Watch+with+Bluetooth+Calling%2C+V,2026-10-07,synthetic,amazon:B0BP18W8TM
Flipkart,21659.0,0.0,3.0,21662.0,True,https://www.flipkart.com/search?q=WANBO+X1+Pro+%28Upgraded%29+%7C+Native+1080P+Full+HD+%7C+Android+9+%7C+Projector+for+Home+,2026-10-07,synthetic,amazon:B0BNDD9TN6
Reliance Digital,22419.0,0.0,0.0,22419.0,True,https://www.reliancedigital.in/search?q=WANBO+X1+Pro+%28Upgraded%29+%7C+Native+1080P+Full+HD+%7C+Android+9+%7C+Projector+for+Home+,2026-10-07,synthetic,amazon:B0BNDD9TN6
Amazon,22549.0,0.0,5.0,22554.0,True,https://www.amazon.in/s?k=WANBO+X1+Pro+%28Upgraded%29+%7C+Native+1080P+Full+HD+%7C+Android+9+%7C+Projector+for+Home+,2026-10-07,synthetic_history,amazon:B0BNDD9TN6
Croma,24639.0,0.0,0.0,24639.0,True,https://www.google.com/search?q=site%3Acroma.com+WANBO+X1+Pro+%28Upgraded%29+%7C+Native+1080P+Full+HD+%7C+Android+9+%7C+Projector+for+Home+,2026-10-07,synthetic,amazon:B0BNDD9TN6
Tata CLiQ,24129.0,0.0,0.0,24129.0,False,https://www.tatacliq.com/search/?searchCategory=all&text=WANBO+X1+Pro+%28Upgraded%29+%7C+Native+1080P+Full+HD+%7C+Android+9+%7C+Projector+for+Home+,2026-10-07,synthetic,amazon:B0BNDD9TN6
Flipkart,409.0,40.0,3.0,452.0,True,https://www.flipkart.com/search?q=Tukzer+Fully+Foldable+Tabletop+Desktop+Tablet+Mobile+Stand+Holder+-+Angle+%26+Heig,2026-10-07,synthetic,amazon:B08MWJTST6
Amazon,409.0,40.0,5.0,454.0,True,https://www.amazon.in/s?k=Tukzer+Fully+Foldable+Tabletop+Desktop+Tablet+Mobile+Stand+Holder+-+Angle+%26+Heig,2026-10-07,synthetic_history,amazon:B08MWJTST6
Croma,419.0,0.0,0.0,419.0,False,https://www.google.com/search?q=site%3Acroma.com+Tukzer+Fully+Foldable+Tabletop+Desktop+Tablet+Mobile+Stand+Holder+-+Angle+%26+Heig,2026-10-07,synthetic,amazon:B08MWJTST6
Reliance Digital,439.0,0.0,0.0,439.0,False,https://www.reliancedigital.in/search?q=Tukzer+Fully+Foldable+Tabletop+Desktop+Tablet+Mobile+Stand+Holder+-+Angle+%26+Heig,2026-10-07,synthetic,amazon:B08MWJTST6
Tata CLiQ,429.0,99.0,0.0,528.0,False,https://www.tatacliq.com/search/?searchCategory=all&text=Tukzer+Fully+Foldable+Tabletop+Desktop+Tablet+Mobile+Stand+Holder+-+Angle+%26+Heig,2026-10-07,synthetic,amazon:B08MWJTST6
Flipkart,28889.0,0.0,3.0,28892.0,True,https://www.flipkart.com/search?q=VU+108+cm+%2843+inches%29+Premium+Series+Full+HD+Smart+LED+TV+43GA+%28Black%29,2026-10-07,synthetic,amazon:B0B7B9V9QP
Amazon,29429.0,0.0,5.0,29434.0,True,https://www.amazon.in/s?k=VU+108+cm+%2843+inches%29+Premium+Series+Full+HD+Smart+LED+TV+43GA+%28Black%29,2026-10-07,synthetic_history,amazon:B0B7B9V9QP
Tata CLiQ,29969.0,0.0,0.0,29969.0,True,https://www.tatacliq.com/search/?searchCategory=all&text=VU+108+cm+%2843+inches%29+Premium+Series+Full+HD+Smart+LED+TV+43GA+%28Black%29,2026-10-07,synthetic,amazon:B0B7B9V9QP
Croma,29549.0,0.0,0.0,29549.0,False,https://www.google.com/search?q=site%3Acroma.com+VU+108+cm+%2843+inches%29+Premium+Series+Full+HD+Smart+LED+TV+43GA+%28Black%29,2026-10-07,synthetic,amazon:B0B7B9V9QP
Reliance Digital,30229.0,0.0,0.0,30229.0,False,https://www.reliancedigital.in/search?q=VU+108+cm+%2843+inches%29+Premium+Series+Full+HD+Smart+LED+TV+43GA+%28Black%29,2026-10-07,synthetic,amazon:B0B7B9V9QP
Flipkart,10269.0,0.0,3.0,10272.0,True,https://www.flipkart.com/search?q=Redmi+A1+%28Light+Blue%2C+2GB+RAM%2C+32GB+Storage%29+%7C+Segment+Best+AI+Dual+Cam+%7C+5000mA,2026-10-07,synthetic,amazon:B0BBN4DZBD
Amazon,10499.0,0.0,5.0,10504.0,True,https://www.amazon.in/s?k=Redmi+A1+%28Light+Blue%2C+2GB+RAM%2C+32GB+Storage%29+%7C+Segment+Best+AI+Dual+Cam+%7C+5000mA,2026-10-07,synthetic_history,amazon:B0BBN4DZBD
Reliance Digital,10529.0,0.0,0.0,10529.0,True,https://www.reliancedigital.in/search?q=Redmi+A1+%28Light+Blue%2C+2GB+RAM%2C+32GB+Storage%29+%7C+Segment+Best+AI+Dual+Cam+%7C+5000mA,2026-10-07,synthetic,amazon:B0BBN4DZBD
Tata CLiQ,10229.0,0.0,0.0,10229.0,False,https://www.tatacliq.com/search/?searchCategory=all&text=Redmi+A1+%28Light+Blue%2C+2GB+RAM%2C+32GB+Storage%29+%7C+Segment+Best+AI+Dual+Cam+%7C+5000mA,2026-10-07,synthetic,amazon:B0BBN4DZBD
Croma,10829.0,0.0,0.0,10829.0,False,https://www.google.com/search?q=site%3Acroma.com+Redmi+A1+%28Light+Blue%2C+2GB+RAM%2C+32GB+Storage%29+%7C+Segment+Best+AI+Dual+Cam+%7C+5000mA,2026-10-07,synthetic,amazon:B0BBN4DZBD
Reliance Digital,269.0,0.0,0.0,269.0,True,https://www.reliancedigital.in/search?q=Astigo+Compatible+Remote+for+Airtel+Digital+Set+Top+Box+%28Pairing+Required+with+T,2026-10-07,synthetic,amazon:B09127FZCK
Amazon,259.0,40.0,5.0,304.0,True,https://www.amazon.in/s?k=Astigo+Compatible+Remote+for+Airtel+Digital+Set+Top+Box+%28Pairing+Required+with+T,2026-10-07,synthetic_history,amazon:B09127FZCK
Flipkart,269.0,40.0,3.0,312.0,True,https://www.flipkart.com/search?q=Astigo+Compatible+Remote+for+Airtel+Digital+Set+Top+Box+%28Pairing+Required+with+T,2026-10-07,synthetic,amazon:B09127FZCK
Tata CLiQ,249.0,99.0,0.0,348.0,True,https://www.tatacliq.com/search/?searchCategory=all&text=Astigo+Compatible+Remote+for+Airtel+Digital+Set+Top+Box+%28Pairing+Required+with+T,2026-10-07,synthetic,amazon:B09127FZCK
Croma,269.0,0.0,0.0,269.0,False,https://www.google.com/search?q=site%3Acroma.com+Astigo+Compatible+Remote+for+Airtel+Digital+Set+Top+Box+%28Pairing+Required+with+T,2026-10-07,synthetic,amazon:B09127FZCK
Croma,189.0,0.0,0.0,189.0,True,https://www.google.com/search?q=site%3Acroma.com+Tata+Sky+Universal+Remote,2026-10-07,synthetic,amazon:B01N90RZ4M
Reliance Digital,189.0,0.0,0.0,189.0,True,https://www.reliancedigital.in/search?q=Tata+Sky+Universal+Remote,2026-10-07,synthetic,amazon:B01N90RZ4M
Flipkart,179.0,40.0,3.0,222.0,True,https://www.flipkart.com/search?q=Tata+Sky+Universal+Remote,2026-10-07,synthetic,amazon:B01N90RZ4M
Amazon,179.0,40.0,5.0,224.0,True,https://www.amazon.in/s?k=Tata+Sky+Universal+Remote,2026-10-07,synthetic_history,amazon:B01N90RZ4M
Tata CLiQ,219.0,99.0,0.0,318.0,True,https://www.tatacliq.com/search/?searchCategory=all&text=Tata+Sky+Universal+Remote,2026-10-07,synthetic,amazon:B01N90RZ4M
Amazon,10269.0,0.0,5.0,10274.0,True,https://www.amazon.in/s?k=SKYWALL+81.28+cm+%2832+inches%29+HD+Ready+Smart+LED+TV+32SWELS-PRO+%28Black%29,2026-10-07,synthetic_history,amazon:B08QX1CC14
Reliance Digital,10389.0,0.0,0.0,10389.0,True,https://www.reliancedigital.in/search?q=SKYWALL+81.28+cm+%2832+inches%29+HD+Ready+Smart+LED+TV+32SWELS-PRO+%28Black%29,2026-10-07,synthetic,amazon:B08QX1CC14
Croma,10499.0,0.0,0.0,10499.0,True,https://www.google.com/search?q=site%3Acroma.com+SKYWALL+81.28+cm+%2832+inches%29+HD+Ready+Smart+LED+TV+32SWELS-PRO+%28Black%29,2026-10-07,synthetic,amazon:B08QX1CC14
Flipkart,10559.0,0.0,3.0,10562.0,True,https://www.flipkart.com/search?q=SKYWALL+81.28+cm+%2832+inches%29+HD+Ready+Smart+LED+TV+32SWELS-PRO+%28Black%29,2026-10-07,synthetic,amazon:B08QX1CC14
Tata CLiQ,10669.0,0.0,0.0,10669.0,True,https://www.tatacliq.com/search/?searchCategory=all&text=SKYWALL+81.28+cm+%2832+inches%29+HD+Ready+Smart+LED+TV+32SWELS-PRO+%28Black%29,2026-10-07,synthetic,amazon:B08QX1CC14
Amazon,689.0,0.0,5.0,694.0,True,https://www.amazon.in/s?k=Zebronics+Zeb+Buds+C2+in+Ear+Type+C+Wired+Earphones+with+Mic%2C+Braided+1.2+Metre+,2026-10-07,synthetic_history,amazon:B08VRMK55F
Flipkart,709.0,0.0,3.0,712.0,True,https://www.flipkart.com/search?q=Zebronics+Zeb+Buds+C2+in+Ear+Type+C+Wired+Earphones+with+Mic%2C+Braided+1.2+Metre+,2026-10-07,synthetic,amazon:B08VRMK55F
Croma,719.0,0.0,0.0,719.0,True,https://www.google.com/search?q=site%3Acroma.com+Zebronics+Zeb+Buds+C2+in+Ear+Type+C+Wired+Earphones+with+Mic%2C+Braided+1.2+Metre+,2026-10-07,synthetic,amazon:B08VRMK55F
Reliance Digital,729.0,0.0,0.0,729.0,False,https://www.reliancedigital.in/search?q=Zebronics+Zeb+Buds+C2+in+Ear+Type+C+Wired+Earphones+with+Mic%2C+Braided+1.2+Metre+,2026-10-07,synthetic,amazon:B08VRMK55F
Tata CLiQ,729.0,99.0,0.0,828.0,False,https://www.tatacliq.com/search/?searchCategory=all&text=Zebronics+Zeb+Buds+C2+in+Ear+Type+C+Wired+Earphones+with+Mic%2C+Braided+1.2+Metre+,2026-10-07,synthetic,amazon:B08VRMK55F
Flipkart,1729.0,0.0,3.0,1732.0,True,https://www.flipkart.com/search?q=Infinity+%28JBL+Fuze+100%2C+Wireless+Portable+Bluetooth+Speaker+with+Mic%2C+Deep+Bass%2C,2026-10-07,synthetic,amazon:B07W7Z6DVL
Amazon,1789.0,0.0,5.0,1794.0,True,https://www.amazon.in/s?k=Infinity+%28JBL+Fuze+100%2C+Wireless+Portable+Bluetooth+Speaker+with+Mic%2C+Deep+Bass%2C,2026-10-07,synthetic_history,amazon:B07W7Z6DVL
Tata CLiQ,1799.0,0.0,0.0,1799.0,True,https://www.tatacliq.com/search/?searchCategory=all&text=Infinity+%28JBL+Fuze+100%2C+Wireless+Portable+Bluetooth+Speaker+with+Mic%2C+Deep+Bass%2C,2026-10-07,synthetic,amazon:B07W7Z6DVL
Reliance Digital,1829.0,0.0,0.0,1829.0,False,https://www.reliancedigital.in/search?q=Infinity+%28JBL+Fuze+100%2C+Wireless+Portable+Bluetooth+Speaker+with+Mic%2C+Deep+Bass%2C,2026-10-07,synthetic,amazon:B07W7Z6DVL
Croma,1869.0,0.0,0.0,1869.0,False,https://www.google.com/search?q=site%3Acroma.com+Infinity+%28JBL+Fuze+100%2C+Wireless+Portable+Bluetooth+Speaker+with+Mic%2C+Deep+Bass%2C,2026-10-07,synthetic,amazon:B07W7Z6DVL
Flipkart,37849.0,0.0,3.0,37852.0,True,https://www.flipkart.com/search?q=Redmi+126+cm+%2850+inches%29+4K+Ultra+HD+Android+Smart+LED+TV+X50+%7C+L50M6-RA+%28Black%29,2026-10-07,synthetic,amazon:B08Y55LPBF
Croma,38609.0,0.0,0.0,38609.0,True,https://www.google.com/search?q=site%3Acroma.com+Redmi+126+cm+%2850+inches%29+4K+Ultra+HD+Android+Smart+LED+TV+X50+%7C+L50M6-RA+%28Black%29,2026-10-07,synthetic,amazon:B08Y55LPBF
Amazon,38759.0,0.0,5.0,38764.0,True,https://www.amazon.in/s?k=Redmi+126+cm+%2850+inches%29+4K+Ultra+HD+Android+Smart+LED+TV+X50+%7C+L50M6-RA+%28Black%29,2026-10-07,synthetic_history,amazon:B08Y55LPBF
Reliance Digital,39669.0,0.0,0.0,39669.0,True,https://www.reliancedigital.in/search?q=Redmi+126+cm+%2850+inches%29+4K+Ultra+HD+Android+Smart+LED+TV+X50+%7C+L50M6-RA+%28Black%29,2026-10-07,synthetic,amazon:B08Y55LPBF
Tata CLiQ,37699.0,0.0,0.0,37699.0,False,https://www.tatacliq.com/search/?searchCategory=all&text=Redmi+126+cm+%2850+inches%29+4K+Ultra+HD+Android+Smart+LED+TV+X50+%7C+L50M6-RA+%28Black%29,2026-10-07,synthetic,amazon:B08Y55LPBF
Tata CLiQ,1539.0,0.0,0.0,1539.0,True,https://www.tatacliq.com/search/?searchCategory=all&text=Boult+Audio+AirBass+PowerBuds+with+Inbuilt+Powerbank%2C+120H+Total+Playtime%2C+IPX7+,2026-10-07,synthetic,amazon:B08D11DZ2W
Flipkart,1549.0,0.0,3.0,1552.0,True,https://www.flipkart.com/search?q=Boult+Audio+AirBass+PowerBuds+with+Inbuilt+Powerbank%2C+120H+Total+Playtime%2C+IPX7+,2026-10-07,synthetic,amazon:B08D11DZ2W
Amazon,1549.0,0.0,5.0,1554.0,True,https://www.amazon.in/s?k=Boult+Audio+AirBass+PowerBuds+with+Inbuilt+Powerbank%2C+120H+Total+Playtime%2C+IPX7+,2026-10-07,synthetic_history,amazon:B08D11DZ2W
Croma,1649.0,0.0,0.0,1649.0,True,https://www.google.com/search?q=site%3Acroma.com+Boult+Audio+AirBass+PowerBuds+with+Inbuilt+Powerbank%2C+120H+Total+Playtime%2C+IPX7+,2026-10-07,synthetic,amazon:B08D11DZ2W
Reliance Digital,1579.0,0.0,0.0,1579.0,False,https://www.reliancedigital.in/search?q=Boult+Audio+AirBass+PowerBuds+with+Inbuilt+Powerbank%2C+120H+Total+Playtime%2C+IPX7+,2026-10-07,synthetic,amazon:B08D11DZ2W
Amazon,799.0,0.0,5.0,804.0,True,https://www.amazon.in/s?k=Amozo+Ultra+Hybrid+Camera+and+Drop+Protection+Back+Cover+Case+for+iPhone+13+%28Pol,2026-10-07,synthetic_history,amazon:B09MY4W73Q
Flipkart,819.0,0.0,3.0,822.0,True,https://www.flipkart.com/search?q=Amozo+Ultra+Hybrid+Camera+and+Drop+Protection+Back+Cover+Case+for+iPhone+13+%28Pol,2026-10-07,synthetic,amazon:B09MY4W73Q
Croma,839.0,0.0,0.0,839.0,True,https://www.google.com/search?q=site%3Acroma.com+Amozo+Ultra+Hybrid+Camera+and+Drop+Protection+Back+Cover+Case+for+iPhone+13+%28Pol,2026-10-07,synthetic,amazon:B09MY4W73Q
Reliance Digital,849.0,0.0,0.0,849.0,True,https://www.reliancedigital.in/search?q=Amozo+Ultra+Hybrid+Camera+and+Drop+Protection+Back+Cover+Case+for+iPhone+13+%28Pol,2026-10-07,synthetic,amazon:B09MY4W73Q
Tata CLiQ,799.0,99.0,0.0,898.0,True,https://www.tatacliq.com/search/?searchCategory=all&text=Amozo+Ultra+Hybrid+Camera+and+Drop+Protection+Back+Cover+Case+for+iPhone+13+%28Pol,2026-10-07,synthetic,amazon:B09MY4W73Q
Flipkart,12949.0,0.0,3.0,12952.0,True,https://www.flipkart.com/search?q=Samsung+Galaxy+M13+5G+%28Stardust+Brown%2C+6GB%2C+128GB+Storage%29+%7C+5000mAh+Battery+%7C+U,2026-10-07,synthetic,amazon:B0B4F4QZ1H
Croma,13649.0,0.0,0.0,13649.0,True,https://www.google.com/search?q=site%3Acroma.com+Samsung+Galaxy+M13+5G+%28Stardust+Brown%2C+6GB%2C+128GB+Storage%29+%7C+5000mAh+Battery+%7C+U,2026-10-07,synthetic,amazon:B0B4F4QZ1H
Amazon,13679.0,0.0,5.0,13684.0,True,https://www.amazon.in/s?k=Samsung+Galaxy+M13+5G+%28Stardust+Brown%2C+6GB%2C+128GB+Storage%29+%7C+5000mAh+Battery+%7C+U,2026-10-07,synthetic_history,amazon:B0B4F4QZ1H
Reliance Digital,13779.0,0.0,0.0,13779.0,True,https://www.reliancedigital.in/search?q=Samsung+Galaxy+M13+5G+%28Stardust+Brown%2C+6GB%2C+128GB+Storage%29+%7C+5000mAh+Battery+%7C+U,2026-10-07,synthetic,amazon:B0B4F4QZ1H
Tata CLiQ,13979.0,0.0,0.0,13979.0,True,https://www.tatacliq.com/search/?searchCategory=all&text=Samsung+Galaxy+M13+5G+%28Stardust+Brown%2C+6GB%2C+128GB+Storage%29+%7C+5000mAh+Battery+%7C+U,2026-10-07,synthetic,amazon:B0B4F4QZ1H
Reliance Digital,459.0,0.0,0.0,459.0,True,https://www.reliancedigital.in/search?q=pTron+Bullet+Pro+36W+PD+Quick+Charger%2C+3+Port+Fast+Car+Charger+Adapter+-+Compati,2026-10-07,synthetic,amazon:B07WG8PDCW
Flipkart,429.0,40.0,3.0,472.0,True,https://www.flipkart.com/search?q=pTron+Bullet+Pro+36W+PD+Quick+Charger%2C+3+Port+Fast+Car+Charger+Adapter+-+Compati,2026-10-07,synthetic,amazon:B07WG8PDCW
Amazon,449.0,40.0,5.0,494.0,True,https://www.amazon.in/s?k=pTron+Bullet+Pro+36W+PD+Quick+Charger%2C+3+Port+Fast+Car+Charger+Adapter+-+Compati,2026-10-07,synthetic_history,amazon:B07WG8PDCW
Croma,449.0,0.0,0.0,449.0,False,https://www.google.com/search?q=site%3Acroma.com+pTron+Bullet+Pro+36W+PD+Quick+Charger%2C+3+Port+Fast+Car+Charger+Adapter+-+Compati,2026-10-07,synthetic,amazon:B07WG8PDCW
Tata CLiQ,519.0,99.0,0.0,618.0,False,https://www.tatacliq.com/search/?searchCategory=all&text=pTron+Bullet+Pro+36W+PD+Quick+Charger%2C+3+Port+Fast+Car+Charger+Adapter+-+Compati,2026-10-07,synthetic,amazon:B07WG8PDCW
Croma,359.0,0.0,0.0,359.0,True,https://www.google.com/search?q=site%3Acroma.com+Xiaomi+Mi+Wired+in+Ear+Earphones+with+Mic+Basic+with+Ultra+Deep+Bass+%26+Aluminum+,2026-10-07,synthetic,amazon:B07CD2BN46
Amazon,349.0,40.0,5.0,394.0,True,https://www.amazon.in/s?k=Xiaomi+Mi+Wired+in+Ear+Earphones+with+Mic+Basic+with+Ultra+Deep+Bass+%26+Aluminum+,2026-10-07,synthetic_history,amazon:B07CD2BN46
Flipkart,369.0,40.0,3.0,412.0,True,https://www.flipkart.com/search?q=Xiaomi+Mi+Wired+in+Ear+Earphones+with+Mic+Basic+with+Ultra+Deep+Bass+%26+Aluminum+,2026-10-07,synthetic,amazon:B07CD2BN46
Tata CLiQ,349.0,99.0,0.0,448.0,True,https://www.tatacliq.com/search/?searchCategory=all&text=Xiaomi+Mi+Wired+in+Ear+Earphones+with+Mic+Basic+with+Ultra+Deep+Bass+%26+Aluminum+,2026-10-07,synthetic,amazon:B07CD2BN46
Reliance Digital,339.0,0.0,0.0,339.0,False,https://www.reliancedigital.in/search?q=Xiaomi+Mi+Wired+in+Ear+Earphones+with+Mic+Basic+with+Ultra+Deep+Bass+%26+Aluminum+,2026-10-07,synthetic,amazon:B07CD2BN46
Flipkart,799.0,0.0,3.0,802.0,True,https://www.flipkart.com/search?q=iPhone+Original+20W+C+Type+Fast+PD+Charger+Compatible+with+I-Phone13%2F13+mini%2F13p,2026-10-07,synthetic,amazon:B0B54Y2SNX
Amazon,799.0,0.0,5.0,804.0,True,https://www.amazon.in/s?k=iPhone+Original+20W+C+Type+Fast+PD+Charger+Compatible+with+I-Phone13%2F13+mini%2F13p,2026-10-07,synthetic_history,amazon:B0B54Y2SNX
Reliance Digital,809.0,0.0,0.0,809.0,True,https://www.reliancedigital.in/search?q=iPhone+Original+20W+C+Type+Fast+PD+Charger+Compatible+with+I-Phone13%2F13+mini%2F13p,2026-10-07,synthetic,amazon:B0B54Y2SNX
Croma,839.0,0.0,0.0,839.0,True,https://www.google.com/search?q=site%3Acroma.com+iPhone+Original+20W+C+Type+Fast+PD+Charger+Compatible+with+I-Phone13%2F13+mini%2F13p,2026-10-07,synthetic,amazon:B0B54Y2SNX
Tata CLiQ,749.0,99.0,0.0,848.0,False,https://www.tatacliq.com/search/?searchCategory=all&text=iPhone+Original+20W+C+Type+Fast+PD+Charger+Compatible+with+I-Phone13%2F13+mini%2F13p,2026-10-07,synthetic,amazon:B0B54Y2SNX
Flipkart,269.0,40.0,3.0,312.0,True,https://www.flipkart.com/search?q=Raffles+Premium+Stainless+Steel+South+Indian+Coffee+Filter%2FDrip+Coffee+Maker%2C+2-,2026-10-07,synthetic,amazon:B07F1T31ZZ
Amazon,279.0,40.0,5.0,324.0,True,https://www.amazon.in/s?k=Raffles+Premium+Stainless+Steel+South+Indian+Coffee+Filter%2FDrip+Coffee+Maker%2C+2-,2026-10-07,synthetic_history,amazon:B07F1T31ZZ
Meesho,289.0,0.0,0.0,289.0,False,https://www.meesho.com/search?q=Raffles+Premium+Stainless+Steel+South+Indian+Coffee+Filter%2FDrip+Coffee+Maker%2C+2-,2026-10-07,synthetic,amazon:B07F1T31ZZ
Croma,289.0,0.0,0.0,289.0,False,https://www.google.com/search?q=site%3Acroma.com+Raffles+Premium+Stainless+Steel+South+Indian+Coffee+Filter%2FDrip+Coffee+Maker%2C+2-,2026-10-07,synthetic,amazon:B07F1T31ZZ
Reliance Digital,299.0,0.0,0.0,299.0,False,https://www.reliancedigital.in/search?q=Raffles+Premium+Stainless+Steel+South+Indian+Coffee+Filter%2FDrip+Coffee+Maker%2C+2-,2026-10-07,synthetic,amazon:B07F1T31ZZ
Flipkart,21029.0,0.0,3.0,21032.0,True,https://www.flipkart.com/search?q=HUL+Pureit+Eco+Water+Saver+Mineral+RO%2BUV%2BMF+AS+wall+mounted%2FCounter+top+Black+10,2026-10-07,synthetic,amazon:B08BJN4MP3
Amazon,22459.0,0.0,5.0,22464.0,True,https://www.amazon.in/s?k=HUL+Pureit+Eco+Water+Saver+Mineral+RO%2BUV%2BMF+AS+wall+mounted%2FCounter+top+Black+10,2026-10-07,synthetic_history,amazon:B08BJN4MP3
Reliance Digital,23069.0,0.0,0.0,23069.0,True,https://www.reliancedigital.in/search?q=HUL+Pureit+Eco+Water+Saver+Mineral+RO%2BUV%2BMF+AS+wall+mounted%2FCounter+top+Black+10,2026-10-07,synthetic,amazon:B08BJN4MP3
Croma,23849.0,0.0,0.0,23849.0,True,https://www.google.com/search?q=site%3Acroma.com+HUL+Pureit+Eco+Water+Saver+Mineral+RO%2BUV%2BMF+AS+wall+mounted%2FCounter+top+Black+10,2026-10-07,synthetic,amazon:B08BJN4MP3
Meesho,21449.0,0.0,0.0,21449.0,False,https://www.meesho.com/search?q=HUL+Pureit+Eco+Water+Saver+Mineral+RO%2BUV%2BMF+AS+wall+mounted%2FCounter+top+Black+10,2026-10-07,synthetic,amazon:B08BJN4MP3
Amazon,1259.0,0.0,5.0,1264.0,True,https://www.amazon.in/s?k=Activa+Heat-Max+2000+Watts+Room+Heater+%28White+color+%29+with+ABS+body,2026-10-07,synthetic_history,amazon:B0BDG6QDYD
Flipkart,1309.0,0.0,3.0,1312.0,True,https://www.flipkart.com/search?q=Activa+Heat-Max+2000+Watts+Room+Heater+%28White+color+%29+with+ABS+body,2026-10-07,synthetic,amazon:B0BDG6QDYD
Croma,1359.0,0.0,0.0,1359.0,True,https://www.google.com/search?q=site%3Acroma.com+Activa+Heat-Max+2000+Watts+Room+Heater+%28White+color+%29+with+ABS+body,2026-10-07,synthetic,amazon:B0BDG6QDYD
Meesho,1049.0,0.0,0.0,1049.0,False,https://www.meesho.com/search?q=Activa+Heat-Max+2000+Watts+Room+Heater+%28White+color+%29+with+ABS+body,2026-10-07,synthetic,amazon:B0BDG6QDYD
Reliance Digital,1289.0,0.0,0.0,1289.0,False,https://www.reliancedigital.in/search?q=Activa+Heat-Max+2000+Watts+Room+Heater+%28White+color+%29+with+ABS+body,2026-10-07,synthetic,amazon:B0BDG6QDYD
Meesho,229.0,0.0,0.0,229.0,True,https://www.meesho.com/search?q=Pigeon+Polypropylene+Mini+Handy+and+Compact+Chopper+with+3+Blades+for+Effortless,2026-10-07,synthetic,amazon:B01LWYDEQ7
Reliance Digital,289.0,0.0,0.0,289.0,True,https://www.reliancedigital.in/search?q=Pigeon+Polypropylene+Mini+Handy+and+Compact+Chopper+with+3+Blades+for+Effortless,2026-10-07,synthetic,amazon:B01LWYDEQ7
Croma,299.0,0.0,0.0,299.0,True,https://www.google.com/search?q=site%3Acroma.com+Pigeon+Polypropylene+Mini+Handy+and+Compact+Chopper+with+3+Blades+for+Effortless,2026-10-07,synthetic,amazon:B01LWYDEQ7
Flipkart,279.0,40.0,3.0,322.0,True,https://www.flipkart.com/search?q=Pigeon+Polypropylene+Mini+Handy+and+Compact+Chopper+with+3+Blades+for+Effortless,2026-10-07,synthetic,amazon:B01LWYDEQ7
Amazon,289.0,40.0,5.0,334.0,True,https://www.amazon.in/s?k=Pigeon+Polypropylene+Mini+Handy+and+Compact+Chopper+with+3+Blades+for+Effortless,2026-10-07,synthetic_history,amazon:B01LWYDEQ7
Amazon,1289.0,0.0,5.0,1294.0,True,https://www.amazon.in/s?k=Glen+3+in+1+Electric+Multi+Cooker+-+Steam%2C+Cook+%26+Egg+Boiler+with+350+W+%28SA+3035,2026-10-07,synthetic_history,amazon:B09FPP3R1D
Reliance Digital,1299.0,0.0,0.0,1299.0,True,https://www.reliancedigital.in/search?q=Glen+3+in+1+Electric+Multi+Cooker+-+Steam%2C+Cook+%26+Egg+Boiler+with+350+W+%28SA+3035,2026-10-07,synthetic,amazon:B09FPP3R1D
Flipkart,1299.0,0.0,3.0,1302.0,True,https://www.flipkart.com/search?q=Glen+3+in+1+Electric+Multi+Cooker+-+Steam%2C+Cook+%26+Egg+Boiler+with+350+W+%28SA+3035,2026-10-07,synthetic,amazon:B09FPP3R1D
Meesho,1209.0,0.0,0.0,1209.0,False,https://www.meesho.com/search?q=Glen+3+in+1+Electric+Multi+Cooker+-+Steam%2C+Cook+%26+Egg+Boiler+with+350+W+%28SA+3035,2026-10-07,synthetic,amazon:B09FPP3R1D
Croma,1359.0,0.0,0.0,1359.0,False,https://www.google.com/search?q=site%3Acroma.com+Glen+3+in+1+Electric+Multi+Cooker+-+Steam%2C+Cook+%26+Egg+Boiler+with+350+W+%28SA+3035,2026-10-07,synthetic,amazon:B09FPP3R1D
Meesho,599.0,0.0,0.0,599.0,True,https://www.meesho.com/search?q=USHA+Armor+AR1100WB+1100+W+Dry+Iron+with+Black+Weilburger+Soleplate+%28Purple%29,2026-10-07,synthetic,amazon:B0883KDSXC
Amazon,739.0,0.0,5.0,744.0,True,https://www.amazon.in/s?k=USHA+Armor+AR1100WB+1100+W+Dry+Iron+with+Black+Weilburger+Soleplate+%28Purple%29,2026-10-07,synthetic_history,amazon:B0883KDSXC
Flipkart,839.0,0.0,3.0,842.0,True,https://www.flipkart.com/search?q=USHA+Armor+AR1100WB+1100+W+Dry+Iron+with+Black+Weilburger+Soleplate+%28Purple%29,2026-10-07,synthetic,amazon:B0883KDSXC
Reliance Digital,759.0,0.0,0.0,759.0,False,https://www.reliancedigital.in/search?q=USHA+Armor+AR1100WB+1100+W+Dry+Iron+with+Black+Weilburger+Soleplate+%28Purple%29,2026-10-07,synthetic,amazon:B0883KDSXC
Croma,779.0,0.0,0.0,779.0,False,https://www.google.com/search?q=site%3Acroma.com+USHA+Armor+AR1100WB+1100+W+Dry+Iron+with+Black+Weilburger+Soleplate+%28Purple%29,2026-10-07,synthetic,amazon:B0883KDSXC
Flipkart,1499.0,0.0,3.0,1502.0,True,https://www.flipkart.com/search?q=Inalsa+Electric+Kettle+Prism+Inox+-+1350+W+with+LED+Illumination+%26+Boro-Silicate,2026-10-07,synthetic,amazon:B08HLC7Z3G
Amazon,1599.0,0.0,5.0,1604.0,True,https://www.amazon.in/s?k=Inalsa+Electric+Kettle+Prism+Inox+-+1350+W+with+LED+Illumination+%26+Boro-Silicate,2026-10-07,synthetic_history,amazon:B08HLC7Z3G
Croma,1709.0,0.0,0.0,1709.0,True,https://www.google.com/search?q=site%3Acroma.com+Inalsa+Electric+Kettle+Prism+Inox+-+1350+W+with+LED+Illumination+%26+Boro-Silicate,2026-10-07,synthetic,amazon:B08HLC7Z3G
Meesho,1479.0,0.0,0.0,1479.0,False,https://www.meesho.com/search?q=Inalsa+Electric+Kettle+Prism+Inox+-+1350+W+with+LED+Illumination+%26+Boro-Silicate,2026-10-07,synthetic,amazon:B08HLC7Z3G
Reliance Digital,1679.0,0.0,0.0,1679.0,False,https://www.reliancedigital.in/search?q=Inalsa+Electric+Kettle+Prism+Inox+-+1350+W+with+LED+Illumination+%26+Boro-Silicate,2026-10-07,synthetic,amazon:B08HLC7Z3G
Flipkart,3019.0,0.0,3.0,3022.0,True,https://www.flipkart.com/search?q=NEXOMS+Instant+Heating+Water+Tap+Wall+Mounted+with+3+Pin+Indian+Plug+%2816Amp%29,2026-10-07,synthetic,amazon:B07G147SZD
Amazon,3049.0,0.0,5.0,3054.0,True,https://www.amazon.in/s?k=NEXOMS+Instant+Heating+Water+Tap+Wall+Mounted+with+3+Pin+Indian+Plug+%2816Amp%29,2026-10-07,synthetic_history,amazon:B07G147SZD
Reliance Digital,3139.0,0.0,0.0,3139.0,True,https://www.reliancedigital.in/search?q=NEXOMS+Instant+Heating+Water+Tap+Wall+Mounted+with+3+Pin+Indian+Plug+%2816Amp%29,2026-10-07,synthetic,amazon:B07G147SZD
Croma,3119.0,0.0,0.0,3119.0,False,https://www.google.com/search?q=site%3Acroma.com+NEXOMS+Instant+Heating+Water+Tap+Wall+Mounted+with+3+Pin+Indian+Plug+%2816Amp%29,2026-10-07,synthetic,amazon:B07G147SZD
Meesho,3189.0,0.0,0.0,3189.0,False,https://www.meesho.com/search?q=NEXOMS+Instant+Heating+Water+Tap+Wall+Mounted+with+3+Pin+Indian+Plug+%2816Amp%29,2026-10-07,synthetic,amazon:B07G147SZD
Croma,469.0,0.0,0.0,469.0,True,https://www.google.com/search?q=site%3Acroma.com+Morphy+Richards+Daisy+1000W+Dry+Iron+with+American+Heritage+Non-Stick+Coated+Sol,2026-10-07,synthetic,amazon:B01N6IJG0F
Amazon,449.0,40.0,5.0,494.0,True,https://www.amazon.in/s?k=Morphy+Richards+Daisy+1000W+Dry+Iron+with+American+Heritage+Non-Stick+Coated+Sol,2026-10-07,synthetic_history,amazon:B01N6IJG0F
Flipkart,479.0,40.0,3.0,522.0,True,https://www.flipkart.com/search?q=Morphy+Richards+Daisy+1000W+Dry+Iron+with+American+Heritage+Non-Stick+Coated+Sol,2026-10-07,synthetic,amazon:B01N6IJG0F
Meesho,449.0,0.0,0.0,449.0,False,https://www.meesho.com/search?q=Morphy+Richards+Daisy+1000W+Dry+Iron+with+American+Heritage+Non-Stick+Coated+Sol,2026-10-07,synthetic,amazon:B01N6IJG0F
Reliance Digital,479.0,0.0,0.0,479.0,False,https://www.reliancedigital.in/search?q=Morphy+Richards+Daisy+1000W+Dry+Iron+with+American+Heritage+Non-Stick+Coated+Sol,2026-10-07,synthetic,amazon:B01N6IJG0F
Amazon,1099.0,0.0,5.0,1104.0,True,https://www.amazon.in/s?k=SaleOn+Instant+Coal+Heater+500W+Charcoal+Burner+Electric+Stove+Hot+Plate+-+Mix+C,2026-10-07,synthetic_history,amazon:B09VPH38JS
Flipkart,1129.0,0.0,3.0,1132.0,True,https://www.flipkart.com/search?q=SaleOn+Instant+Coal+Heater+500W+Charcoal+Burner+Electric+Stove+Hot+Plate+-+Mix+C,2026-10-07,synthetic,amazon:B09VPH38JS
Meesho,979.0,0.0,0.0,979.0,False,https://www.meesho.com/search?q=SaleOn+Instant+Coal+Heater+500W+Charcoal+Burner+Electric+Stove+Hot+Plate+-+Mix+C,2026-10-07,synthetic,amazon:B09VPH38JS
Reliance Digital,1159.0,0.0,0.0,1159.0,False,https://www.reliancedigital.in/search?q=SaleOn+Instant+Coal+Heater+500W+Charcoal+Burner+Electric+Stove+Hot+Plate+-+Mix+C,2026-10-07,synthetic,amazon:B09VPH38JS
Croma,1169.0,0.0,0.0,1169.0,False,https://www.google.com/search?q=site%3Acroma.com+SaleOn+Instant+Coal+Heater+500W+Charcoal+Burner+Electric+Stove+Hot+Plate+-+Mix+C,2026-10-07,synthetic,amazon:B09VPH38JS
Meesho,1499.0,0.0,0.0,1499.0,True,https://www.meesho.com/search?q=Bajaj+Frore+1200+mm+Ceiling+Fan+%28Brown%29,2026-10-07,synthetic,amazon:B07SPVMSC6
Croma,1539.0,0.0,0.0,1539.0,True,https://www.google.com/search?q=site%3Acroma.com+Bajaj+Frore+1200+mm+Ceiling+Fan+%28Brown%29,2026-10-07,synthetic,amazon:B07SPVMSC6
Amazon,1549.0,0.0,5.0,1554.0,True,https://www.amazon.in/s?k=Bajaj+Frore+1200+mm+Ceiling+Fan+%28Brown%29,2026-10-07,synthetic_history,amazon:B07SPVMSC6
Flipkart,1639.0,0.0,3.0,1642.0,False,https://www.flipkart.com/search?q=Bajaj+Frore+1200+mm+Ceiling+Fan+%28Brown%29,2026-10-07,synthetic,amazon:B07SPVMSC6
Reliance Digital,1669.0,0.0,0.0,1669.0,False,https://www.reliancedigital.in/search?q=Bajaj+Frore+1200+mm+Ceiling+Fan+%28Brown%29,2026-10-07,synthetic,amazon:B07SPVMSC6
Flipkart,3789.0,0.0,3.0,3792.0,True,https://www.flipkart.com/search?q=Black%2BDecker+Handheld+Portable+Garment+Steamer+1500+Watts+with+Anti+Calc+%28Violet,2026-10-07,synthetic,amazon:B07WVQG8WZ
Amazon,3959.0,0.0,5.0,3964.0,True,https://www.amazon.in/s?k=Black%2BDecker+Handheld+Portable+Garment+Steamer+1500+Watts+with+Anti+Calc+%28Violet,2026-10-07,synthetic_history,amazon:B07WVQG8WZ
Reliance Digital,4079.0,0.0,0.0,4079.0,True,https://www.reliancedigital.in/search?q=Black%2BDecker+Handheld+Portable+Garment+Steamer+1500+Watts+with+Anti+Calc+%28Violet,2026-10-07,synthetic,amazon:B07WVQG8WZ
Meesho,4549.0,0.0,0.0,4549.0,True,https://www.meesho.com/search?q=Black%2BDecker+Handheld+Portable+Garment+Steamer+1500+Watts+with+Anti+Calc+%28Violet,2026-10-07,synthetic,amazon:B07WVQG8WZ
Croma,4049.0,0.0,0.0,4049.0,False,https://www.google.com/search?q=site%3Acroma.com+Black%2BDecker+Handheld+Portable+Garment+Steamer+1500+Watts+with+Anti+Calc+%28Violet,2026-10-07,synthetic,amazon:B07WVQG8WZ
Flipkart,2509.0,0.0,3.0,2512.0,True,https://www.flipkart.com/search?q=KHAITAN+AVAANTE+KA-2013+1200+Watt+3-Rod+Halogen+Heater+%281200+Watts%2C+Grey%29,2026-10-07,synthetic,amazon:B09MB3DKG1
Amazon,2599.0,0.0,5.0,2604.0,True,https://www.amazon.in/s?k=KHAITAN+AVAANTE+KA-2013+1200+Watt+3-Rod+Halogen+Heater+%281200+Watts%2C+Grey%29,2026-10-07,synthetic_history,amazon:B09MB3DKG1
Croma,2769.0,0.0,0.0,2769.0,True,https://www.google.com/search?q=site%3Acroma.com+KHAITAN+AVAANTE+KA-2013+1200+Watt+3-Rod+Halogen+Heater+%281200+Watts%2C+Grey%29,2026-10-07,synthetic,amazon:B09MB3DKG1
Meesho,2439.0,0.0,0.0,2439.0,False,https://www.meesho.com/search?q=KHAITAN+AVAANTE+KA-2013+1200+Watt+3-Rod+Halogen+Heater+%281200+Watts%2C+Grey%29,2026-10-07,synthetic,amazon:B09MB3DKG1
Reliance Digital,2699.0,0.0,0.0,2699.0,False,https://www.reliancedigital.in/search?q=KHAITAN+AVAANTE+KA-2013+1200+Watt+3-Rod+Halogen+Heater+%281200+Watts%2C+Grey%29,2026-10-07,synthetic,amazon:B09MB3DKG1
Meesho,159.0,0.0,0.0,159.0,True,https://www.meesho.com/search?q=Portable+Lint+Remover+Pet+Fur+Remover+Clothes+Fuzz+Remover+Pet+Hairball+Quick+Ep,2026-10-07,synthetic,amazon:B09XB1R2F3
Croma,189.0,0.0,0.0,189.0,True,https://www.google.com/search?q=site%3Acroma.com+Portable+Lint+Remover+Pet+Fur+Remover+Clothes+Fuzz+Remover+Pet+Hairball+Quick+Ep,2026-10-07,synthetic,amazon:B09XB1R2F3
Flipkart,179.0,40.0,3.0,222.0,True,https://www.flipkart.com/search?q=Portable+Lint+Remover+Pet+Fur+Remover+Clothes+Fuzz+Remover+Pet+Hairball+Quick+Ep,2026-10-07,synthetic,amazon:B09XB1R2F3
Amazon,179.0,40.0,5.0,224.0,True,https://www.amazon.in/s?k=Portable+Lint+Remover+Pet+Fur+Remover+Clothes+Fuzz+Remover+Pet+Hairball+Quick+Ep,2026-10-07,synthetic_history,amazon:B09XB1R2F3
Reliance Digital,189.0,0.0,0.0,189.0,False,https://www.reliancedigital.in/search?q=Portable+Lint+Remover+Pet+Fur+Remover+Clothes+Fuzz+Remover+Pet+Hairball+Quick+Ep,2026-10-07,synthetic,amazon:B09XB1R2F3
Flipkart,1309.0,0.0,3.0,1312.0,True,https://www.flipkart.com/search?q=Campfire+Spring+Chef+Prolix+Instant+Portable+Water+Heater+Geyser+1Ltr.+for+Use+H,2026-10-07,synthetic,amazon:B0BP89YBC1
Amazon,1319.0,0.0,5.0,1324.0,True,https://www.amazon.in/s?k=Campfire+Spring+Chef+Prolix+Instant+Portable+Water+Heater+Geyser+1Ltr.+for+Use+H,2026-10-07,synthetic_history,amazon:B0BP89YBC1
Reliance Digital,1389.0,0.0,0.0,1389.0,True,https://www.reliancedigital.in/search?q=Campfire+Spring+Chef+Prolix+Instant+Portable+Water+Heater+Geyser+1Ltr.+for+Use+H,2026-10-07,synthetic,amazon:B0BP89YBC1
Meesho,1049.0,0.0,0.0,1049.0,False,https://www.meesho.com/search?q=Campfire+Spring+Chef+Prolix+Instant+Portable+Water+Heater+Geyser+1Ltr.+for+Use+H,2026-10-07,synthetic,amazon:B0BP89YBC1
Croma,1359.0,0.0,0.0,1359.0,False,https://www.google.com/search?q=site%3Acroma.com+Campfire+Spring+Chef+Prolix+Instant+Portable+Water+Heater+Geyser+1Ltr.+for+Use+H,2026-10-07,synthetic,amazon:B0BP89YBC1
Reliance Digital,339.0,0.0,0.0,339.0,True,https://www.reliancedigital.in/search?q=Tosaa+T2STSR+Sandwich+Gas+Toaster+Regular+%28Black%29,2026-10-07,synthetic,amazon:B07RX42D3D
Flipkart,319.0,40.0,3.0,362.0,True,https://www.flipkart.com/search?q=Tosaa+T2STSR+Sandwich+Gas+Toaster+Regular+%28Black%29,2026-10-07,synthetic,amazon:B07RX42D3D
Amazon,329.0,40.0,5.0,374.0,True,https://www.amazon.in/s?k=Tosaa+T2STSR+Sandwich+Gas+Toaster+Regular+%28Black%29,2026-10-07,synthetic_history,amazon:B07RX42D3D
Meesho,309.0,0.0,0.0,309.0,False,https://www.meesho.com/search?q=Tosaa+T2STSR+Sandwich+Gas+Toaster+Regular+%28Black%29,2026-10-07,synthetic,amazon:B07RX42D3D
Croma,349.0,0.0,0.0,349.0,False,https://www.google.com/search?q=site%3Acroma.com+Tosaa+T2STSR+Sandwich+Gas+Toaster+Regular+%28Black%29,2026-10-07,synthetic,amazon:B07RX42D3D
Meesho,979.0,0.0,0.0,979.0,True,https://www.meesho.com/search?q=KENT+16052+Elegant+Electric+Glass+Kettle+1.8L+2000+W+%7C+Blue+LED+Illumination+%7C+B,2026-10-07,synthetic,amazon:B07YR26BJ3
Amazon,1059.0,0.0,5.0,1064.0,True,https://www.amazon.in/s?k=KENT+16052+Elegant+Electric+Glass+Kettle+1.8L+2000+W+%7C+Blue+LED+Illumination+%7C+B,2026-10-07,synthetic_history,amazon:B07YR26BJ3
Croma,1079.0,0.0,0.0,1079.0,True,https://www.google.com/search?q=site%3Acroma.com+KENT+16052+Elegant+Electric+Glass+Kettle+1.8L+2000+W+%7C+Blue+LED+Illumination+%7C+B,2026-10-07,synthetic,amazon:B07YR26BJ3
Flipkart,1099.0,0.0,3.0,1102.0,True,https://www.flipkart.com/search?q=KENT+16052+Elegant+Electric+Glass+Kettle+1.8L+2000+W+%7C+Blue+LED+Illumination+%7C+B,2026-10-07,synthetic,amazon:B07YR26BJ3
Reliance Digital,1139.0,0.0,0.0,1139.0,False,https://www.reliancedigital.in/search?q=KENT+16052+Elegant+Electric+Glass+Kettle+1.8L+2000+W+%7C+Blue+LED+Illumination+%7C+B,2026-10-07,synthetic,amazon:B07YR26BJ3
Amazon,1189.0,0.0,5.0,1194.0,True,https://www.amazon.in/s?k=ACTIVA+1200+MM+HIGH+SPEED+390+RPM+BEE+APPROVED+5+STAR+RATED+APSRA+CEILING+FAN+BR,2026-10-07,synthetic_history,amazon:B07ZJND9B9
Flipkart,1279.0,0.0,3.0,1282.0,True,https://www.flipkart.com/search?q=ACTIVA+1200+MM+HIGH+SPEED+390+RPM+BEE+APPROVED+5+STAR+RATED+APSRA+CEILING+FAN+BR,2026-10-07,synthetic,amazon:B07ZJND9B9
Meesho,1189.0,0.0,0.0,1189.0,False,https://www.meesho.com/search?q=ACTIVA+1200+MM+HIGH+SPEED+390+RPM+BEE+APPROVED+5+STAR+RATED+APSRA+CEILING+FAN+BR,2026-10-07,synthetic,amazon:B07ZJND9B9
Croma,1239.0,0.0,0.0,1239.0,False,https://www.google.com/search?q=site%3Acroma.com+ACTIVA+1200+MM+HIGH+SPEED+390+RPM+BEE+APPROVED+5+STAR+RATED+APSRA+CEILING+FAN+BR,2026-10-07,synthetic,amazon:B07ZJND9B9
Reliance Digital,1239.0,0.0,0.0,1239.0,False,https://www.reliancedigital.in/search?q=ACTIVA+1200+MM+HIGH+SPEED+390+RPM+BEE+APPROVED+5+STAR+RATED+APSRA+CEILING+FAN+BR,2026-10-07,synthetic,amazon:B07ZJND9B9
Meesho,999.0,0.0,0.0,999.0,True,https://www.meesho.com/search?q=Usha+Goliath+GO1200WG+Heavy+Weight+1200-Watt+Dry+Iron%2C+1.8+Kg%28Red%29,2026-10-07,synthetic,amazon:B0883LQJ6B
Flipkart,1079.0,0.0,3.0,1082.0,True,https://www.flipkart.com/search?q=Usha+Goliath+GO1200WG+Heavy+Weight+1200-Watt+Dry+Iron%2C+1.8+Kg%28Red%29,2026-10-07,synthetic,amazon:B0883LQJ6B
Amazon,1079.0,0.0,5.0,1084.0,True,https://www.amazon.in/s?k=Usha+Goliath+GO1200WG+Heavy+Weight+1200-Watt+Dry+Iron%2C+1.8+Kg%28Red%29,2026-10-07,synthetic_history,amazon:B0883LQJ6B
Reliance Digital,1089.0,0.0,0.0,1089.0,True,https://www.reliancedigital.in/search?q=Usha+Goliath+GO1200WG+Heavy+Weight+1200-Watt+Dry+Iron%2C+1.8+Kg%28Red%29,2026-10-07,synthetic,amazon:B0883LQJ6B
Croma,1179.0,0.0,0.0,1179.0,False,https://www.google.com/search?q=site%3Acroma.com+Usha+Goliath+GO1200WG+Heavy+Weight+1200-Watt+Dry+Iron%2C+1.8+Kg%28Red%29,2026-10-07,synthetic,amazon:B0883LQJ6B
Reliance Digital,2219.0,0.0,0.0,2219.0,True,https://www.reliancedigital.in/search?q=Prestige+Sandwich+Maker+PGMFD+01%2C+Black,2026-10-07,synthetic,amazon:B07S851WX5
Flipkart,2229.0,0.0,3.0,2232.0,True,https://www.flipkart.com/search?q=Prestige+Sandwich+Maker+PGMFD+01%2C+Black,2026-10-07,synthetic,amazon:B07S851WX5
Amazon,2269.0,0.0,5.0,2274.0,True,https://www.amazon.in/s?k=Prestige+Sandwich+Maker+PGMFD+01%2C+Black,2026-10-07,synthetic_history,amazon:B07S851WX5
Croma,2379.0,0.0,0.0,2379.0,True,https://www.google.com/search?q=site%3Acroma.com+Prestige+Sandwich+Maker+PGMFD+01%2C+Black,2026-10-07,synthetic,amazon:B07S851WX5
Meesho,1799.0,0.0,0.0,1799.0,False,https://www.meesho.com/search?q=Prestige+Sandwich+Maker+PGMFD+01%2C+Black,2026-10-07,synthetic,amazon:B07S851WX5
Flipkart,8809.0,0.0,3.0,8812.0,True,https://www.flipkart.com/search?q=Philips+AC1215%2F20+Air+purifier%2C+removes+99.97%25+airborne+pollutants%2C+4-stage+filt,2026-10-07,synthetic,amazon:B01L6MT7E0
Meesho,9099.0,0.0,0.0,9099.0,True,https://www.meesho.com/search?q=Philips+AC1215%2F20+Air+purifier%2C+removes+99.97%25+airborne+pollutants%2C+4-stage+filt,2026-10-07,synthetic,amazon:B01L6MT7E0
Amazon,9499.0,0.0,5.0,9504.0,True,https://www.amazon.in/s?k=Philips+AC1215%2F20+Air+purifier%2C+removes+99.97%25+airborne+pollutants%2C+4-stage+filt,2026-10-07,synthetic_history,amazon:B01L6MT7E0
Croma,9669.0,0.0,0.0,9669.0,True,https://www.google.com/search?q=site%3Acroma.com+Philips+AC1215%2F20+Air+purifier%2C+removes+99.97%25+airborne+pollutants%2C+4-stage+filt,2026-10-07,synthetic,amazon:B01L6MT7E0
Reliance Digital,10019.0,0.0,0.0,10019.0,False,https://www.reliancedigital.in/search?q=Philips+AC1215%2F20+Air+purifier%2C+removes+99.97%25+airborne+pollutants%2C+4-stage+filt,2026-10-07,synthetic,amazon:B01L6MT7E0
Flipkart,1399.0,0.0,3.0,1402.0,True,https://www.flipkart.com/search?q=Prestige+PSMFB+800+Watt+Sandwich+Toaster+with+Fixed+Plates%2C+Black,2026-10-07,synthetic,amazon:B00935MGHS
Amazon,1399.0,0.0,5.0,1404.0,True,https://www.amazon.in/s?k=Prestige+PSMFB+800+Watt+Sandwich+Toaster+with+Fixed+Plates%2C+Black,2026-10-07,synthetic_history,amazon:B00935MGHS
Reliance Digital,1489.0,0.0,0.0,1489.0,True,https://www.reliancedigital.in/search?q=Prestige+PSMFB+800+Watt+Sandwich+Toaster+with+Fixed+Plates%2C+Black,2026-10-07,synthetic,amazon:B00935MGHS
Meesho,1179.0,0.0,0.0,1179.0,False,https://www.meesho.com/search?q=Prestige+PSMFB+800+Watt+Sandwich+Toaster+with+Fixed+Plates%2C+Black,2026-10-07,synthetic,amazon:B00935MGHS
Croma,1449.0,0.0,0.0,1449.0,False,https://www.google.com/search?q=site%3Acroma.com+Prestige+PSMFB+800+Watt+Sandwich+Toaster+with+Fixed+Plates%2C+Black,2026-10-07,synthetic,amazon:B00935MGHS
Meesho,1599.0,0.0,0.0,1599.0,True,https://www.meesho.com/search?q=Borosil+Rio+1.5+L+Electric+Kettle%2C+Stainless+Steel+Inner+Body%2C+Boil+Water+For+Te,2026-10-07,synthetic,amazon:B07VZYMQNZ
Amazon,1889.0,0.0,5.0,1894.0,True,https://www.amazon.in/s?k=Borosil+Rio+1.5+L+Electric+Kettle%2C+Stainless+Steel+Inner+Body%2C+Boil+Water+For+Te,2026-10-07,synthetic_history,amazon:B07VZYMQNZ
Flipkart,1919.0,0.0,3.0,1922.0,True,https://www.flipkart.com/search?q=Borosil+Rio+1.5+L+Electric+Kettle%2C+Stainless+Steel+Inner+Body%2C+Boil+Water+For+Te,2026-10-07,synthetic,amazon:B07VZYMQNZ
Croma,1999.0,0.0,0.0,1999.0,True,https://www.google.com/search?q=site%3Acroma.com+Borosil+Rio+1.5+L+Electric+Kettle%2C+Stainless+Steel+Inner+Body%2C+Boil+Water+For+Te,2026-10-07,synthetic,amazon:B07VZYMQNZ
Reliance Digital,2089.0,0.0,0.0,2089.0,False,https://www.reliancedigital.in/search?q=Borosil+Rio+1.5+L+Electric+Kettle%2C+Stainless+Steel+Inner+Body%2C+Boil+Water+For+Te,2026-10-07,synthetic,amazon:B07VZYMQNZ
Flipkart,1269.0,0.0,3.0,1272.0,True,https://www.flipkart.com/search?q=JIALTO+Mini+Waffle+Maker+4+Inch-+350+Watts%3A+Stainless+Steel+Non-Stick+Electric+I,2026-10-07,synthetic,amazon:B09LH32678
Amazon,1309.0,0.0,5.0,1314.0,True,https://www.amazon.in/s?k=JIALTO+Mini+Waffle+Maker+4+Inch-+350+Watts%3A+Stainless+Steel+Non-Stick+Electric+I,2026-10-07,synthetic_history,amazon:B09LH32678
Croma,1359.0,0.0,0.0,1359.0,True,https://www.google.com/search?q=site%3Acroma.com+JIALTO+Mini+Waffle+Maker+4+Inch-+350+Watts%3A+Stainless+Steel+Non-Stick+Electric+I,2026-10-07,synthetic,amazon:B09LH32678
Reliance Digital,1389.0,0.0,0.0,1389.0,True,https://www.reliancedigital.in/search?q=JIALTO+Mini+Waffle+Maker+4+Inch-+350+Watts%3A+Stainless+Steel+Non-Stick+Electric+I,2026-10-07,synthetic,amazon:B09LH32678
Meesho,1179.0,0.0,0.0,1179.0,False,https://www.meesho.com/search?q=JIALTO+Mini+Waffle+Maker+4+Inch-+350+Watts%3A+Stainless+Steel+Non-Stick+Electric+I,2026-10-07,synthetic,amazon:B09LH32678
Meesho,1539.0,0.0,0.0,1539.0,True,https://www.meesho.com/search?q=iBELL+SM1515NEW+Sandwich+Maker+with+Floating+Hinges%2C+1000Watt%2C+Panini+%2F+Grill+%2F+,2026-10-07,synthetic,amazon:B0B5RP43VN
Flipkart,1899.0,0.0,3.0,1902.0,True,https://www.flipkart.com/search?q=iBELL+SM1515NEW+Sandwich+Maker+with+Floating+Hinges%2C+1000Watt%2C+Panini+%2F+Grill+%2F+,2026-10-07,synthetic,amazon:B0B5RP43VN
Amazon,1899.0,0.0,5.0,1904.0,True,https://www.amazon.in/s?k=iBELL+SM1515NEW+Sandwich+Maker+with+Floating+Hinges%2C+1000Watt%2C+Panini+%2F+Grill+%2F+,2026-10-07,synthetic_history,amazon:B0B5RP43VN
Croma,1959.0,0.0,0.0,1959.0,True,https://www.google.com/search?q=site%3Acroma.com+iBELL+SM1515NEW+Sandwich+Maker+with+Floating+Hinges%2C+1000Watt%2C+Panini+%2F+Grill+%2F+,2026-10-07,synthetic,amazon:B0B5RP43VN
Reliance Digital,1999.0,0.0,0.0,1999.0,False,https://www.reliancedigital.in/search?q=iBELL+SM1515NEW+Sandwich+Maker+with+Floating+Hinges%2C+1000Watt%2C+Panini+%2F+Grill+%2F+,2026-10-07,synthetic,amazon:B0B5RP43VN
Meesho,10349.0,0.0,0.0,10349.0,True,https://www.meesho.com/search?q=Sujata+Powermatic+Plus%2C+Juicer+Mixer+Grinder+with+Chutney+Jar%2C+900+Watts%2C+3+Jars,2026-10-07,synthetic,amazon:B07Y9PY6Y1
Flipkart,11689.0,0.0,3.0,11692.0,True,https://www.flipkart.com/search?q=Sujata+Powermatic+Plus%2C+Juicer+Mixer+Grinder+with+Chutney+Jar%2C+900+Watts%2C+3+Jars,2026-10-07,synthetic,amazon:B07Y9PY6Y1
Amazon,11739.0,0.0,5.0,11744.0,True,https://www.amazon.in/s?k=Sujata+Powermatic+Plus%2C+Juicer+Mixer+Grinder+with+Chutney+Jar%2C+900+Watts%2C+3+Jars,2026-10-07,synthetic_history,amazon:B07Y9PY6Y1
Reliance Digital,12099.0,0.0,0.0,12099.0,True,https://www.reliancedigital.in/search?q=Sujata+Powermatic+Plus%2C+Juicer+Mixer+Grinder+with+Chutney+Jar%2C+900+Watts%2C+3+Jars,2026-10-07,synthetic,amazon:B07Y9PY6Y1
Croma,12829.0,0.0,0.0,12829.0,False,https://www.google.com/search?q=site%3Acroma.com+Sujata+Powermatic+Plus%2C+Juicer+Mixer+Grinder+with+Chutney+Jar%2C+900+Watts%2C+3+Jars,2026-10-07,synthetic,amazon:B07Y9PY6Y1
Amazon,2969.0,0.0,5.0,2974.0,True,https://www.amazon.in/s?k=Borosil+Prime+Grill+Sandwich+Maker+%28Grey%29,2026-10-07,synthetic_history,amazon:B07JZSG42Y
Flipkart,2999.0,0.0,3.0,3002.0,True,https://www.flipkart.com/search?q=Borosil+Prime+Grill+Sandwich+Maker+%28Grey%29,2026-10-07,synthetic,amazon:B07JZSG42Y
Croma,3089.0,0.0,0.0,3089.0,True,https://www.google.com/search?q=site%3Acroma.com+Borosil+Prime+Grill+Sandwich+Maker+%28Grey%29,2026-10-07,synthetic,amazon:B07JZSG42Y
Meesho,2879.0,0.0,0.0,2879.0,False,https://www.meesho.com/search?q=Borosil+Prime+Grill+Sandwich+Maker+%28Grey%29,2026-10-07,synthetic,amazon:B07JZSG42Y
Reliance Digital,3139.0,0.0,0.0,3139.0,False,https://www.reliancedigital.in/search?q=Borosil+Prime+Grill+Sandwich+Maker+%28Grey%29,2026-10-07,synthetic,amazon:B07JZSG42Y
Flipkart,1389.0,0.0,3.0,1392.0,True,https://www.flipkart.com/search?q=KENT+16025+Sandwich+Grill+700W+%7C+Non-Toxic+Ceramic+Coating+%7C+Automatic+Temperatu,2026-10-07,synthetic,amazon:B07GWTWFS2
Amazon,1389.0,0.0,5.0,1394.0,True,https://www.amazon.in/s?k=KENT+16025+Sandwich+Grill+700W+%7C+Non-Toxic+Ceramic+Coating+%7C+Automatic+Temperatu,2026-10-07,synthetic_history,amazon:B07GWTWFS2
Reliance Digital,1529.0,0.0,0.0,1529.0,True,https://www.reliancedigital.in/search?q=KENT+16025+Sandwich+Grill+700W+%7C+Non-Toxic+Ceramic+Coating+%7C+Automatic+Temperatu,2026-10-07,synthetic,amazon:B07GWTWFS2
Meesho,1099.0,0.0,0.0,1099.0,False,https://www.meesho.com/search?q=KENT+16025+Sandwich+Grill+700W+%7C+Non-Toxic+Ceramic+Coating+%7C+Automatic+Temperatu,2026-10-07,synthetic,amazon:B07GWTWFS2
Croma,1409.0,0.0,0.0,1409.0,False,https://www.google.com/search?q=site%3Acroma.com+KENT+16025+Sandwich+Grill+700W+%7C+Non-Toxic+Ceramic+Coating+%7C+Automatic+Temperatu,2026-10-07,synthetic,amazon:B07GWTWFS2
Flipkart,2339.0,0.0,3.0,2342.0,True,https://www.flipkart.com/search?q=Prestige+PIC+20+1600+Watt+Induction+Cooktop+with+Push+button+%28Black%29,2026-10-07,synthetic,amazon:B00YMJ0OI8
Amazon,2359.0,0.0,5.0,2364.0,True,https://www.amazon.in/s?k=Prestige+PIC+20+1600+Watt+Induction+Cooktop+with+Push+button+%28Black%29,2026-10-07,synthetic_history,amazon:B00YMJ0OI8
Croma,2499.0,0.0,0.0,2499.0,True,https://www.google.com/search?q=site%3Acroma.com+Prestige+PIC+20+1600+Watt+Induction+Cooktop+with+Push+button+%28Black%29,2026-10-07,synthetic,amazon:B00YMJ0OI8
Meesho,2189.0,0.0,0.0,2189.0,False,https://www.meesho.com/search?q=Prestige+PIC+20+1600+Watt+Induction+Cooktop+with+Push+button+%28Black%29,2026-10-07,synthetic,amazon:B00YMJ0OI8
Reliance Digital,2519.0,0.0,0.0,2519.0,False,https://www.reliancedigital.in/search?q=Prestige+PIC+20+1600+Watt+Induction+Cooktop+with+Push+button+%28Black%29,2026-10-07,synthetic,amazon:B00YMJ0OI8
Flipkart,4099.0,0.0,3.0,4102.0,True,https://www.flipkart.com/search?q=INALSA+Hand+Blender+1000+Watt+with+Chopper%2C+Whisker%2C+600+ml+Multipurpose+Jar%7CVar,2026-10-07,synthetic,amazon:B0747VDH9L
Amazon,4189.0,0.0,5.0,4194.0,True,https://www.amazon.in/s?k=INALSA+Hand+Blender+1000+Watt+with+Chopper%2C+Whisker%2C+600+ml+Multipurpose+Jar%7CVar,2026-10-07,synthetic_history,amazon:B0747VDH9L
Croma,4259.0,0.0,0.0,4259.0,True,https://www.google.com/search?q=site%3Acroma.com+INALSA+Hand+Blender+1000+Watt+with+Chopper%2C+Whisker%2C+600+ml+Multipurpose+Jar%7CVar,2026-10-07,synthetic,amazon:B0747VDH9L
Meesho,3999.0,0.0,0.0,3999.0,False,https://www.meesho.com/search?q=INALSA+Hand+Blender+1000+Watt+with+Chopper%2C+Whisker%2C+600+ml+Multipurpose+Jar%7CVar,2026-10-07,synthetic,amazon:B0747VDH9L
Reliance Digital,4259.0,0.0,0.0,4259.0,False,https://www.reliancedigital.in/search?q=INALSA+Hand+Blender+1000+Watt+with+Chopper%2C+Whisker%2C+600+ml+Multipurpose+Jar%7CVar,2026-10-07,synthetic,amazon:B0747VDH9L
Meesho,4719.0,0.0,0.0,4719.0,True,https://www.meesho.com/search?q=AGARO+Supreme+High+Pressure+Washer%2C+1800+Watts%2C+120+Bars%2C+6.5L%2FMin+Flow+Rate%2C+8+,2026-10-07,synthetic,amazon:B09VKWGZD7
Amazon,5419.0,0.0,5.0,5424.0,True,https://www.amazon.in/s?k=AGARO+Supreme+High+Pressure+Washer%2C+1800+Watts%2C+120+Bars%2C+6.5L%2FMin+Flow+Rate%2C+8+,2026-10-07,synthetic_history,amazon:B09VKWGZD7
Flipkart,5429.0,0.0,3.0,5432.0,True,https://www.flipkart.com/search?q=AGARO+Supreme+High+Pressure+Washer%2C+1800+Watts%2C+120+Bars%2C+6.5L%2FMin+Flow+Rate%2C+8+,2026-10-07,synthetic,amazon:B09VKWGZD7
Reliance Digital,5589.0,0.0,0.0,5589.0,True,https://www.reliancedigital.in/search?q=AGARO+Supreme+High+Pressure+Washer%2C+1800+Watts%2C+120+Bars%2C+6.5L%2FMin+Flow+Rate%2C+8+,2026-10-07,synthetic,amazon:B09VKWGZD7
Croma,5359.0,0.0,0.0,5359.0,False,https://www.google.com/search?q=site%3Acroma.com+AGARO+Supreme+High+Pressure+Washer%2C+1800+Watts%2C+120+Bars%2C+6.5L%2FMin+Flow+Rate%2C+8+,2026-10-07,synthetic,amazon:B09VKWGZD7
Reliance Digital,2669.0,0.0,0.0,2669.0,True,https://www.reliancedigital.in/search?q=Hindware+Atlantic+Compacto+3+Litre+Instant+water+heater+with+Stainless+Steel+Tan,2026-10-07,synthetic,amazon:B09DL9978Y
Amazon,2669.0,0.0,5.0,2674.0,True,https://www.amazon.in/s?k=Hindware+Atlantic+Compacto+3+Litre+Instant+water+heater+with+Stainless+Steel+Tan,2026-10-07,synthetic_history,amazon:B09DL9978Y
Croma,2749.0,0.0,0.0,2749.0,True,https://www.google.com/search?q=site%3Acroma.com+Hindware+Atlantic+Compacto+3+Litre+Instant+water+heater+with+Stainless+Steel+Tan,2026-10-07,synthetic,amazon:B09DL9978Y
Flipkart,2769.0,0.0,3.0,2772.0,True,https://www.flipkart.com/search?q=Hindware+Atlantic+Compacto+3+Litre+Instant+water+heater+with+Stainless+Steel+Tan,2026-10-07,synthetic,amazon:B09DL9978Y
Meesho,2349.0,0.0,0.0,2349.0,False,https://www.meesho.com/search?q=Hindware+Atlantic+Compacto+3+Litre+Instant+water+heater+with+Stainless+Steel+Tan,2026-10-07,synthetic,amazon:B09DL9978Y
Croma,489.0,0.0,0.0,489.0,True,https://www.google.com/search?q=site%3Acroma.com+PrettyKrafts+Laundry+Basket+for+clothes+with+Lid+%26+Handles%2C+Toys+Organiser%2C+75+L,2026-10-07,synthetic,amazon:B0814P4L98
Flipkart,459.0,40.0,3.0,502.0,True,https://www.flipkart.com/search?q=PrettyKrafts+Laundry+Basket+for+clothes+with+Lid+%26+Handles%2C+Toys+Organiser%2C+75+L,2026-10-07,synthetic,amazon:B0814P4L98
Amazon,469.0,40.0,5.0,514.0,True,https://www.amazon.in/s?k=PrettyKrafts+Laundry+Basket+for+clothes+with+Lid+%26+Handles%2C+Toys+Organiser%2C+75+L,2026-10-07,synthetic_history,amazon:B0814P4L98
Meesho,449.0,0.0,0.0,449.0,False,https://www.meesho.com/search?q=PrettyKrafts+Laundry+Basket+for+clothes+with+Lid+%26+Handles%2C+Toys+Organiser%2C+75+L,2026-10-07,synthetic,amazon:B0814P4L98
Reliance Digital,479.0,0.0,0.0,479.0,False,https://www.reliancedigital.in/search?q=PrettyKrafts+Laundry+Basket+for+clothes+with+Lid+%26+Handles%2C+Toys+Organiser%2C+75+L,2026-10-07,synthetic,amazon:B0814P4L98
Meesho,599.0,0.0,0.0,599.0,True,https://www.meesho.com/search?q=Bajaj+DX-2+600W+Dry+Iron+with+Advance+Soleplate+and+Anti-Bacterial+German+Coatin,2026-10-07,synthetic,amazon:B00SMJPA9C
Flipkart,649.0,0.0,3.0,652.0,True,https://www.flipkart.com/search?q=Bajaj+DX-2+600W+Dry+Iron+with+Advance+Soleplate+and+Anti-Bacterial+German+Coatin,2026-10-07,synthetic,amazon:B00SMJPA9C
Amazon,649.0,0.0,5.0,654.0,True,https://www.amazon.in/s?k=Bajaj+DX-2+600W+Dry+Iron+with+Advance+Soleplate+and+Anti-Bacterial+German+Coatin,2026-10-07,synthetic_history,amazon:B00SMJPA9C
Croma,669.0,0.0,0.0,669.0,True,https://www.google.com/search?q=site%3Acroma.com+Bajaj+DX-2+600W+Dry+Iron+with+Advance+Soleplate+and+Anti-Bacterial+German+Coatin,2026-10-07,synthetic,amazon:B00SMJPA9C
Reliance Digital,669.0,0.0,0.0,669.0,True,https://www.reliancedigital.in/search?q=Bajaj+DX-2+600W+Dry+Iron+with+Advance+Soleplate+and+Anti-Bacterial+German+Coatin,2026-10-07,synthetic,amazon:B00SMJPA9C
Amazon,1459.0,0.0,5.0,1464.0,True,https://www.amazon.in/s?k=Pigeon+Kessel+Multipurpose+Kettle+%2812173%29+1.2+litres+with+Stainless+Steel+Body%2C+,2026-10-07,synthetic_history,amazon:B01I1LDZGA
Flipkart,1479.0,0.0,3.0,1482.0,True,https://www.flipkart.com/search?q=Pigeon+Kessel+Multipurpose+Kettle+%2812173%29+1.2+litres+with+Stainless+Steel+Body%2C+,2026-10-07,synthetic,amazon:B01I1LDZGA
Meesho,1369.0,0.0,0.0,1369.0,False,https://www.meesho.com/search?q=Pigeon+Kessel+Multipurpose+Kettle+%2812173%29+1.2+litres+with+Stainless+Steel+Body%2C+,2026-10-07,synthetic,amazon:B01I1LDZGA
Croma,1549.0,0.0,0.0,1549.0,False,https://www.google.com/search?q=site%3Acroma.com+Pigeon+Kessel+Multipurpose+Kettle+%2812173%29+1.2+litres+with+Stainless+Steel+Body%2C+,2026-10-07,synthetic,amazon:B01I1LDZGA
Reliance Digital,1569.0,0.0,0.0,1569.0,False,https://www.reliancedigital.in/search?q=Pigeon+Kessel+Multipurpose+Kettle+%2812173%29+1.2+litres+with+Stainless+Steel+Body%2C+,2026-10-07,synthetic,amazon:B01I1LDZGA
Amazon,579.0,0.0,5.0,584.0,True,https://www.amazon.in/s?k=Crompton+IHL+251+1500-Watt+Immersion+Water+Heater+with+Copper+Heating+Element+an,2026-10-07,synthetic_history,amazon:B07K2HVKLL
Croma,599.0,0.0,0.0,599.0,True,https://www.google.com/search?q=site%3Acroma.com+Crompton+IHL+251+1500-Watt+Immersion+Water+Heater+with+Copper+Heating+Element+an,2026-10-07,synthetic,amazon:B07K2HVKLL
Flipkart,599.0,0.0,3.0,602.0,True,https://www.flipkart.com/search?q=Crompton+IHL+251+1500-Watt+Immersion+Water+Heater+with+Copper+Heating+Element+an,2026-10-07,synthetic,amazon:B07K2HVKLL
Meesho,529.0,0.0,0.0,529.0,False,https://www.meesho.com/search?q=Crompton+IHL+251+1500-Watt+Immersion+Water+Heater+with+Copper+Heating+Element+an,2026-10-07,synthetic,amazon:B07K2HVKLL
Reliance Digital,569.0,0.0,0.0,569.0,False,https://www.reliancedigital.in/search?q=Crompton+IHL+251+1500-Watt+Immersion+Water+Heater+with+Copper+Heating+Element+an,2026-10-07,synthetic,amazon:B07K2HVKLL
Amazon,1049.0,0.0,5.0,1054.0,True,https://www.amazon.in/s?k=INDIAS%C2%AE%E2%84%A2+Electro-Instant+Water+Geyser+A.B.S.+Body+Shock+Proof+Can+be+Used+in+Bat,2026-10-07,synthetic_history,amazon:B07H5PBN54
Meesho,929.0,0.0,0.0,929.0,False,https://www.meesho.com/search?q=INDIAS%C2%AE%E2%84%A2+Electro-Instant+Water+Geyser+A.B.S.+Body+Shock+Proof+Can+be+Used+in+Bat,2026-10-07,synthetic,amazon:B07H5PBN54
Flipkart,1009.0,0.0,3.0,1012.0,False,https://www.flipkart.com/search?q=INDIAS%C2%AE%E2%84%A2+Electro-Instant+Water+Geyser+A.B.S.+Body+Shock+Proof+Can+be+Used+in+Bat,2026-10-07,synthetic,amazon:B07H5PBN54
Croma,1069.0,0.0,0.0,1069.0,False,https://www.google.com/search?q=site%3Acroma.com+INDIAS%C2%AE%E2%84%A2+Electro-Instant+Water+Geyser+A.B.S.+Body+Shock+Proof+Can+be+Used+in+Bat,2026-10-07,synthetic,amazon:B07H5PBN54
Reliance Digital,1109.0,0.0,0.0,1109.0,False,https://www.reliancedigital.in/search?q=INDIAS%C2%AE%E2%84%A2+Electro-Instant+Water+Geyser+A.B.S.+Body+Shock+Proof+Can+be+Used+in+Bat,2026-10-07,synthetic,amazon:B07H5PBN54
Croma,1599.0,0.0,0.0,1599.0,True,https://www.google.com/search?q=site%3Acroma.com+MILTON+Smart+Egg+Boiler+360-Watts+%28Transparent+and+Silver+Grey%29%2C+Boil+Up+to+7+Eg,2026-10-07,synthetic,amazon:B08TTRVWKY
Amazon,1619.0,0.0,5.0,1624.0,True,https://www.amazon.in/s?k=MILTON+Smart+Egg+Boiler+360-Watts+%28Transparent+and+Silver+Grey%29%2C+Boil+Up+to+7+Eg,2026-10-07,synthetic_history,amazon:B08TTRVWKY
Reliance Digital,1669.0,0.0,0.0,1669.0,True,https://www.reliancedigital.in/search?q=MILTON+Smart+Egg+Boiler+360-Watts+%28Transparent+and+Silver+Grey%29%2C+Boil+Up+to+7+Eg,2026-10-07,synthetic,amazon:B08TTRVWKY
Flipkart,1689.0,0.0,3.0,1692.0,True,https://www.flipkart.com/search?q=MILTON+Smart+Egg+Boiler+360-Watts+%28Transparent+and+Silver+Grey%29%2C+Boil+Up+to+7+Eg,2026-10-07,synthetic,amazon:B08TTRVWKY
Meesho,1759.0,0.0,0.0,1759.0,True,https://www.meesho.com/search?q=MILTON+Smart+Egg+Boiler+360-Watts+%28Transparent+and+Silver+Grey%29%2C+Boil+Up+to+7+Eg,2026-10-07,synthetic,amazon:B08TTRVWKY
Reliance Digital,1709.0,0.0,0.0,1709.0,True,https://www.reliancedigital.in/search?q=Tesora+-+Inspired+by+you+Large+Premium+Electric+Kettle+1.8L%2C+Stainless+Steel+Inn,2026-10-07,synthetic,amazon:B09VGS66FV
Amazon,1729.0,0.0,5.0,1734.0,True,https://www.amazon.in/s?k=Tesora+-+Inspired+by+you+Large+Premium+Electric+Kettle+1.8L%2C+Stainless+Steel+Inn,2026-10-07,synthetic_history,amazon:B09VGS66FV
Croma,1779.0,0.0,0.0,1779.0,True,https://www.google.com/search?q=site%3Acroma.com+Tesora+-+Inspired+by+you+Large+Premium+Electric+Kettle+1.8L%2C+Stainless+Steel+Inn,2026-10-07,synthetic,amazon:B09VGS66FV
Flipkart,1829.0,0.0,3.0,1832.0,True,https://www.flipkart.com/search?q=Tesora+-+Inspired+by+you+Large+Premium+Electric+Kettle+1.8L%2C+Stainless+Steel+Inn,2026-10-07,synthetic,amazon:B09VGS66FV
Meesho,1689.0,0.0,0.0,1689.0,False,https://www.meesho.com/search?q=Tesora+-+Inspired+by+you+Large+Premium+Electric+Kettle+1.8L%2C+Stainless+Steel+Inn,2026-10-07,synthetic,amazon:B09VGS66FV
Flipkart,919.0,0.0,3.0,922.0,True,https://www.flipkart.com/search?q=Prestige+Clean+Home+Water+Purifier+Cartridge,2026-10-07,synthetic,amazon:B078XFKBZL
Amazon,919.0,0.0,5.0,924.0,True,https://www.amazon.in/s?k=Prestige+Clean+Home+Water+Purifier+Cartridge,2026-10-07,synthetic_history,amazon:B078XFKBZL
Reliance Digital,929.0,0.0,0.0,929.0,True,https://www.reliancedigital.in/search?q=Prestige+Clean+Home+Water+Purifier+Cartridge,2026-10-07,synthetic,amazon:B078XFKBZL
Croma,969.0,0.0,0.0,969.0,True,https://www.google.com/search?q=site%3Acroma.com+Prestige+Clean+Home+Water+Purifier+Cartridge,2026-10-07,synthetic,amazon:B078XFKBZL
Meesho,889.0,0.0,0.0,889.0,False,https://www.meesho.com/search?q=Prestige+Clean+Home+Water+Purifier+Cartridge,2026-10-07,synthetic,amazon:B078XFKBZL
Flipkart,66.0,40.0,3.0,109.0,True,https://www.flipkart.com/search?q=Classmate+Pulse+Spiral+Notebook+-+240+mm+x+180+mm%2C+Soft+Cover%2C+200+Pages%2C+Unrule,2026-10-07,synthetic,amazon:B00P93X2H6
Amazon,68.0,40.0,5.0,113.0,True,https://www.amazon.in/s?k=Classmate+Pulse+Spiral+Notebook+-+240+mm+x+180+mm%2C+Soft+Cover%2C+200+Pages%2C+Unrule,2026-10-07,synthetic_history,amazon:B00P93X2H6
Amazon,259.0,40.0,5.0,304.0,True,https://www.amazon.in/s?k=Camlin+Elegante+Fountain+Pen+-+Black%2FBlue%2FRed,2026-10-07,synthetic_history,amazon:B00LY17RHI
Flipkart,279.0,40.0,3.0,322.0,True,https://www.flipkart.com/search?q=Camlin+Elegante+Fountain+Pen+-+Black%2FBlue%2FRed,2026-10-07,synthetic,amazon:B00LY17RHI
Flipkart,139.0,40.0,3.0,182.0,True,https://www.flipkart.com/search?q=Classmate+Drawing+Book+-+Unruled%2C+40+Pages%2C+210+mm+x+297+mm+-+Pack+Of+4,2026-10-07,synthetic,amazon:B086Q3QMFS
Amazon,139.0,40.0,5.0,184.0,True,https://www.amazon.in/s?k=Classmate+Drawing+Book+-+Unruled%2C+40+Pages%2C+210+mm+x+297+mm+-+Pack+Of+4,2026-10-07,synthetic_history,amazon:B086Q3QMFS
Amazon,559.0,0.0,5.0,564.0,True,https://www.amazon.in/s?k=Parker+Classic+Gold+Gold+Trim+Ball+Pen,2026-10-07,synthetic_history,amazon:B00LM4W1N2
Flipkart,579.0,0.0,3.0,582.0,True,https://www.flipkart.com/search?q=Parker+Classic+Gold+Gold+Trim+Ball+Pen,2026-10-07,synthetic,amazon:B00LM4W1N2
Flipkart,279.0,40.0,3.0,322.0,True,https://www.flipkart.com/search?q=Luxor+5+Subject+Single+Ruled+Notebook+-+A4%2C+70+GSM%2C+300+pages,2026-10-07,synthetic,amazon:B00LHZWD0C
Amazon,299.0,40.0,5.0,344.0,True,https://www.amazon.in/s?k=Luxor+5+Subject+Single+Ruled+Notebook+-+A4%2C+70+GSM%2C+300+pages,2026-10-07,synthetic_history,amazon:B00LHZWD0C
Flipkart,209.0,40.0,3.0,252.0,True,https://www.flipkart.com/search?q=Classmate+Soft+Cover+6+Subject+Spiral+Binding+Notebook%2C+Unruled%2C+300+Pages,2026-10-07,synthetic,amazon:B00P93X6EK
Amazon,219.0,40.0,5.0,264.0,True,https://www.amazon.in/s?k=Classmate+Soft+Cover+6+Subject+Spiral+Binding+Notebook%2C+Unruled%2C+300+Pages,2026-10-07,synthetic_history,amazon:B00P93X6EK
Flipkart,109.0,40.0,3.0,152.0,True,https://www.flipkart.com/search?q=Parker+Quink+Ink+Bottle%2C+Blue,2026-10-07,synthetic,amazon:B00LM4X0KU
Amazon,109.0,40.0,5.0,154.0,True,https://www.amazon.in/s?k=Parker+Quink+Ink+Bottle%2C+Blue,2026-10-07,synthetic_history,amazon:B00LM4X0KU
Flipkart,569.0,0.0,3.0,572.0,True,https://www.flipkart.com/search?q=Casio+MJ-12D+150+Steps+Check+and+Correct+Desktop+Calculator,2026-10-07,synthetic,amazon:B0752LL57V
Amazon,569.0,0.0,5.0,574.0,True,https://www.amazon.in/s?k=Casio+MJ-12D+150+Steps+Check+and+Correct+Desktop+Calculator,2026-10-07,synthetic_history,amazon:B0752LL57V
Flipkart,339.0,40.0,3.0,382.0,True,https://www.flipkart.com/search?q=Classmate+Pulse+1+Subject+Notebook+-+240mm+x+180mm+%2C+Soft+Cover%2C+180+Pages%2C+Sing,2026-10-07,synthetic,amazon:B099S26HWG
Amazon,339.0,40.0,5.0,384.0,True,https://www.amazon.in/s?k=Classmate+Pulse+1+Subject+Notebook+-+240mm+x+180mm+%2C+Soft+Cover%2C+180+Pages%2C+Sing,2026-10-07,synthetic_history,amazon:B099S26HWG
Flipkart,289.0,40.0,3.0,332.0,True,https://www.flipkart.com/search?q=Parker+Vector+Standard+Chrome+Trim+Ball+Pen+%28Ink+-+Black%29,2026-10-07,synthetic,amazon:B00LZPQVMK
Amazon,309.0,40.0,5.0,354.0,True,https://www.amazon.in/s?k=Parker+Vector+Standard+Chrome+Trim+Ball+Pen+%28Ink+-+Black%29,2026-10-07,synthetic_history,amazon:B00LZPQVMK
Flipkart,61.0,40.0,3.0,104.0,True,https://www.flipkart.com/search?q=Classmate+Octane+Neon-+Blue+Gel+Pens%28Pack+of+5%29%7CSmooth+Writing+Pen%7CAttractive+bo,2026-10-07,synthetic,amazon:B07KCMR8D6
Amazon,60.0,40.0,5.0,105.0,True,https://www.amazon.in/s?k=Classmate+Octane+Neon-+Blue+Gel+Pens%28Pack+of+5%29%7CSmooth+Writing+Pen%7CAttractive+bo,2026-10-07,synthetic_history,amazon:B07KCMR8D6
Amazon,139.0,40.0,5.0,184.0,True,https://www.amazon.in/s?k=Pentonic+Multicolor+Ball+Point+Pen%2C+Pack+of+10,2026-10-07,synthetic_history,amazon:B07SBGFDX9
Flipkart,149.0,40.0,3.0,192.0,True,https://www.flipkart.com/search?q=Pentonic+Multicolor+Ball+Point+Pen%2C+Pack+of+10,2026-10-07,synthetic,amazon:B07SBGFDX9
Amazon,219.0,40.0,5.0,264.0,True,https://www.amazon.in/s?k=COI+Note+Pad%2FMemo+Book+with+Sticky+Notes+%26+Clip+Holder+with+Pen+for+Gifting,2026-10-07,synthetic_history,amazon:B00UGZWM2I
Flipkart,229.0,40.0,3.0,272.0,True,https://www.flipkart.com/search?q=COI+Note+Pad%2FMemo+Book+with+Sticky+Notes+%26+Clip+Holder+with+Pen+for+Gifting,2026-10-07,synthetic,amazon:B00UGZWM2I
Flipkart,189.0,40.0,3.0,232.0,True,https://www.flipkart.com/search?q=Classmate+Soft+Cover+6+Subject+Spiral+Binding+Notebook%2C+Single+Line%2C+300+Pages,2026-10-07,synthetic,amazon:B00LZLQ624
Amazon,189.0,40.0,5.0,234.0,True,https://www.amazon.in/s?k=Classmate+Soft+Cover+6+Subject+Spiral+Binding+Notebook%2C+Single+Line%2C+300+Pages,2026-10-07,synthetic_history,amazon:B00LZLQ624
Amazon,1519.0,0.0,5.0,1524.0,True,https://www.amazon.in/s?k=Casio+FX-991ES+Plus-2nd+Edition+Scientific+Calculator%2C+Black,2026-10-07,synthetic_history,amazon:B0846D5CBP
Flipkart,1599.0,0.0,3.0,1602.0,True,https://www.flipkart.com/search?q=Casio+FX-991ES+Plus-2nd+Edition+Scientific+Calculator%2C+Black,2026-10-07,synthetic,amazon:B0846D5CBP
Flipkart,409.0,40.0,3.0,452.0,True,https://www.flipkart.com/search?q=Parker+Moments+Vector+Timecheck+Gold+Trim+Roller+Ball+Pen+%28Black%29,2026-10-07,synthetic,amazon:B07LFQLKFZ
Amazon,419.0,40.0,5.0,464.0,True,https://www.amazon.in/s?k=Parker+Moments+Vector+Timecheck+Gold+Trim+Roller+Ball+Pen+%28Black%29,2026-10-07,synthetic_history,amazon:B07LFQLKFZ
Amazon,119.0,40.0,5.0,164.0,True,https://www.amazon.in/s?k=Classmate+Pulse+6+Subject+Notebook+-+Unruled%2C+300+Pages%2C+Spiral+Binding%2C+240mm%2A1,2026-10-07,synthetic_history,amazon:B00P93X0VO
Flipkart,119.0,40.0,3.0,162.0,False,https://www.flipkart.com/search?q=Classmate+Pulse+6+Subject+Notebook+-+Unruled%2C+300+Pages%2C+Spiral+Binding%2C+240mm%2A1,2026-10-07,synthetic,amazon:B00P93X0VO
Amazon,2039.0,0.0,5.0,2044.0,True,https://www.amazon.in/s?k=Portronics+Ruffpad+15+Re-Writable+LCD+Screen+38.1cm+%2815-inch%29+Writing+Pad+for+Dr,2026-10-07,synthetic_history,amazon:B08XNL93PL
Flipkart,2079.0,0.0,3.0,2082.0,True,https://www.flipkart.com/search?q=Portronics+Ruffpad+15+Re-Writable+LCD+Screen+38.1cm+%2815-inch%29+Writing+Pad+for+Dr,2026-10-07,synthetic,amazon:B08XNL93PL
Amazon,659.0,0.0,5.0,664.0,True,https://www.amazon.in/s?k=Casio+FX-82MS+2nd+Gen+Non-Programmable+Scientific+Calculator%2C+240+Functions+and+,2026-10-07,synthetic_history,amazon:B00AXHBBXU
Flipkart,699.0,0.0,3.0,702.0,True,https://www.flipkart.com/search?q=Casio+FX-82MS+2nd+Gen+Non-Programmable+Scientific+Calculator%2C+240+Functions+and+,2026-10-07,synthetic,amazon:B00AXHBBXU
Flipkart,94.0,40.0,3.0,137.0,True,https://www.flipkart.com/search?q=Pilot+Frixion+Clicker+Roller+Pen+%28Blue%29%2C+%289000019529%29,2026-10-07,synthetic,amazon:B00S2SEV7K
Amazon,97.0,40.0,5.0,142.0,True,https://www.amazon.in/s?k=Pilot+Frixion+Clicker+Roller+Pen+%28Blue%29%2C+%289000019529%29,2026-10-07,synthetic_history,amazon:B00S2SEV7K
Amazon,129.0,40.0,5.0,174.0,True,https://www.amazon.in/s?k=BRUSTRO+Copytinta+Coloured+Craft+Paper+A4+Size+80+GSM+Mixed+Bright+Colour+40+She,2026-10-07,synthetic_history,amazon:B095X38CJS
Flipkart,139.0,40.0,3.0,182.0,True,https://www.flipkart.com/search?q=BRUSTRO+Copytinta+Coloured+Craft+Paper+A4+Size+80+GSM+Mixed+Bright+Colour+40+She,2026-10-07,synthetic,amazon:B095X38CJS
Flipkart,159.0,40.0,3.0,202.0,True,https://www.flipkart.com/search?q=Luxor+5+Subject+Single+Ruled+Notebook+-+A5+Size%2C+70+GSM%2C+300+Pages,2026-10-07,synthetic,amazon:B00LHZW3XY
Amazon,159.0,40.0,5.0,204.0,True,https://www.amazon.in/s?k=Luxor+5+Subject+Single+Ruled+Notebook+-+A5+Size%2C+70+GSM%2C+300+Pages,2026-10-07,synthetic_history,amazon:B00LHZW3XY
Amazon,139.0,40.0,5.0,184.0,True,https://www.amazon.in/s?k=Classmate+2100117+Soft+Cover+6+Subject+Spiral+Binding+Notebook%2C+Single+Line%2C+300,2026-10-07,synthetic_history,amazon:B00LZLPYHW
Flipkart,149.0,40.0,3.0,192.0,True,https://www.flipkart.com/search?q=Classmate+2100117+Soft+Cover+6+Subject+Spiral+Binding+Notebook%2C+Single+Line%2C+300,2026-10-07,synthetic,amazon:B00LZLPYHW
Amazon,119.0,40.0,5.0,164.0,True,https://www.amazon.in/s?k=Parker+Quink+Ink+Bottle+%28Black%29,2026-10-07,synthetic_history,amazon:B00LM4X3XE
Flipkart,129.0,40.0,3.0,172.0,True,https://www.flipkart.com/search?q=Parker+Quink+Ink+Bottle+%28Black%29,2026-10-07,synthetic,amazon:B00LM4X3XE
Flipkart,599.0,0.0,3.0,602.0,True,https://www.flipkart.com/search?q=Casio+MJ-120D+150+Steps+Check+and+Correct+Desktop+Calculator+with+Tax+Keys%2C+Blac,2026-10-07,synthetic,amazon:B00K32PEW4
Amazon,599.0,0.0,5.0,604.0,True,https://www.amazon.in/s?k=Casio+MJ-120D+150+Steps+Check+and+Correct+Desktop+Calculator+with+Tax+Keys%2C+Blac,2026-10-07,synthetic_history,amazon:B00K32PEW4
Flipkart,179.0,40.0,3.0,222.0,True,https://www.flipkart.com/search?q=Classmate+Long+Book+-+Unruled%2C+160+Pages%2C+314+mm+x+194+mm+-+Pack+Of+3,2026-10-07,synthetic,amazon:B086PXQ2R4
Amazon,179.0,40.0,5.0,224.0,True,https://www.amazon.in/s?k=Classmate+Long+Book+-+Unruled%2C+160+Pages%2C+314+mm+x+194+mm+-+Pack+Of+3,2026-10-07,synthetic_history,amazon:B086PXQ2R4
Flipkart,779.0,0.0,3.0,782.0,True,https://www.flipkart.com/search?q=Classmate+Long+Notebook+-+140+Pages%2C+Single+Line%2C+297mm+x+210mm+%28Pack+of+12%29,2026-10-07,synthetic,amazon:B00J4YG0PC
Amazon,809.0,0.0,5.0,814.0,True,https://www.amazon.in/s?k=Classmate+Long+Notebook+-+140+Pages%2C+Single+Line%2C+297mm+x+210mm+%28Pack+of+12%29,2026-10-07,synthetic_history,amazon:B00J4YG0PC
Amazon,119.0,40.0,5.0,164.0,True,https://www.amazon.in/s?k=3M+Post-it+Sticky+Note+Cube%2C+200+Sheets+%284+Colors+x+50+Sheets%29+%7C+3%22+x+3%22+Size+%7C+,2026-10-07,synthetic_history,amazon:B00N1U7JXM
Flipkart,119.0,40.0,3.0,162.0,False,https://www.flipkart.com/search?q=3M+Post-it+Sticky+Note+Cube%2C+200+Sheets+%284+Colors+x+50+Sheets%29+%7C+3%22+x+3%22+Size+%7C+,2026-10-07,synthetic,amazon:B00N1U7JXM
Amazon,269.0,40.0,5.0,314.0,True,https://www.amazon.in/s?k=Classmate+Octane+Neon-+25+Blue+Gel+Pens+%7C+Smooth+Writing+Pens%7C+Water-proof+Ink+F,2026-10-07,synthetic_history,amazon:B07VV37FT4
Flipkart,289.0,40.0,3.0,332.0,True,https://www.flipkart.com/search?q=Classmate+Octane+Neon-+25+Blue+Gel+Pens+%7C+Smooth+Writing+Pens%7C+Water-proof+Ink+F,2026-10-07,synthetic,amazon:B07VV37FT4
Amazon,209.0,40.0,5.0,254.0,True,https://www.amazon.in/s?k=Pilot+V7+Liquid+Ink+Roller+Ball+Pen+%282+Blue+%2B+1+Black%29,2026-10-07,synthetic_history,amazon:B00LOD70SC
Flipkart,229.0,40.0,3.0,272.0,True,https://www.flipkart.com/search?q=Pilot+V7+Liquid+Ink+Roller+Ball+Pen+%282+Blue+%2B+1+Black%29,2026-10-07,synthetic,amazon:B00LOD70SC
Amazon,359.0,40.0,5.0,404.0,True,https://www.amazon.in/s?k=Parker+Vector+Camouflage+Gift+Set+-+Roller+Ball+Pen+%26+Parker+Logo+Keychain+%28Blac,2026-10-07,synthetic_history,amazon:B0746N6WML
Flipkart,369.0,40.0,3.0,412.0,True,https://www.flipkart.com/search?q=Parker+Vector+Camouflage+Gift+Set+-+Roller+Ball+Pen+%26+Parker+Logo+Keychain+%28Blac,2026-10-07,synthetic,amazon:B0746N6WML
Meesho,859.0,0.0,0.0,859.0,True,https://www.meesho.com/search?q=Boya+ByM1+Auxiliary+Omnidirectional+Lavalier+Condenser+Microphone+with+20ft+Audi,2026-10-07,synthetic,amazon:B076B8G5D8
Amazon,1109.0,0.0,5.0,1114.0,True,https://www.amazon.in/s?k=Boya+ByM1+Auxiliary+Omnidirectional+Lavalier+Condenser+Microphone+with+20ft+Audi,2026-10-07,synthetic_history,amazon:B076B8G5D8
Flipkart,1209.0,0.0,3.0,1212.0,True,https://www.flipkart.com/search?q=Boya+ByM1+Auxiliary+Omnidirectional+Lavalier+Condenser+Microphone+with+20ft+Audi,2026-10-07,synthetic,amazon:B076B8G5D8
Flipkart,579.0,0.0,3.0,582.0,True,https://www.flipkart.com/search?q=MAONO+AU-400+Lavalier+Auxiliary+Omnidirectional+Microphone+%28Black%29,2026-10-07,synthetic,amazon:B07JF9B592
Amazon,579.0,0.0,5.0,584.0,True,https://www.amazon.in/s?k=MAONO+AU-400+Lavalier+Auxiliary+Omnidirectional+Microphone+%28Black%29,2026-10-07,synthetic_history,amazon:B07JF9B592
Meesho,509.0,0.0,0.0,509.0,False,https://www.meesho.com/search?q=MAONO+AU-400+Lavalier+Auxiliary+Omnidirectional+Microphone+%28Black%29,2026-10-07,synthetic,amazon:B07JF9B592
Flipkart,799.0,0.0,3.0,802.0,True,https://www.flipkart.com/search?q=Dr+Trust+Electronic+Kitchen+Digital+Scale+Weighing+Machine+%28Blue%29,2026-10-07,synthetic,amazon:B07BKSSDR2
Amazon,799.0,0.0,5.0,804.0,True,https://www.amazon.in/s?k=Dr+Trust+Electronic+Kitchen+Digital+Scale+Weighing+Machine+%28Blue%29,2026-10-07,synthetic_history,amazon:B07BKSSDR2
Myntra,769.0,99.0,0.0,868.0,True,https://www.google.com/search?q=site%3Amyntra.com+Dr+Trust+Electronic+Kitchen+Digital+Scale+Weighing+Machine+%28Blue%29,2026-10-07,synthetic,amazon:B07BKSSDR2
Amazon,449.0,40.0,5.0,494.0,True,https://www.amazon.in/s?k=ESnipe+Mart+Worldwide+Travel+Adapter+with+Build+in+Dual+USB+Charger+Ports+with+1,2026-10-07,synthetic_history,amazon:B07WKBD37W
Flipkart,459.0,40.0,3.0,502.0,True,https://www.flipkart.com/search?q=ESnipe+Mart+Worldwide+Travel+Adapter+with+Build+in+Dual+USB+Charger+Ports+with+1,2026-10-07,synthetic,amazon:B07WKBD37W
Flipkart,359.0,40.0,3.0,402.0,True,https://www.flipkart.com/search?q=Gizga+Essentials+Cable+Organiser%2C+Cord+Management+System+for+PC%2C+TV%2C+Home+Theate,2026-10-07,synthetic,amazon:B07R99NBVB
Amazon,359.0,40.0,5.0,404.0,True,https://www.amazon.in/s?k=Gizga+Essentials+Cable+Organiser%2C+Cord+Management+System+for+PC%2C+TV%2C+Home+Theate,2026-10-07,synthetic_history,amazon:B07R99NBVB
Amazon,3169.0,0.0,5.0,3174.0,True,https://www.amazon.in/s?k=3a+Autocare+Terrano+Car+Mat+Nissan+Terrano,2026-10-07,synthetic,flipkart:CRTEB774SCZXFHBY
Flipkart,3299.0,0.0,3.0,3302.0,True,https://www.flipkart.com/search?q=3a+Autocare+Terrano+Car+Mat+Nissan+Terrano,2026-10-07,synthetic_history,flipkart:CRTEB774SCZXFHBY
Flipkart,1659.0,0.0,3.0,1662.0,True,https://www.flipkart.com/search?q=Packy+Poda+Car+Mat+Hyundai+i10+Active,2026-10-07,synthetic_history,flipkart:CRTEHSS9P7YWR7J8
Amazon,1669.0,0.0,5.0,1674.0,True,https://www.amazon.in/s?k=Packy+Poda+Car+Mat+Hyundai+i10+Active,2026-10-07,synthetic,flipkart:CRTEHSS9P7YWR7J8
Flipkart,2439.0,0.0,3.0,2442.0,True,https://www.flipkart.com/search?q=Allure+Auto+CM+1206+Car+Mat+Maruti+Alto+800,2026-10-07,synthetic_history,flipkart:CRTECN2QUYTHVFJM
Amazon,2469.0,0.0,5.0,2474.0,True,https://www.amazon.in/s?k=Allure+Auto+CM+1206+Car+Mat+Maruti+Alto+800,2026-10-07,synthetic,flipkart:CRTECN2QUYTHVFJM
Amazon,3079.0,0.0,5.0,3084.0,True,https://www.amazon.in/s?k=Allure+Auto+CM+1924+Car+Mat+Maruti+Grand+Vitara,2026-10-07,synthetic,flipkart:CRTECN2QUGVQGSCG
Flipkart,3099.0,0.0,3.0,3102.0,True,https://www.flipkart.com/search?q=Allure+Auto+CM+1924+Car+Mat+Maruti+Grand+Vitara,2026-10-07,synthetic_history,flipkart:CRTECN2QUGVQGSCG
Amazon,2709.0,0.0,5.0,2714.0,True,https://www.amazon.in/s?k=Allure+Auto+CM+1530+Car+Mat+Tata+Bolt,2026-10-07,synthetic,flipkart:CRTECN2QYG6SNGZE
Flipkart,2819.0,0.0,3.0,2822.0,True,https://www.flipkart.com/search?q=Allure+Auto+CM+1530+Car+Mat+Tata+Bolt,2026-10-07,synthetic_history,flipkart:CRTECN2QYG6SNGZE
Flipkart,6649.0,0.0,3.0,6652.0,True,https://www.flipkart.com/search?q=Speedwav+1+Rear+View+Mirror+Screen%2C+1+4.3+Inch+Screen+%26+Camera-Renault+Fluence+C,2026-10-07,synthetic_history,flipkart:AVCEGCNVZJHWXBMT
Amazon,6769.0,0.0,5.0,6774.0,True,https://www.amazon.in/s?k=Speedwav+1+Rear+View+Mirror+Screen%2C+1+4.3+Inch+Screen+%26+Camera-Renault+Fluence+C,2026-10-07,synthetic,flipkart:AVCEGCNVZJHWXBMT
Flipkart,439.0,40.0,3.0,482.0,True,https://www.flipkart.com/search?q=Speedwav+Tuk+Tuk+Reverse+Gear+Safety+-Renault+Fluence+200+dB+Vehicle+Horn,2026-10-07,synthetic_history,flipkart:VHREB3ZYYDTFGAGH
Amazon,439.0,40.0,5.0,484.0,True,https://www.amazon.in/s?k=Speedwav+Tuk+Tuk+Reverse+Gear+Safety+-Renault+Fluence+200+dB+Vehicle+Horn,2026-10-07,synthetic,flipkart:VHREB3ZYYDTFGAGH
Amazon,599.0,0.0,5.0,604.0,True,https://www.amazon.in/s?k=Smiledrive+Flexible+Mobile+Spiderpod+Holder-Use+It+In+Car+Many+Way,2026-10-07,synthetic,flipkart:ACCE6TJTRVGZSZGB
Flipkart,649.0,0.0,3.0,652.0,True,https://www.flipkart.com/search?q=Smiledrive+Flexible+Mobile+Spiderpod+Holder-Use+It+In+Car+Many+Way,2026-10-07,synthetic_history,flipkart:ACCE6TJTRVGZSZGB
Amazon,2319.0,0.0,5.0,2324.0,True,https://www.amazon.in/s?k=Allure+Auto+CM+1110+Car+Mat+Tata+Indigo+Marina,2026-10-07,synthetic,flipkart:CRTECN2QTMBYK9HQ
Flipkart,2429.0,0.0,3.0,2432.0,True,https://www.flipkart.com/search?q=Allure+Auto+CM+1110+Car+Mat+Tata+Indigo+Marina,2026-10-07,synthetic_history,flipkart:CRTECN2QTMBYK9HQ
Flipkart,2439.0,0.0,3.0,2442.0,True,https://www.flipkart.com/search?q=Allure+Auto+CM+719+Car+Mat+Chevrolet+Spark,2026-10-07,synthetic_history,flipkart:CRTECN2QYUK3TPHZ
Amazon,2449.0,0.0,5.0,2454.0,True,https://www.amazon.in/s?k=Allure+Auto+CM+719+Car+Mat+Chevrolet+Spark,2026-10-07,synthetic,flipkart:CRTECN2QYUK3TPHZ
Amazon,1819.0,0.0,5.0,1824.0,True,https://www.amazon.in/s?k=Speedwav+186926+Royal+Enfield+350+Twin+Spark+LED+Indicator+Light,2026-10-07,synthetic,flipkart:VILEGEXCGUGBJGVH
Flipkart,1879.0,0.0,3.0,1882.0,True,https://www.flipkart.com/search?q=Speedwav+186926+Royal+Enfield+350+Twin+Spark+LED+Indicator+Light,2026-10-07,synthetic_history,flipkart:VILEGEXCGUGBJGVH
Flipkart,2469.0,0.0,3.0,2472.0,True,https://www.flipkart.com/search?q=3a+Autocare+Santro+Car+Mat+Hyundai+Santro,2026-10-07,synthetic_history,flipkart:CRTEB774NVQBZKJ8
Amazon,2489.0,0.0,5.0,2494.0,True,https://www.amazon.in/s?k=3a+Autocare+Santro+Car+Mat+Hyundai+Santro,2026-10-07,synthetic,flipkart:CRTEB774NVQBZKJ8
Flipkart,2739.0,0.0,3.0,2742.0,True,https://www.flipkart.com/search?q=Allure+Auto+CM+1269+Car+Mat+Toyota+Fortuner,2026-10-07,synthetic_history,flipkart:CRTECN2QXCYG6CUA
Amazon,2909.0,0.0,5.0,2914.0,False,https://www.amazon.in/s?k=Allure+Auto+CM+1269+Car+Mat+Toyota+Fortuner,2026-10-07,synthetic,flipkart:CRTECN2QXCYG6CUA
Amazon,499.0,0.0,5.0,504.0,True,https://www.amazon.in/s?k=Celix+ANT4+AM%2FFM+Decorative+Zig+Zag+Aerial+Car+Antenna+-+Black+Hidden+Vehicle+An,2026-10-07,synthetic,flipkart:VATEGRBBYXMJCDVC
Flipkart,519.0,0.0,3.0,522.0,True,https://www.flipkart.com/search?q=Celix+ANT4+AM%2FFM+Decorative+Zig+Zag+Aerial+Car+Antenna+-+Black+Hidden+Vehicle+An,2026-10-07,synthetic_history,flipkart:VATEGRBBYXMJCDVC
Flipkart,1669.0,0.0,3.0,1672.0,True,https://www.flipkart.com/search?q=Speedwav+Twin+Tone+2+Pipe+Car+Air+Pressure+-Nissan+Evalia+200+dB+Vehicle+Horn,2026-10-07,synthetic_history,flipkart:VHREB3ZYSG8WAA7S
Amazon,1779.0,0.0,5.0,1784.0,True,https://www.amazon.in/s?k=Speedwav+Twin+Tone+2+Pipe+Car+Air+Pressure+-Nissan+Evalia+200+dB+Vehicle+Horn,2026-10-07,synthetic,flipkart:VHREB3ZYSG8WAA7S
Flipkart,2549.0,0.0,3.0,2552.0,True,https://www.flipkart.com/search?q=Allure+Auto+CM+864+Car+Mat+Daewoo+Matiz,2026-10-07,synthetic_history,flipkart:CRTECN2QVKZ4P6VP
Amazon,2579.0,0.0,5.0,2584.0,True,https://www.amazon.in/s?k=Allure+Auto+CM+864+Car+Mat+Daewoo+Matiz,2026-10-07,synthetic,flipkart:CRTECN2QVKZ4P6VP
Amazon,2649.0,0.0,5.0,2654.0,True,https://www.amazon.in/s?k=Allure+Auto+CM+1067+Car+Mat+Maruti+Celerio,2026-10-07,synthetic,flipkart:CRTECN2QVB5MFPF8
Flipkart,2699.0,0.0,3.0,2702.0,True,https://www.flipkart.com/search?q=Allure+Auto+CM+1067+Car+Mat+Maruti+Celerio,2026-10-07,synthetic_history,flipkart:CRTECN2QVB5MFPF8
Amazon,499.0,0.0,5.0,504.0,True,https://www.amazon.in/s?k=Speedwav+240420+Sun+Shade+For+Ford+Figo,2026-10-07,synthetic,flipkart:SUDEHYGUU99UH5PJ
Flipkart,499.0,40.0,3.0,542.0,True,https://www.flipkart.com/search?q=Speedwav+240420+Sun+Shade+For+Ford+Figo,2026-10-07,synthetic_history,flipkart:SUDEHYGUU99UH5PJ
Amazon,2879.0,0.0,5.0,2884.0,True,https://www.amazon.in/s?k=Allure+Auto+CM+1364+Car+Mat+Maruti+Swift+Dzire,2026-10-07,synthetic,flipkart:CRTECN2QVZFZWKQS
Flipkart,2969.0,0.0,3.0,2972.0,True,https://www.flipkart.com/search?q=Allure+Auto+CM+1364+Car+Mat+Maruti+Swift+Dzire,2026-10-07,synthetic_history,flipkart:CRTECN2QVZFZWKQS
Amazon,8039.0,0.0,5.0,8044.0,True,https://www.amazon.in/s?k=4D+Mats+Fresh+Interior+Car+Mat+Hyundai+Verna+Fluidic,2026-10-07,synthetic,flipkart:CRTE92XDZXRJ4ARM
Flipkart,8369.0,0.0,3.0,8372.0,True,https://www.flipkart.com/search?q=4D+Mats+Fresh+Interior+Car+Mat+Hyundai+Verna+Fluidic,2026-10-07,synthetic_history,flipkart:CRTE92XDZXRJ4ARM
Flipkart,2719.0,0.0,3.0,2722.0,True,https://www.flipkart.com/search?q=3a+AUTOCARE+Car+Mat+Hyundai+Xcent,2026-10-07,synthetic_history,flipkart:CRTEA7HAHHCSHCEM
Amazon,2739.0,0.0,5.0,2744.0,True,https://www.amazon.in/s?k=3a+AUTOCARE+Car+Mat+Hyundai+Xcent,2026-10-07,synthetic,flipkart:CRTEA7HAHHCSHCEM
Flipkart,2479.0,0.0,3.0,2482.0,True,https://www.flipkart.com/search?q=Allure+Auto+CM+1822+Car+Mat+Tata+Safari,2026-10-07,synthetic_history,flipkart:CRTECN2QTPZCMCQD
Amazon,2629.0,0.0,5.0,2634.0,True,https://www.amazon.in/s?k=Allure+Auto+CM+1822+Car+Mat+Tata+Safari,2026-10-07,synthetic,flipkart:CRTECN2QTPZCMCQD
Flipkart,2949.0,0.0,3.0,2952.0,True,https://www.flipkart.com/search?q=Allure+Auto+CM+1629+Car+Mat+Maruti+800,2026-10-07,synthetic_history,flipkart:CRTECN2RFNYC4GVK
Amazon,3069.0,0.0,5.0,3074.0,True,https://www.amazon.in/s?k=Allure+Auto+CM+1629+Car+Mat+Maruti+800,2026-10-07,synthetic,flipkart:CRTECN2RFNYC4GVK
Amazon,2639.0,0.0,5.0,2644.0,True,https://www.amazon.in/s?k=Allure+Auto+CM+2024+Car+Mat+Honda+Jazz,2026-10-07,synthetic,flipkart:CRTECN2QS7YHAKV2
Flipkart,2849.0,0.0,3.0,2852.0,True,https://www.flipkart.com/search?q=Allure+Auto+CM+2024+Car+Mat+Honda+Jazz,2026-10-07,synthetic_history,flipkart:CRTECN2QS7YHAKV2
Flipkart,269.0,40.0,3.0,312.0,True,https://www.flipkart.com/search?q=Gking+Hand+Stiched+Steering+Cover+For+Maruti+Ertiga,2026-10-07,synthetic_history,flipkart:CSOEHQTYCCJADHTG
Amazon,269.0,40.0,5.0,314.0,True,https://www.amazon.in/s?k=Gking+Hand+Stiched+Steering+Cover+For+Maruti+Ertiga,2026-10-07,synthetic,flipkart:CSOEHQTYCCJADHTG
Flipkart,629.0,0.0,3.0,632.0,True,https://www.flipkart.com/search?q=Speedwav+157497+Bike+Handle+Grip+For+Yamaha+SZ-S,2026-10-07,synthetic_history,flipkart:BHGEGTATPZRZ8HHQ
Amazon,689.0,0.0,5.0,694.0,True,https://www.amazon.in/s?k=Speedwav+157497+Bike+Handle+Grip+For+Yamaha+SZ-S,2026-10-07,synthetic,flipkart:BHGEGTATPZRZ8HHQ
Amazon,1429.0,0.0,5.0,1434.0,True,https://www.amazon.in/s?k=Allure+Auto+CM+409+Car+Mat+Tata+Zest,2026-10-07,synthetic,flipkart:CRTECN2QYGNHSDFH
Flipkart,1449.0,0.0,3.0,1452.0,True,https://www.flipkart.com/search?q=Allure+Auto+CM+409+Car+Mat+Tata+Zest,2026-10-07,synthetic_history,flipkart:CRTECN2QYGNHSDFH
Amazon,779.0,0.0,5.0,784.0,True,https://www.amazon.in/s?k=Cross+Fingers+Hero+Two+Wheeler+Cover,2026-10-07,synthetic,flipkart:TWCEJFXH4EU2JZYG
Flipkart,789.0,0.0,3.0,792.0,True,https://www.flipkart.com/search?q=Cross+Fingers+Hero+Two+Wheeler+Cover,2026-10-07,synthetic_history,flipkart:TWCEJFXH4EU2JZYG
Flipkart,629.0,0.0,3.0,632.0,True,https://www.flipkart.com/search?q=Speedwav+240408+Sun+Shade+For+Volkswagen+Polo,2026-10-07,synthetic_history,flipkart:SUDEHYGUGMJ4ASNN
Amazon,639.0,0.0,5.0,644.0,True,https://www.amazon.in/s?k=Speedwav+240408+Sun+Shade+For+Volkswagen+Polo,2026-10-07,synthetic,flipkart:SUDEHYGUGMJ4ASNN
Flipkart,699.0,0.0,3.0,702.0,True,https://www.flipkart.com/search?q=Speedwav+Vehicle+Steering+Knob,2026-10-07,synthetic_history,flipkart:VSKEC9SFEQVKCWVG
Amazon,709.0,0.0,5.0,714.0,True,https://www.amazon.in/s?k=Speedwav+Vehicle+Steering+Knob,2026-10-07,synthetic,flipkart:VSKEC9SFEQVKCWVG
Amazon,539.0,0.0,5.0,544.0,True,https://www.amazon.in/s?k=Fly+FLY+Universal+Can%2FCup+Holder+for+Car,2026-10-07,synthetic,flipkart:ACCDQGVSDZ92ZWGW
Flipkart,559.0,0.0,3.0,562.0,True,https://www.flipkart.com/search?q=Fly+FLY+Universal+Can%2FCup+Holder+for+Car,2026-10-07,synthetic_history,flipkart:ACCDQGVSDZ92ZWGW
Flipkart,849.0,0.0,3.0,852.0,True,https://www.flipkart.com/search?q=Vetra+E00TY104+Multifunction+Car+Tray+For+Tata+Sumo+Grand+Cup+Holder+Car+Tray+Ta,2026-10-07,synthetic_history,flipkart:CTTEH9FXG97MNGFZ
Amazon,879.0,0.0,5.0,884.0,True,https://www.amazon.in/s?k=Vetra+E00TY104+Multifunction+Car+Tray+For+Tata+Sumo+Grand+Cup+Holder+Car+Tray+Ta,2026-10-07,synthetic,flipkart:CTTEH9FXG97MNGFZ
Flipkart,2809.0,0.0,3.0,2812.0,True,https://www.flipkart.com/search?q=Allure+Auto+CM+2049+Car+Mat+Mahindra+Scorpio,2026-10-07,synthetic_history,flipkart:CRTECN2QSZFWPZFY
Amazon,2829.0,0.0,5.0,2834.0,True,https://www.amazon.in/s?k=Allure+Auto+CM+2049+Car+Mat+Mahindra+Scorpio,2026-10-07,synthetic,flipkart:CRTECN2QSZFWPZFY
Flipkart,519.0,0.0,3.0,522.0,True,https://www.flipkart.com/search?q=Speedwav+Plastic+Clamp+Lock+For+Helmet,2026-10-07,synthetic_history,flipkart:HLKEGGXG7A2VCNJQ
Amazon,539.0,0.0,5.0,544.0,True,https://www.amazon.in/s?k=Speedwav+Plastic+Clamp+Lock+For+Helmet,2026-10-07,synthetic,flipkart:HLKEGGXG7A2VCNJQ
Flipkart,299.0,40.0,3.0,342.0,True,https://www.flipkart.com/search?q=Viral+Shopping+Steering+Cover+For+Mahindra+XUV+500,2026-10-07,synthetic_history,flipkart:CSOE94WX5Q7RCTMU
Amazon,299.0,40.0,5.0,344.0,True,https://www.amazon.in/s?k=Viral+Shopping+Steering+Cover+For+Mahindra+XUV+500,2026-10-07,synthetic,flipkart:CSOE94WX5Q7RCTMU
Amazon,2199.0,0.0,5.0,2204.0,True,https://www.amazon.in/s?k=3a+Autocare+Etios+Car+Mat+Toyota+Etios,2026-10-07,synthetic,flipkart:CRTEB774JMYWBRMV
Flipkart,2359.0,0.0,3.0,2362.0,True,https://www.flipkart.com/search?q=3a+Autocare+Etios+Car+Mat+Toyota+Etios,2026-10-07,synthetic_history,flipkart:CRTEB774JMYWBRMV
Amazon,2239.0,0.0,5.0,2244.0,True,https://www.amazon.in/s?k=Allure+Auto+CM+124+Car+Mat+Tata+Vista,2026-10-07,synthetic,flipkart:CRTECN2QUFMQFXSR
Flipkart,2359.0,0.0,3.0,2362.0,True,https://www.flipkart.com/search?q=Allure+Auto+CM+124+Car+Mat+Tata+Vista,2026-10-07,synthetic_history,flipkart:CRTECN2QUFMQFXSR
Flipkart,3099.0,0.0,3.0,3102.0,True,https://www.flipkart.com/search?q=Allure+Auto+CM+2062+Car+Mat+Maruti+Ciaz,2026-10-07,synthetic_history,flipkart:CRTECN2QZ4XUY84U
Amazon,3229.0,0.0,5.0,3234.0,True,https://www.amazon.in/s?k=Allure+Auto+CM+2062+Car+Mat+Maruti+Ciaz,2026-10-07,synthetic,flipkart:CRTECN2QZ4XUY84U
Flipkart,2039.0,0.0,3.0,2042.0,True,https://www.flipkart.com/search?q=HIMMLISCH+Stmpl1431+Car+Armrest-Beige+Car+Armrest,2026-10-07,synthetic_history,flipkart:VAREGHJHAYZH3DEE
Amazon,2079.0,0.0,5.0,2084.0,False,https://www.amazon.in/s?k=HIMMLISCH+Stmpl1431+Car+Armrest-Beige+Car+Armrest,2026-10-07,synthetic,flipkart:VAREGHJHAYZH3DEE
Flipkart,329.0,40.0,3.0,372.0,True,https://www.flipkart.com/search?q=AdroitZ+PREMIUM+Orange+%26+Black+Bike+Body+Cover+For+Hero+Karizma+Two+Wheeler+Cove,2026-10-07,synthetic_history,flipkart:TWCEGVM9UGQCHHYP
Amazon,329.0,40.0,5.0,374.0,True,https://www.amazon.in/s?k=AdroitZ+PREMIUM+Orange+%26+Black+Bike+Body+Cover+For+Hero+Karizma+Two+Wheeler+Cove,2026-10-07,synthetic,flipkart:TWCEGVM9UGQCHHYP
Amazon,1729.0,0.0,5.0,1734.0,True,https://www.amazon.in/s?k=Elite+Collection+Medium+Acrylic+Sticker,2026-10-07,synthetic,flipkart:STIE88KNYM5PHFJW
Flipkart,1749.0,0.0,3.0,1752.0,True,https://www.flipkart.com/search?q=Elite+Collection+Medium+Acrylic+Sticker,2026-10-07,synthetic_history,flipkart:STIE88KNYM5PHFJW
Meesho,1719.0,0.0,0.0,1719.0,False,https://www.meesho.com/search?q=Elite+Collection+Medium+Acrylic+Sticker,2026-10-07,synthetic,flipkart:STIE88KNYM5PHFJW
Flipkart,16449.0,0.0,3.0,16452.0,True,https://www.flipkart.com/search?q=Sentinel+Braveact+Eren+Jaeger+%22Attack+On+Titan%22+Model+Kit,2026-10-07,synthetic_history,flipkart:AFGEFJSH59XSEMVH
Amazon,17569.0,0.0,5.0,17574.0,True,https://www.amazon.in/s?k=Sentinel+Braveact+Eren+Jaeger+%22Attack+On+Titan%22+Model+Kit,2026-10-07,synthetic,flipkart:AFGEFJSH59XSEMVH
Meesho,15329.0,0.0,0.0,15329.0,False,https://www.meesho.com/search?q=Sentinel+Braveact+Eren+Jaeger+%22Attack+On+Titan%22+Model+Kit,2026-10-07,synthetic,flipkart:AFGEFJSH59XSEMVH
Flipkart,119.0,40.0,3.0,162.0,True,https://www.flipkart.com/search?q=Smartcraft+Angry+Birds+Cartoons+Art+Metal+Pencil+Box,2026-10-07,synthetic_history,flipkart:PBXE9WEVHF3ZBQHW
Amazon,119.0,40.0,5.0,164.0,True,https://www.amazon.in/s?k=Smartcraft+Angry+Birds+Cartoons+Art+Metal+Pencil+Box,2026-10-07,synthetic,flipkart:PBXE9WEVHF3ZBQHW
Meesho,119.0,0.0,0.0,119.0,False,https://www.meesho.com/search?q=Smartcraft+Angry+Birds+Cartoons+Art+Metal+Pencil+Box,2026-10-07,synthetic,flipkart:PBXE9WEVHF3ZBQHW
Amazon,1399.0,0.0,5.0,1404.0,True,https://www.amazon.in/s?k=Beebay+Baby+Boy%27s+Checkered+Casual+Shirt,2026-10-07,synthetic,flipkart:SHTEFGG5HZYKCFTT
Flipkart,1459.0,0.0,3.0,1462.0,True,https://www.flipkart.com/search?q=Beebay+Baby+Boy%27s+Checkered+Casual+Shirt,2026-10-07,synthetic_history,flipkart:SHTEFGG5HZYKCFTT
Meesho,1659.0,0.0,0.0,1659.0,True,https://www.meesho.com/search?q=Beebay+Baby+Boy%27s+Checkered+Casual+Shirt,2026-10-07,synthetic,flipkart:SHTEFGG5HZYKCFTT
Amazon,2249.0,0.0,5.0,2254.0,True,https://www.amazon.in/s?k=TOMAFO+Car,2026-10-07,synthetic,flipkart:EROEJ5QX56VNVPKG
Flipkart,2279.0,0.0,3.0,2282.0,True,https://www.flipkart.com/search?q=TOMAFO+Car,2026-10-07,synthetic_history,flipkart:EROEJ5QX56VNVPKG
Meesho,1949.0,0.0,0.0,1949.0,False,https://www.meesho.com/search?q=TOMAFO+Car,2026-10-07,synthetic,flipkart:EROEJ5QX56VNVPKG
Flipkart,2349.0,0.0,3.0,2352.0,True,https://www.flipkart.com/search?q=Wallmantra+Large+Vinyl+Stickers+Sticker,2026-10-07,synthetic_history,flipkart:STIEBU65ZHZESDWV
Amazon,2389.0,0.0,5.0,2394.0,True,https://www.amazon.in/s?k=Wallmantra+Large+Vinyl+Stickers+Sticker,2026-10-07,synthetic,flipkart:STIEBU65ZHZESDWV
Meesho,2179.0,0.0,0.0,2179.0,False,https://www.meesho.com/search?q=Wallmantra+Large+Vinyl+Stickers+Sticker,2026-10-07,synthetic,flipkart:STIEBU65ZHZESDWV
Amazon,4319.0,0.0,5.0,4324.0,True,https://www.amazon.in/s?k=Saba+Garments+Baby+Girl%27s+Gathered+Dress,2026-10-07,synthetic,flipkart:DREEGWVHWR36YPBY
Flipkart,4379.0,0.0,3.0,4382.0,True,https://www.flipkart.com/search?q=Saba+Garments+Baby+Girl%27s+Gathered+Dress,2026-10-07,synthetic_history,flipkart:DREEGWVHWR36YPBY
Meesho,4499.0,0.0,0.0,4499.0,False,https://www.meesho.com/search?q=Saba+Garments+Baby+Girl%27s+Gathered+Dress,2026-10-07,synthetic,flipkart:DREEGWVHWR36YPBY
Amazon,2099.0,0.0,5.0,2104.0,True,https://www.amazon.in/s?k=Babytintin+Car,2026-10-07,synthetic,flipkart:EROEGXBKHBW3XHC8
Meesho,2209.0,0.0,0.0,2209.0,True,https://www.meesho.com/search?q=Babytintin+Car,2026-10-07,synthetic,flipkart:EROEGXBKHBW3XHC8
Flipkart,2219.0,0.0,3.0,2222.0,True,https://www.flipkart.com/search?q=Babytintin+Car,2026-10-07,synthetic_history,flipkart:EROEGXBKHBW3XHC8
Flipkart,1329.0,0.0,3.0,1332.0,True,https://www.flipkart.com/search?q=BASRA+uepgrn+Green+Changing+Table,2026-10-07,synthetic_history,flipkart:DSEEHETVWRX9FZDT
Amazon,1329.0,0.0,5.0,1334.0,True,https://www.amazon.in/s?k=BASRA+uepgrn+Green+Changing+Table,2026-10-07,synthetic,flipkart:DSEEHETVWRX9FZDT
Meesho,1129.0,0.0,0.0,1129.0,False,https://www.meesho.com/search?q=BASRA+uepgrn+Green+Changing+Table,2026-10-07,synthetic,flipkart:DSEEHETVWRX9FZDT
Meesho,1599.0,0.0,0.0,1599.0,True,https://www.meesho.com/search?q=Elite+Collection+Medium+Acrylic+Sticker,2026-10-07,synthetic,flipkart:STIE7VAYP6GYJRPQ
Amazon,1599.0,0.0,5.0,1604.0,True,https://www.amazon.in/s?k=Elite+Collection+Medium+Acrylic+Sticker,2026-10-07,synthetic,flipkart:STIE7VAYP6GYJRPQ
Flipkart,1659.0,0.0,3.0,1662.0,True,https://www.flipkart.com/search?q=Elite+Collection+Medium+Acrylic+Sticker,2026-10-07,synthetic_history,flipkart:STIE7VAYP6GYJRPQ
Flipkart,7819.0,0.0,3.0,7822.0,True,https://www.flipkart.com/search?q=Maisto+Rock+Crawler+3XL,2026-10-07,synthetic_history,flipkart:RCTEBUD9SYVKVPHF
Amazon,8279.0,0.0,5.0,8284.0,True,https://www.amazon.in/s?k=Maisto+Rock+Crawler+3XL,2026-10-07,synthetic,flipkart:RCTEBUD9SYVKVPHF
Meesho,7769.0,0.0,0.0,7769.0,False,https://www.meesho.com/search?q=Maisto+Rock+Crawler+3XL,2026-10-07,synthetic,flipkart:RCTEBUD9SYVKVPHF
Flipkart,729.0,0.0,3.0,732.0,True,https://www.flipkart.com/search?q=Vitamins+Graphic+Print+Baby+Girl%27s+Basic+Shorts,2026-10-07,synthetic_history,flipkart:SRTEHHXG8MUXTGPA
Amazon,729.0,0.0,5.0,734.0,True,https://www.amazon.in/s?k=Vitamins+Graphic+Print+Baby+Girl%27s+Basic+Shorts,2026-10-07,synthetic,flipkart:SRTEHHXG8MUXTGPA
Meesho,749.0,0.0,0.0,749.0,True,https://www.meesho.com/search?q=Vitamins+Graphic+Print+Baby+Girl%27s+Basic+Shorts,2026-10-07,synthetic,flipkart:SRTEHHXG8MUXTGPA
Amazon,699.0,0.0,5.0,704.0,True,https://www.amazon.in/s?k=Young+Birds+Baby+Girl%27s+Fit+and+Flare+Dress,2026-10-07,synthetic,flipkart:DREEFN4CXGMF7FCH
Flipkart,729.0,0.0,3.0,732.0,True,https://www.flipkart.com/search?q=Young+Birds+Baby+Girl%27s+Fit+and+Flare+Dress,2026-10-07,synthetic_history,flipkart:DREEFN4CXGMF7FCH
Meesho,739.0,0.0,0.0,739.0,False,https://www.meesho.com/search?q=Young+Birds+Baby+Girl%27s+Fit+and+Flare+Dress,2026-10-07,synthetic,flipkart:DREEFN4CXGMF7FCH
Flipkart,399.0,40.0,3.0,442.0,True,https://www.flipkart.com/search?q=Shopaholic+Penguin+Cartoon+Art+Plastic+Pencil+Box,2026-10-07,synthetic_history,flipkart:PBXE94HWZZ3VYGUZ
Amazon,409.0,40.0,5.0,454.0,True,https://www.amazon.in/s?k=Shopaholic+Penguin+Cartoon+Art+Plastic+Pencil+Box,2026-10-07,synthetic,flipkart:PBXE94HWZZ3VYGUZ
Meesho,369.0,0.0,0.0,369.0,False,https://www.meesho.com/search?q=Shopaholic+Penguin+Cartoon+Art+Plastic+Pencil+Box,2026-10-07,synthetic,flipkart:PBXE94HWZZ3VYGUZ
Meesho,249.0,0.0,0.0,249.0,True,https://www.meesho.com/search?q=Zero+Printed+Baby+Boy%27s%2C+Baby+Girl%27s+Basic+Shorts,2026-10-07,synthetic,flipkart:SRTEEYREBSQJ9XEG
Flipkart,269.0,40.0,3.0,312.0,True,https://www.flipkart.com/search?q=Zero+Printed+Baby+Boy%27s%2C+Baby+Girl%27s+Basic+Shorts,2026-10-07,synthetic_history,flipkart:SRTEEYREBSQJ9XEG
Amazon,279.0,40.0,5.0,324.0,True,https://www.amazon.in/s?k=Zero+Printed+Baby+Boy%27s%2C+Baby+Girl%27s+Basic+Shorts,2026-10-07,synthetic,flipkart:SRTEEYREBSQJ9XEG
Amazon,659.0,0.0,5.0,664.0,True,https://www.amazon.in/s?k=999store+Medium+Paper+Sticker,2026-10-07,synthetic,flipkart:STIE2FRB8JYCGK8H
Flipkart,669.0,0.0,3.0,672.0,True,https://www.flipkart.com/search?q=999store+Medium+Paper+Sticker,2026-10-07,synthetic_history,flipkart:STIE2FRB8JYCGK8H
Meesho,689.0,0.0,0.0,689.0,True,https://www.meesho.com/search?q=999store+Medium+Paper+Sticker,2026-10-07,synthetic,flipkart:STIE2FRB8JYCGK8H
Meesho,1319.0,0.0,0.0,1319.0,True,https://www.meesho.com/search?q=Oren+Empower+Extra+Large+Self+Adhesive+Sticker,2026-10-07,synthetic,flipkart:STIE88ZGTX65GH4V
Flipkart,1439.0,0.0,3.0,1442.0,True,https://www.flipkart.com/search?q=Oren+Empower+Extra+Large+Self+Adhesive+Sticker,2026-10-07,synthetic_history,flipkart:STIE88ZGTX65GH4V
Amazon,1459.0,0.0,5.0,1464.0,True,https://www.amazon.in/s?k=Oren+Empower+Extra+Large+Self+Adhesive+Sticker,2026-10-07,synthetic,flipkart:STIE88ZGTX65GH4V
Amazon,1159.0,0.0,5.0,1164.0,True,https://www.amazon.in/s?k=Chokree+Baby+Girl%27s%2C+Girl%27s+A-line+Dress,2026-10-07,synthetic,flipkart:DREEHZJVQQ8FH9EE
Flipkart,1189.0,0.0,3.0,1192.0,True,https://www.flipkart.com/search?q=Chokree+Baby+Girl%27s%2C+Girl%27s+A-line+Dress,2026-10-07,synthetic_history,flipkart:DREEHZJVQQ8FH9EE
Meesho,1209.0,0.0,0.0,1209.0,False,https://www.meesho.com/search?q=Chokree+Baby+Girl%27s%2C+Girl%27s+A-line+Dress,2026-10-07,synthetic,flipkart:DREEHZJVQQ8FH9EE
Meesho,1489.0,0.0,0.0,1489.0,True,https://www.meesho.com/search?q=L+Oreal+Eversleek+Sulfate+-+Free+Smoothing+System+Intense+Smoothing+Shampoo,2026-10-07,synthetic,flipkart:BWSEH2A8Q67YCUZP
Amazon,1519.0,0.0,5.0,1524.0,True,https://www.amazon.in/s?k=L+Oreal+Eversleek+Sulfate+-+Free+Smoothing+System+Intense+Smoothing+Shampoo,2026-10-07,synthetic,flipkart:BWSEH2A8Q67YCUZP
Flipkart,1609.0,0.0,3.0,1612.0,True,https://www.flipkart.com/search?q=L+Oreal+Eversleek+Sulfate+-+Free+Smoothing+System+Intense+Smoothing+Shampoo,2026-10-07,synthetic_history,flipkart:BWSEH2A8Q67YCUZP
Flipkart,459.0,40.0,3.0,502.0,True,https://www.flipkart.com/search?q=HM+International+Bheem+Printed+Art+Plastic+Pencil+Box,2026-10-07,synthetic_history,flipkart:PBXED67JM7NRT9T5
Amazon,499.0,0.0,5.0,504.0,True,https://www.amazon.in/s?k=HM+International+Bheem+Printed+Art+Plastic+Pencil+Box,2026-10-07,synthetic,flipkart:PBXED67JM7NRT9T5
Meesho,369.0,0.0,0.0,369.0,False,https://www.meesho.com/search?q=HM+International+Bheem+Printed+Art+Plastic+Pencil+Box,2026-10-07,synthetic,flipkart:PBXED67JM7NRT9T5
Meesho,559.0,0.0,0.0,559.0,True,https://www.meesho.com/search?q=Offspring+Solid+Single+Blanket+Green,2026-10-07,synthetic,flipkart:BLAE8BUKSV9QUBYT
Flipkart,559.0,0.0,3.0,562.0,True,https://www.flipkart.com/search?q=Offspring+Solid+Single+Blanket+Green,2026-10-07,synthetic_history,flipkart:BLAE8BUKSV9QUBYT
Amazon,559.0,0.0,5.0,564.0,True,https://www.amazon.in/s?k=Offspring+Solid+Single+Blanket+Green,2026-10-07,synthetic,flipkart:BLAE8BUKSV9QUBYT
Meesho,5139.0,0.0,0.0,5139.0,True,https://www.meesho.com/search?q=Doctor+Who+Prisoner+Zero+Action+Figure,2026-10-07,synthetic,flipkart:AFGEFM64GSRSURBU
Amazon,7829.0,0.0,5.0,7834.0,True,https://www.amazon.in/s?k=Doctor+Who+Prisoner+Zero+Action+Figure,2026-10-07,synthetic,flipkart:AFGEFM64GSRSURBU
Flipkart,7939.0,0.0,3.0,7942.0,True,https://www.flipkart.com/search?q=Doctor+Who+Prisoner+Zero+Action+Figure,2026-10-07,synthetic_history,flipkart:AFGEFM64GSRSURBU
Flipkart,619.0,0.0,3.0,622.0,True,https://www.flipkart.com/search?q=A+R+ENTERPRISES+musical+wlking+cow,2026-10-07,synthetic_history,flipkart:MTYEJJAQYHCNKYZZ
Meesho,569.0,0.0,0.0,569.0,False,https://www.meesho.com/search?q=A+R+ENTERPRISES+musical+wlking+cow,2026-10-07,synthetic,flipkart:MTYEJJAQYHCNKYZZ
Amazon,659.0,0.0,5.0,664.0,False,https://www.amazon.in/s?k=A+R+ENTERPRISES+musical+wlking+cow,2026-10-07,synthetic,flipkart:MTYEJJAQYHCNKYZZ
Amazon,589.0,0.0,5.0,594.0,True,https://www.amazon.in/s?k=Naaz+Dart+game+Board+Game,2026-10-07,synthetic,flipkart:BDGEGEGDXYHYAJQN
Flipkart,599.0,0.0,3.0,602.0,True,https://www.flipkart.com/search?q=Naaz+Dart+game+Board+Game,2026-10-07,synthetic_history,flipkart:BDGEGEGDXYHYAJQN
Meesho,539.0,0.0,0.0,539.0,False,https://www.meesho.com/search?q=Naaz+Dart+game+Board+Game,2026-10-07,synthetic,flipkart:BDGEGEGDXYHYAJQN
Flipkart,969.0,0.0,3.0,972.0,True,https://www.flipkart.com/search?q=WallDesign+Small+Vinyl+Sticker,2026-10-07,synthetic_history,flipkart:STIE7KFKQDP9JZXF
Amazon,1009.0,0.0,5.0,1014.0,True,https://www.amazon.in/s?k=WallDesign+Small+Vinyl+Sticker,2026-10-07,synthetic,flipkart:STIE7KFKQDP9JZXF
Meesho,859.0,0.0,0.0,859.0,False,https://www.meesho.com/search?q=WallDesign+Small+Vinyl+Sticker,2026-10-07,synthetic,flipkart:STIE7KFKQDP9JZXF
Meesho,829.0,0.0,0.0,829.0,True,https://www.meesho.com/search?q=Welhouse+Cotton+Hand+%26+Face+Towel+Set,2026-10-07,synthetic,flipkart:BTWEE9APJJHT7ZHA
Amazon,829.0,0.0,5.0,834.0,True,https://www.amazon.in/s?k=Welhouse+Cotton+Hand+%26+Face+Towel+Set,2026-10-07,synthetic,flipkart:BTWEE9APJJHT7ZHA
Flipkart,879.0,0.0,3.0,882.0,True,https://www.flipkart.com/search?q=Welhouse+Cotton+Hand+%26+Face+Towel+Set,2026-10-07,synthetic_history,flipkart:BTWEE9APJJHT7ZHA
Meesho,7139.0,0.0,0.0,7139.0,True,https://www.meesho.com/search?q=Nikko+VaporizR,2026-10-07,synthetic,flipkart:RCTDHPZTWCHTKKSW
Amazon,8159.0,0.0,5.0,8164.0,True,https://www.amazon.in/s?k=Nikko+VaporizR,2026-10-07,synthetic,flipkart:RCTDHPZTWCHTKKSW
Flipkart,8539.0,0.0,3.0,8542.0,True,https://www.flipkart.com/search?q=Nikko+VaporizR,2026-10-07,synthetic_history,flipkart:RCTDHPZTWCHTKKSW
Flipkart,2839.0,0.0,3.0,2842.0,True,https://www.flipkart.com/search?q=Wallmantra+Large+Vinyl+Stickers+Sticker,2026-10-07,synthetic_history,flipkart:STIE9F5U5QYS5FZ7
Amazon,2939.0,0.0,5.0,2944.0,True,https://www.amazon.in/s?k=Wallmantra+Large+Vinyl+Stickers+Sticker,2026-10-07,synthetic,flipkart:STIE9F5U5QYS5FZ7
Meesho,2579.0,0.0,0.0,2579.0,False,https://www.meesho.com/search?q=Wallmantra+Large+Vinyl+Stickers+Sticker,2026-10-07,synthetic,flipkart:STIE9F5U5QYS5FZ7
Amazon,1009.0,0.0,5.0,1014.0,True,https://www.amazon.in/s?k=Feetje+Trousers,2026-10-07,synthetic,flipkart:TRODN38Q8HHZHRFE
Flipkart,1019.0,0.0,3.0,1022.0,True,https://www.flipkart.com/search?q=Feetje+Trousers,2026-10-07,synthetic_history,flipkart:TRODN38Q8HHZHRFE
Meesho,959.0,0.0,0.0,959.0,False,https://www.meesho.com/search?q=Feetje+Trousers,2026-10-07,synthetic,flipkart:TRODN38Q8HHZHRFE
Meesho,569.0,0.0,0.0,569.0,True,https://www.meesho.com/search?q=Chumbak+Pouches+Graphic+Art+Cloth+Pencil+Box,2026-10-07,synthetic,flipkart:PBXE83RUBFZTFGFY
Flipkart,659.0,0.0,3.0,662.0,True,https://www.flipkart.com/search?q=Chumbak+Pouches+Graphic+Art+Cloth+Pencil+Box,2026-10-07,synthetic_history,flipkart:PBXE83RUBFZTFGFY
Amazon,679.0,0.0,5.0,684.0,True,https://www.amazon.in/s?k=Chumbak+Pouches+Graphic+Art+Cloth+Pencil+Box,2026-10-07,synthetic,flipkart:PBXE83RUBFZTFGFY
Flipkart,569.0,0.0,3.0,572.0,True,https://www.flipkart.com/search?q=NavyaRiti+Striped+Baby+Boy%27s+Polo+Neck+T-Shirt,2026-10-07,synthetic_history,flipkart:TSHEGQGZNFGNNBDH
Meesho,539.0,0.0,0.0,539.0,False,https://www.meesho.com/search?q=NavyaRiti+Striped+Baby+Boy%27s+Polo+Neck+T-Shirt,2026-10-07,synthetic,flipkart:TSHEGQGZNFGNNBDH
Amazon,559.0,0.0,5.0,564.0,False,https://www.amazon.in/s?k=NavyaRiti+Striped+Baby+Boy%27s+Polo+Neck+T-Shirt,2026-10-07,synthetic,flipkart:TSHEGQGZNFGNNBDH
Meesho,929.0,0.0,0.0,929.0,True,https://www.meesho.com/search?q=Mee+Mee+Multifunctional+Nursery+Diaper+Bag,2026-10-07,synthetic,flipkart:DBGEJNZR3DF9NFRY
Flipkart,999.0,0.0,3.0,1002.0,True,https://www.flipkart.com/search?q=Mee+Mee+Multifunctional+Nursery+Diaper+Bag,2026-10-07,synthetic_history,flipkart:DBGEJNZR3DF9NFRY
Amazon,989.0,0.0,5.0,994.0,False,https://www.amazon.in/s?k=Mee+Mee+Multifunctional+Nursery+Diaper+Bag,2026-10-07,synthetic,flipkart:DBGEJNZR3DF9NFRY
Flipkart,1399.0,0.0,3.0,1402.0,True,https://www.flipkart.com/search?q=BabyBucket+Cotton+Bath+Towel,2026-10-07,synthetic_history,flipkart:BTWEEA7F2NTYYHCF
Amazon,1419.0,0.0,5.0,1424.0,True,https://www.amazon.in/s?k=BabyBucket+Cotton+Bath+Towel,2026-10-07,synthetic,flipkart:BTWEEA7F2NTYYHCF
Meesho,1479.0,0.0,0.0,1479.0,True,https://www.meesho.com/search?q=BabyBucket+Cotton+Bath+Towel,2026-10-07,synthetic,flipkart:BTWEEA7F2NTYYHCF
Meesho,309.0,0.0,0.0,309.0,True,https://www.meesho.com/search?q=Intex+Star+Rings+Inflatable+Water+Games,2026-10-07,synthetic,flipkart:IFPDG7HYHYQNAGXS
Amazon,339.0,40.0,5.0,384.0,True,https://www.amazon.in/s?k=Intex+Star+Rings+Inflatable+Water+Games,2026-10-07,synthetic,flipkart:IFPDG7HYHYQNAGXS
Flipkart,349.0,40.0,3.0,392.0,True,https://www.flipkart.com/search?q=Intex+Star+Rings+Inflatable+Water+Games,2026-10-07,synthetic_history,flipkart:IFPDG7HYHYQNAGXS
Meesho,739.0,0.0,0.0,739.0,True,https://www.meesho.com/search?q=999store+Medium+Paper+Sticker,2026-10-07,synthetic,flipkart:STIE2FRBYYC92E2C
Flipkart,909.0,0.0,3.0,912.0,True,https://www.flipkart.com/search?q=999store+Medium+Paper+Sticker,2026-10-07,synthetic_history,flipkart:STIE2FRBYYC92E2C
Amazon,939.0,0.0,5.0,944.0,True,https://www.amazon.in/s?k=999store+Medium+Paper+Sticker,2026-10-07,synthetic,flipkart:STIE2FRBYYC92E2C
Meesho,3439.0,0.0,0.0,3439.0,True,https://www.meesho.com/search?q=Wallmantra+Extra+Large+Vinyl+Stickers+Sticker,2026-10-07,synthetic,flipkart:STIE9F5UWNR43SZ4
Flipkart,3619.0,0.0,3.0,3622.0,True,https://www.flipkart.com/search?q=Wallmantra+Extra+Large+Vinyl+Stickers+Sticker,2026-10-07,synthetic_history,flipkart:STIE9F5UWNR43SZ4
Amazon,3639.0,0.0,5.0,3644.0,True,https://www.amazon.in/s?k=Wallmantra+Extra+Large+Vinyl+Stickers+Sticker,2026-10-07,synthetic,flipkart:STIE9F5UWNR43SZ4
Meesho,2059.0,0.0,0.0,2059.0,True,https://www.meesho.com/search?q=Oral+Care+Kids+Musical+Oscillating+Toothbrush,2026-10-07,synthetic,flipkart:THBEJR5FKXUBZFEP
Flipkart,2259.0,0.0,3.0,2262.0,True,https://www.flipkart.com/search?q=Oral+Care+Kids+Musical+Oscillating+Toothbrush,2026-10-07,synthetic_history,flipkart:THBEJR5FKXUBZFEP
Amazon,2339.0,0.0,5.0,2344.0,False,https://www.amazon.in/s?k=Oral+Care+Kids+Musical+Oscillating+Toothbrush,2026-10-07,synthetic,flipkart:THBEJR5FKXUBZFEP
Flipkart,829.0,0.0,3.0,832.0,True,https://www.flipkart.com/search?q=999store+Medium+Paper+Sticker,2026-10-07,synthetic_history,flipkart:STIE2FRB6MZ8JXBZ
Amazon,859.0,0.0,5.0,864.0,True,https://www.amazon.in/s?k=999store+Medium+Paper+Sticker,2026-10-07,synthetic,flipkart:STIE2FRB6MZ8JXBZ
Meesho,889.0,0.0,0.0,889.0,False,https://www.meesho.com/search?q=999store+Medium+Paper+Sticker,2026-10-07,synthetic,flipkart:STIE2FRB6MZ8JXBZ
Meesho,1129.0,0.0,0.0,1129.0,True,https://www.meesho.com/search?q=Explore+Embedded+Tit%2C+a+supercharged+Arduino+Pro+Mini+with+Atmega328pb,2026-10-07,synthetic,flipkart:ETYEJGWZX9U43GKT
Amazon,1139.0,0.0,5.0,1144.0,True,https://www.amazon.in/s?k=Explore+Embedded+Tit%2C+a+supercharged+Arduino+Pro+Mini+with+Atmega328pb,2026-10-07,synthetic,flipkart:ETYEJGWZX9U43GKT
Flipkart,1179.0,0.0,3.0,1182.0,True,https://www.flipkart.com/search?q=Explore+Embedded+Tit%2C+a+supercharged+Arduino+Pro+Mini+with+Atmega328pb,2026-10-07,synthetic_history,flipkart:ETYEJGWZX9U43GKT
Meesho,859.0,0.0,0.0,859.0,True,https://www.meesho.com/search?q=Sparklings+Cotton+Checkered+Double+Bedsheet,2026-10-07,synthetic,flipkart:BDSEGZCETASFKSBF
Amazon,869.0,0.0,5.0,874.0,True,https://www.amazon.in/s?k=Sparklings+Cotton+Checkered+Double+Bedsheet,2026-10-07,synthetic,flipkart:BDSEGZCETASFKSBF
Flipkart,889.0,0.0,3.0,892.0,True,https://www.flipkart.com/search?q=Sparklings+Cotton+Checkered+Double+Bedsheet,2026-10-07,synthetic_history,flipkart:BDSEGZCETASFKSBF
Ajio,2849.0,0.0,0.0,2849.0,True,https://www.ajio.com/search/?text=Royal+Men%27s+Pathani+Suit+Set,2026-10-07,synthetic,flipkart:ETHEJG9FWZ7NZ3GK
Myntra,3019.0,0.0,0.0,3019.0,True,https://www.google.com/search?q=site%3Amyntra.com+Royal+Men%27s+Pathani+Suit+Set,2026-10-07,synthetic,flipkart:ETHEJG9FWZ7NZ3GK
Flipkart,3149.0,0.0,3.0,3152.0,True,https://www.flipkart.com/search?q=Royal+Men%27s+Pathani+Suit+Set,2026-10-07,synthetic_history,flipkart:ETHEJG9FWZ7NZ3GK
Tata CLiQ,3179.0,0.0,0.0,3179.0,True,https://www.tatacliq.com/search/?searchCategory=all&text=Royal+Men%27s+Pathani+Suit+Set,2026-10-07,synthetic,flipkart:ETHEJG9FWZ7NZ3GK
Amazon,3399.0,0.0,5.0,3404.0,True,https://www.amazon.in/s?k=Royal+Men%27s+Pathani+Suit+Set,2026-10-07,synthetic,flipkart:ETHEJG9FWZ7NZ3GK
Meesho,3069.0,0.0,0.0,3069.0,False,https://www.meesho.com/search?q=Royal+Men%27s+Pathani+Suit+Set,2026-10-07,synthetic,flipkart:ETHEJG9FWZ7NZ3GK
Flipkart,599.0,0.0,3.0,602.0,True,https://www.flipkart.com/search?q=Nexq+Women%27s+Solid+Casual+Shirt,2026-10-07,synthetic_history,flipkart:SHTEB96CPNPNXS3H
Ajio,569.0,99.0,0.0,668.0,True,https://www.ajio.com/search/?text=Nexq+Women%27s+Solid+Casual+Shirt,2026-10-07,synthetic,flipkart:SHTEB96CPNPNXS3H
Myntra,639.0,99.0,0.0,738.0,True,https://www.google.com/search?q=site%3Amyntra.com+Nexq+Women%27s+Solid+Casual+Shirt,2026-10-07,synthetic,flipkart:SHTEB96CPNPNXS3H
Meesho,539.0,0.0,0.0,539.0,False,https://www.meesho.com/search?q=Nexq+Women%27s+Solid+Casual+Shirt,2026-10-07,synthetic,flipkart:SHTEB96CPNPNXS3H
Amazon,599.0,0.0,5.0,604.0,False,https://www.amazon.in/s?k=Nexq+Women%27s+Solid+Casual+Shirt,2026-10-07,synthetic,flipkart:SHTEB96CPNPNXS3H
Tata CLiQ,629.0,99.0,0.0,728.0,False,https://www.tatacliq.com/search/?searchCategory=all&text=Nexq+Women%27s+Solid+Casual+Shirt,2026-10-07,synthetic,flipkart:SHTEB96CPNPNXS3H
Meesho,299.0,0.0,0.0,299.0,True,https://www.meesho.com/search?q=Black+Bee+Men%27s+Solid+Casual+Shirt,2026-10-07,synthetic,flipkart:SHTEG8BDHDHMXKRH
Flipkart,309.0,40.0,3.0,352.0,True,https://www.flipkart.com/search?q=Black+Bee+Men%27s+Solid+Casual+Shirt,2026-10-07,synthetic_history,flipkart:SHTEG8BDHDHMXKRH
Amazon,319.0,40.0,5.0,364.0,True,https://www.amazon.in/s?k=Black+Bee+Men%27s+Solid+Casual+Shirt,2026-10-07,synthetic,flipkart:SHTEG8BDHDHMXKRH
Myntra,289.0,99.0,0.0,388.0,True,https://www.google.com/search?q=site%3Amyntra.com+Black+Bee+Men%27s+Solid+Casual+Shirt,2026-10-07,synthetic,flipkart:SHTEG8BDHDHMXKRH
Tata CLiQ,299.0,99.0,0.0,398.0,False,https://www.tatacliq.com/search/?searchCategory=all&text=Black+Bee+Men%27s+Solid+Casual+Shirt,2026-10-07,synthetic,flipkart:SHTEG8BDHDHMXKRH
Ajio,349.0,99.0,0.0,448.0,False,https://www.ajio.com/search/?text=Black+Bee+Men%27s+Solid+Casual+Shirt,2026-10-07,synthetic,flipkart:SHTEG8BDHDHMXKRH
Flipkart,559.0,0.0,3.0,562.0,True,https://www.flipkart.com/search?q=New+tastemaker+Women%27s+Black%2C+Blue%2C+Red+Leggings,2026-10-07,synthetic_history,flipkart:LJGEJBEFGXFTJVMM
Amazon,589.0,0.0,5.0,594.0,True,https://www.amazon.in/s?k=New+tastemaker+Women%27s+Black%2C+Blue%2C+Red+Leggings,2026-10-07,synthetic,flipkart:LJGEJBEFGXFTJVMM
Meesho,599.0,0.0,0.0,599.0,True,https://www.meesho.com/search?q=New+tastemaker+Women%27s+Black%2C+Blue%2C+Red+Leggings,2026-10-07,synthetic,flipkart:LJGEJBEFGXFTJVMM
Ajio,599.0,99.0,0.0,698.0,True,https://www.ajio.com/search/?text=New+tastemaker+Women%27s+Black%2C+Blue%2C+Red+Leggings,2026-10-07,synthetic,flipkart:LJGEJBEFGXFTJVMM
Myntra,559.0,99.0,0.0,658.0,False,https://www.google.com/search?q=site%3Amyntra.com+New+tastemaker+Women%27s+Black%2C+Blue%2C+Red+Leggings,2026-10-07,synthetic,flipkart:LJGEJBEFGXFTJVMM
Tata CLiQ,629.0,99.0,0.0,728.0,False,https://www.tatacliq.com/search/?searchCategory=all&text=New+tastemaker+Women%27s+Black%2C+Blue%2C+Red+Leggings,2026-10-07,synthetic,flipkart:LJGEJBEFGXFTJVMM
Myntra,1889.0,0.0,0.0,1889.0,True,https://www.google.com/search?q=site%3Amyntra.com+J+Marks+Multicolor+Men%27s+Cargos,2026-10-07,synthetic,flipkart:CRGE7MMHVKPEZZA5
Tata CLiQ,1899.0,0.0,0.0,1899.0,True,https://www.tatacliq.com/search/?searchCategory=all&text=J+Marks+Multicolor+Men%27s+Cargos,2026-10-07,synthetic,flipkart:CRGE7MMHVKPEZZA5
Amazon,1909.0,0.0,5.0,1914.0,True,https://www.amazon.in/s?k=J+Marks+Multicolor+Men%27s+Cargos,2026-10-07,synthetic,flipkart:CRGE7MMHVKPEZZA5
Flipkart,1959.0,0.0,3.0,1962.0,True,https://www.flipkart.com/search?q=J+Marks+Multicolor+Men%27s+Cargos,2026-10-07,synthetic_history,flipkart:CRGE7MMHVKPEZZA5
Meesho,1449.0,0.0,0.0,1449.0,False,https://www.meesho.com/search?q=J+Marks+Multicolor+Men%27s+Cargos,2026-10-07,synthetic,flipkart:CRGE7MMHVKPEZZA5
Ajio,2309.0,0.0,0.0,2309.0,False,https://www.ajio.com/search/?text=J+Marks+Multicolor+Men%27s+Cargos,2026-10-07,synthetic,flipkart:CRGE7MMHVKPEZZA5
Flipkart,98.0,40.0,3.0,141.0,True,https://www.flipkart.com/search?q=Grafion+Comfortable+Women%27s+Full+Coverage+Bra,2026-10-07,synthetic_history,flipkart:BRAE3TSHYZHBYFBU
Amazon,99.0,40.0,5.0,144.0,True,https://www.amazon.in/s?k=Grafion+Comfortable+Women%27s+Full+Coverage+Bra,2026-10-07,synthetic,flipkart:BRAE3TSHYZHBYFBU
Ajio,94.0,99.0,0.0,193.0,True,https://www.ajio.com/search/?text=Grafion+Comfortable+Women%27s+Full+Coverage+Bra,2026-10-07,synthetic,flipkart:BRAE3TSHYZHBYFBU
Myntra,109.0,99.0,0.0,208.0,True,https://www.google.com/search?q=site%3Amyntra.com+Grafion+Comfortable+Women%27s+Full+Coverage+Bra,2026-10-07,synthetic,flipkart:BRAE3TSHYZHBYFBU
Meesho,94.0,0.0,0.0,94.0,False,https://www.meesho.com/search?q=Grafion+Comfortable+Women%27s+Full+Coverage+Bra,2026-10-07,synthetic,flipkart:BRAE3TSHYZHBYFBU
Tata CLiQ,94.0,99.0,0.0,193.0,False,https://www.tatacliq.com/search/?searchCategory=all&text=Grafion+Comfortable+Women%27s+Full+Coverage+Bra,2026-10-07,synthetic,flipkart:BRAE3TSHYZHBYFBU
Flipkart,359.0,40.0,3.0,402.0,True,https://www.flipkart.com/search?q=Fashiondeal+Cotton+Solid+Blouse+Material,2026-10-07,synthetic_history,flipkart:FABE92NVKXGFYBWC
Amazon,359.0,40.0,5.0,404.0,True,https://www.amazon.in/s?k=Fashiondeal+Cotton+Solid+Blouse+Material,2026-10-07,synthetic,flipkart:FABE92NVKXGFYBWC
Ajio,389.0,99.0,0.0,488.0,True,https://www.ajio.com/search/?text=Fashiondeal+Cotton+Solid+Blouse+Material,2026-10-07,synthetic,flipkart:FABE92NVKXGFYBWC
Meesho,299.0,0.0,0.0,299.0,False,https://www.meesho.com/search?q=Fashiondeal+Cotton+Solid+Blouse+Material,2026-10-07,synthetic,flipkart:FABE92NVKXGFYBWC
Myntra,369.0,99.0,0.0,468.0,False,https://www.google.com/search?q=site%3Amyntra.com+Fashiondeal+Cotton+Solid+Blouse+Material,2026-10-07,synthetic,flipkart:FABE92NVKXGFYBWC
Tata CLiQ,379.0,99.0,0.0,478.0,False,https://www.tatacliq.com/search/?searchCategory=all&text=Fashiondeal+Cotton+Solid+Blouse+Material,2026-10-07,synthetic,flipkart:FABE92NVKXGFYBWC
Ajio,2079.0,0.0,0.0,2079.0,True,https://www.ajio.com/search/?text=Antshrike+Men%27s+Pyjama,2026-10-07,synthetic,flipkart:PYJEG32EBY5Z6UZJ
Flipkart,2229.0,0.0,3.0,2232.0,True,https://www.flipkart.com/search?q=Antshrike+Men%27s+Pyjama,2026-10-07,synthetic_history,flipkart:PYJEG32EBY5Z6UZJ
Amazon,2279.0,0.0,5.0,2284.0,True,https://www.amazon.in/s?k=Antshrike+Men%27s+Pyjama,2026-10-07,synthetic,flipkart:PYJEG32EBY5Z6UZJ
Myntra,2479.0,0.0,0.0,2479.0,True,https://www.google.com/search?q=site%3Amyntra.com+Antshrike+Men%27s+Pyjama,2026-10-07,synthetic,flipkart:PYJEG32EBY5Z6UZJ
Meesho,2039.0,0.0,0.0,2039.0,False,https://www.meesho.com/search?q=Antshrike+Men%27s+Pyjama,2026-10-07,synthetic,flipkart:PYJEG32EBY5Z6UZJ
Tata CLiQ,2569.0,0.0,0.0,2569.0,False,https://www.tatacliq.com/search/?searchCategory=all&text=Antshrike+Men%27s+Pyjama,2026-10-07,synthetic,flipkart:PYJEG32EBY5Z6UZJ
Meesho,269.0,0.0,0.0,269.0,True,https://www.meesho.com/search?q=Urbaano+Women%27s+Full+Coverage+Bra,2026-10-07,synthetic,flipkart:BRAEYJY2TJHHRQMP
Flipkart,269.0,40.0,3.0,312.0,True,https://www.flipkart.com/search?q=Urbaano+Women%27s+Full+Coverage+Bra,2026-10-07,synthetic_history,flipkart:BRAEYJY2TJHHRQMP
Amazon,289.0,40.0,5.0,334.0,True,https://www.amazon.in/s?k=Urbaano+Women%27s+Full+Coverage+Bra,2026-10-07,synthetic,flipkart:BRAEYJY2TJHHRQMP
Tata CLiQ,299.0,99.0,0.0,398.0,True,https://www.tatacliq.com/search/?searchCategory=all&text=Urbaano+Women%27s+Full+Coverage+Bra,2026-10-07,synthetic,flipkart:BRAEYJY2TJHHRQMP
Myntra,249.0,99.0,0.0,348.0,False,https://www.google.com/search?q=site%3Amyntra.com+Urbaano+Women%27s+Full+Coverage+Bra,2026-10-07,synthetic,flipkart:BRAEYJY2TJHHRQMP
Ajio,279.0,99.0,0.0,378.0,False,https://www.ajio.com/search/?text=Urbaano+Women%27s+Full+Coverage+Bra,2026-10-07,synthetic,flipkart:BRAEYJY2TJHHRQMP
Meesho,1889.0,0.0,0.0,1889.0,True,https://www.meesho.com/search?q=Masaba+for+Magic+fairy+Girl%27s+Layered+Pink+Dress,2026-10-07,synthetic,flipkart:DREEJ3V5R9GQJNSY
Amazon,2429.0,0.0,5.0,2434.0,True,https://www.amazon.in/s?k=Masaba+for+Magic+fairy+Girl%27s+Layered+Pink+Dress,2026-10-07,synthetic,flipkart:DREEJ3V5R9GQJNSY
Flipkart,2479.0,0.0,3.0,2482.0,True,https://www.flipkart.com/search?q=Masaba+for+Magic+fairy+Girl%27s+Layered+Pink+Dress,2026-10-07,synthetic_history,flipkart:DREEJ3V5R9GQJNSY
Tata CLiQ,2509.0,0.0,0.0,2509.0,True,https://www.tatacliq.com/search/?searchCategory=all&text=Masaba+for+Magic+fairy+Girl%27s+Layered+Pink+Dress,2026-10-07,synthetic,flipkart:DREEJ3V5R9GQJNSY
Ajio,2129.0,0.0,0.0,2129.0,False,https://www.ajio.com/search/?text=Masaba+for+Magic+fairy+Girl%27s+Layered+Pink+Dress,2026-10-07,synthetic,flipkart:DREEJ3V5R9GQJNSY
Myntra,2359.0,0.0,0.0,2359.0,False,https://www.google.com/search?q=site%3Amyntra.com+Masaba+for+Magic+fairy+Girl%27s+Layered+Pink+Dress,2026-10-07,synthetic,flipkart:DREEJ3V5R9GQJNSY
Amazon,2699.0,0.0,5.0,2704.0,True,https://www.amazon.in/s?k=Ladybug+Women%27s+Layered+Dress,2026-10-07,synthetic,flipkart:DREDXGQDZPEWPGQU
Ajio,2719.0,0.0,0.0,2719.0,True,https://www.ajio.com/search/?text=Ladybug+Women%27s+Layered+Dress,2026-10-07,synthetic,flipkart:DREDXGQDZPEWPGQU
Flipkart,2859.0,0.0,3.0,2862.0,True,https://www.flipkart.com/search?q=Ladybug+Women%27s+Layered+Dress,2026-10-07,synthetic_history,flipkart:DREDXGQDZPEWPGQU
Myntra,2939.0,0.0,0.0,2939.0,True,https://www.google.com/search?q=site%3Amyntra.com+Ladybug+Women%27s+Layered+Dress,2026-10-07,synthetic,flipkart:DREDXGQDZPEWPGQU
Meesho,2759.0,0.0,0.0,2759.0,False,https://www.meesho.com/search?q=Ladybug+Women%27s+Layered+Dress,2026-10-07,synthetic,flipkart:DREDXGQDZPEWPGQU
Tata CLiQ,2879.0,0.0,0.0,2879.0,False,https://www.tatacliq.com/search/?searchCategory=all&text=Ladybug+Women%27s+Layered+Dress,2026-10-07,synthetic,flipkart:DREDXGQDZPEWPGQU
Meesho,509.0,0.0,0.0,509.0,True,https://www.meesho.com/search?q=Police+Solid+Men%27s+Round+Neck+T-Shirt,2026-10-07,synthetic,flipkart:TSHE9JEM7M7VHGMV
Amazon,619.0,0.0,5.0,624.0,True,https://www.amazon.in/s?k=Police+Solid+Men%27s+Round+Neck+T-Shirt,2026-10-07,synthetic,flipkart:TSHE9JEM7M7VHGMV
Flipkart,639.0,0.0,3.0,642.0,True,https://www.flipkart.com/search?q=Police+Solid+Men%27s+Round+Neck+T-Shirt,2026-10-07,synthetic_history,flipkart:TSHE9JEM7M7VHGMV
Tata CLiQ,639.0,99.0,0.0,738.0,True,https://www.tatacliq.com/search/?searchCategory=all&text=Police+Solid+Men%27s+Round+Neck+T-Shirt,2026-10-07,synthetic,flipkart:TSHE9JEM7M7VHGMV
Myntra,729.0,99.0,0.0,828.0,True,https://www.google.com/search?q=site%3Amyntra.com+Police+Solid+Men%27s+Round+Neck+T-Shirt,2026-10-07,synthetic,flipkart:TSHE9JEM7M7VHGMV
Ajio,629.0,99.0,0.0,728.0,False,https://www.ajio.com/search/?text=Police+Solid+Men%27s+Round+Neck+T-Shirt,2026-10-07,synthetic,flipkart:TSHE9JEM7M7VHGMV
Amazon,1309.0,0.0,5.0,1314.0,True,https://www.amazon.in/s?k=Naughty+Ninos+Girl%27s+White%2C+Pink+Dungaree,2026-10-07,synthetic,flipkart:DRPEEZNFGG9J9KAV
Meesho,1349.0,0.0,0.0,1349.0,True,https://www.meesho.com/search?q=Naughty+Ninos+Girl%27s+White%2C+Pink+Dungaree,2026-10-07,synthetic,flipkart:DRPEEZNFGG9J9KAV
Flipkart,1359.0,0.0,3.0,1362.0,True,https://www.flipkart.com/search?q=Naughty+Ninos+Girl%27s+White%2C+Pink+Dungaree,2026-10-07,synthetic_history,flipkart:DRPEEZNFGG9J9KAV
Myntra,1379.0,0.0,0.0,1379.0,True,https://www.google.com/search?q=site%3Amyntra.com+Naughty+Ninos+Girl%27s+White%2C+Pink+Dungaree,2026-10-07,synthetic,flipkart:DRPEEZNFGG9J9KAV
Ajio,1429.0,0.0,0.0,1429.0,True,https://www.ajio.com/search/?text=Naughty+Ninos+Girl%27s+White%2C+Pink+Dungaree,2026-10-07,synthetic,flipkart:DRPEEZNFGG9J9KAV
Tata CLiQ,1289.0,0.0,0.0,1289.0,False,https://www.tatacliq.com/search/?searchCategory=all&text=Naughty+Ninos+Girl%27s+White%2C+Pink+Dungaree,2026-10-07,synthetic,flipkart:DRPEEZNFGG9J9KAV
Amazon,509.0,0.0,5.0,514.0,True,https://www.amazon.in/s?k=Posh+7+Solid+Men%27s+Round+Neck+T-Shirt,2026-10-07,synthetic,flipkart:TSHEA9Y2SUHT58UP
Flipkart,539.0,0.0,3.0,542.0,True,https://www.flipkart.com/search?q=Posh+7+Solid+Men%27s+Round+Neck+T-Shirt,2026-10-07,synthetic_history,flipkart:TSHEA9Y2SUHT58UP
Myntra,569.0,99.0,0.0,668.0,True,https://www.google.com/search?q=site%3Amyntra.com+Posh+7+Solid+Men%27s+Round+Neck+T-Shirt,2026-10-07,synthetic,flipkart:TSHEA9Y2SUHT58UP
Tata CLiQ,619.0,99.0,0.0,718.0,True,https://www.tatacliq.com/search/?searchCategory=all&text=Posh+7+Solid+Men%27s+Round+Neck+T-Shirt,2026-10-07,synthetic,flipkart:TSHEA9Y2SUHT58UP
Meesho,419.0,0.0,0.0,419.0,False,https://www.meesho.com/search?q=Posh+7+Solid+Men%27s+Round+Neck+T-Shirt,2026-10-07,synthetic,flipkart:TSHEA9Y2SUHT58UP
Ajio,569.0,99.0,0.0,668.0,False,https://www.ajio.com/search/?text=Posh+7+Solid+Men%27s+Round+Neck+T-Shirt,2026-10-07,synthetic,flipkart:TSHEA9Y2SUHT58UP
Amazon,989.0,0.0,5.0,994.0,True,https://www.amazon.in/s?k=Toy+Balloon+Kids+Girl%27s+Empire+Waist%2C+Fit+and+Flare%2C+Gathered+Dress,2026-10-07,synthetic,flipkart:DREEGZ7RCCF3ECJG
Flipkart,999.0,0.0,3.0,1002.0,True,https://www.flipkart.com/search?q=Toy+Balloon+Kids+Girl%27s+Empire+Waist%2C+Fit+and+Flare%2C+Gathered+Dress,2026-10-07,synthetic_history,flipkart:DREEGZ7RCCF3ECJG
Myntra,1279.0,0.0,0.0,1279.0,True,https://www.google.com/search?q=site%3Amyntra.com+Toy+Balloon+Kids+Girl%27s+Empire+Waist%2C+Fit+and+Flare%2C+Gathered+Dress,2026-10-07,synthetic,flipkart:DREEGZ7RCCF3ECJG
Meesho,779.0,0.0,0.0,779.0,False,https://www.meesho.com/search?q=Toy+Balloon+Kids+Girl%27s+Empire+Waist%2C+Fit+and+Flare%2C+Gathered+Dress,2026-10-07,synthetic,flipkart:DREEGZ7RCCF3ECJG
Ajio,1049.0,0.0,0.0,1049.0,False,https://www.ajio.com/search/?text=Toy+Balloon+Kids+Girl%27s+Empire+Waist%2C+Fit+and+Flare%2C+Gathered+Dress,2026-10-07,synthetic,flipkart:DREEGZ7RCCF3ECJG
Tata CLiQ,1139.0,0.0,0.0,1139.0,False,https://www.tatacliq.com/search/?searchCategory=all&text=Toy+Balloon+Kids+Girl%27s+Empire+Waist%2C+Fit+and+Flare%2C+Gathered+Dress,2026-10-07,synthetic,flipkart:DREEGZ7RCCF3ECJG
Flipkart,1049.0,0.0,3.0,1052.0,True,https://www.flipkart.com/search?q=Oviyon+Printed+Men%27s+V-neck+T-Shirt,2026-10-07,synthetic_history,flipkart:TSHE993ZZWDGKZ9A
Ajio,979.0,99.0,0.0,1078.0,True,https://www.ajio.com/search/?text=Oviyon+Printed+Men%27s+V-neck+T-Shirt,2026-10-07,synthetic,flipkart:TSHE993ZZWDGKZ9A
Amazon,1079.0,0.0,5.0,1084.0,True,https://www.amazon.in/s?k=Oviyon+Printed+Men%27s+V-neck+T-Shirt,2026-10-07,synthetic,flipkart:TSHE993ZZWDGKZ9A
Myntra,999.0,99.0,0.0,1098.0,True,https://www.google.com/search?q=site%3Amyntra.com+Oviyon+Printed+Men%27s+V-neck+T-Shirt,2026-10-07,synthetic,flipkart:TSHE993ZZWDGKZ9A
Tata CLiQ,999.0,0.0,0.0,999.0,False,https://www.tatacliq.com/search/?searchCategory=all&text=Oviyon+Printed+Men%27s+V-neck+T-Shirt,2026-10-07,synthetic,flipkart:TSHE993ZZWDGKZ9A
Meesho,1079.0,0.0,0.0,1079.0,False,https://www.meesho.com/search?q=Oviyon+Printed+Men%27s+V-neck+T-Shirt,2026-10-07,synthetic,flipkart:TSHE993ZZWDGKZ9A
Ajio,2749.0,0.0,0.0,2749.0,True,https://www.ajio.com/search/?text=Park+Avenue+Sleeveless+Solid+Men%27s+Jacket,2026-10-07,synthetic,flipkart:JCKEDMQ7RTWDZCTB
Flipkart,2829.0,0.0,3.0,2832.0,True,https://www.flipkart.com/search?q=Park+Avenue+Sleeveless+Solid+Men%27s+Jacket,2026-10-07,synthetic_history,flipkart:JCKEDMQ7RTWDZCTB
Amazon,2959.0,0.0,5.0,2964.0,True,https://www.amazon.in/s?k=Park+Avenue+Sleeveless+Solid+Men%27s+Jacket,2026-10-07,synthetic,flipkart:JCKEDMQ7RTWDZCTB
Myntra,3269.0,0.0,0.0,3269.0,True,https://www.google.com/search?q=site%3Amyntra.com+Park+Avenue+Sleeveless+Solid+Men%27s+Jacket,2026-10-07,synthetic,flipkart:JCKEDMQ7RTWDZCTB
Meesho,2209.0,0.0,0.0,2209.0,False,https://www.meesho.com/search?q=Park+Avenue+Sleeveless+Solid+Men%27s+Jacket,2026-10-07,synthetic,flipkart:JCKEDMQ7RTWDZCTB
Tata CLiQ,2859.0,0.0,0.0,2859.0,False,https://www.tatacliq.com/search/?searchCategory=all&text=Park+Avenue+Sleeveless+Solid+Men%27s+Jacket,2026-10-07,synthetic,flipkart:JCKEDMQ7RTWDZCTB
Amazon,3229.0,0.0,5.0,3234.0,True,https://www.amazon.in/s?k=Wilkins+%26+Tuscany+Regular+Fit+Boy%27s+Jeans,2026-10-07,synthetic,flipkart:JEAEH2G7HJ2FZEQE
Myntra,3349.0,0.0,0.0,3349.0,True,https://www.google.com/search?q=site%3Amyntra.com+Wilkins+%26+Tuscany+Regular+Fit+Boy%27s+Jeans,2026-10-07,synthetic,flipkart:JEAEH2G7HJ2FZEQE
Flipkart,3359.0,0.0,3.0,3362.0,True,https://www.flipkart.com/search?q=Wilkins+%26+Tuscany+Regular+Fit+Boy%27s+Jeans,2026-10-07,synthetic_history,flipkart:JEAEH2G7HJ2FZEQE
Meesho,3069.0,0.0,0.0,3069.0,False,https://www.meesho.com/search?q=Wilkins+%26+Tuscany+Regular+Fit+Boy%27s+Jeans,2026-10-07,synthetic,flipkart:JEAEH2G7HJ2FZEQE
Tata CLiQ,3429.0,0.0,0.0,3429.0,False,https://www.tatacliq.com/search/?searchCategory=all&text=Wilkins+%26+Tuscany+Regular+Fit+Boy%27s+Jeans,2026-10-07,synthetic,flipkart:JEAEH2G7HJ2FZEQE
Ajio,3469.0,0.0,0.0,3469.0,False,https://www.ajio.com/search/?text=Wilkins+%26+Tuscany+Regular+Fit+Boy%27s+Jeans,2026-10-07,synthetic,flipkart:JEAEH2G7HJ2FZEQE
Ajio,1269.0,0.0,0.0,1269.0,True,https://www.ajio.com/search/?text=Jiya+Silk+Self+Design%2C+Embroidered+Blouse+Material,2026-10-07,synthetic,flipkart:FABEB2TXH4MGQC2H
Myntra,1329.0,0.0,0.0,1329.0,True,https://www.google.com/search?q=site%3Amyntra.com+Jiya+Silk+Self+Design%2C+Embroidered+Blouse+Material,2026-10-07,synthetic,flipkart:FABEB2TXH4MGQC2H
Flipkart,1409.0,0.0,3.0,1412.0,True,https://www.flipkart.com/search?q=Jiya+Silk+Self+Design%2C+Embroidered+Blouse+Material,2026-10-07,synthetic_history,flipkart:FABEB2TXH4MGQC2H
Amazon,1449.0,0.0,5.0,1454.0,True,https://www.amazon.in/s?k=Jiya+Silk+Self+Design%2C+Embroidered+Blouse+Material,2026-10-07,synthetic,flipkart:FABEB2TXH4MGQC2H
Meesho,1459.0,0.0,0.0,1459.0,False,https://www.meesho.com/search?q=Jiya+Silk+Self+Design%2C+Embroidered+Blouse+Material,2026-10-07,synthetic,flipkart:FABEB2TXH4MGQC2H
Tata CLiQ,1479.0,0.0,0.0,1479.0,False,https://www.tatacliq.com/search/?searchCategory=all&text=Jiya+Silk+Self+Design%2C+Embroidered+Blouse+Material,2026-10-07,synthetic,flipkart:FABEB2TXH4MGQC2H
Flipkart,549.0,0.0,3.0,552.0,True,https://www.flipkart.com/search?q=Nimya+Solid+Men%27s+Polo+Neck+T-Shirt,2026-10-07,synthetic_history,flipkart:TSHEABRNHHSWXX9H
Amazon,559.0,0.0,5.0,564.0,True,https://www.amazon.in/s?k=Nimya+Solid+Men%27s+Polo+Neck+T-Shirt,2026-10-07,synthetic,flipkart:TSHEABRNHHSWXX9H
Myntra,509.0,99.0,0.0,608.0,True,https://www.google.com/search?q=site%3Amyntra.com+Nimya+Solid+Men%27s+Polo+Neck+T-Shirt,2026-10-07,synthetic,flipkart:TSHEABRNHHSWXX9H
Meesho,529.0,0.0,0.0,529.0,False,https://www.meesho.com/search?q=Nimya+Solid+Men%27s+Polo+Neck+T-Shirt,2026-10-07,synthetic,flipkart:TSHEABRNHHSWXX9H
Ajio,469.0,99.0,0.0,568.0,False,https://www.ajio.com/search/?text=Nimya+Solid+Men%27s+Polo+Neck+T-Shirt,2026-10-07,synthetic,flipkart:TSHEABRNHHSWXX9H
Tata CLiQ,589.0,99.0,0.0,688.0,False,https://www.tatacliq.com/search/?searchCategory=all&text=Nimya+Solid+Men%27s+Polo+Neck+T-Shirt,2026-10-07,synthetic,flipkart:TSHEABRNHHSWXX9H
Amazon,3279.0,0.0,5.0,3284.0,True,https://www.amazon.in/s?k=Karlsburg+Men%27s+Self+Design+Formal+Shirt,2026-10-07,synthetic,flipkart:SHTE93ZZMSWNZ7RM
Flipkart,3299.0,0.0,3.0,3302.0,True,https://www.flipkart.com/search?q=Karlsburg+Men%27s+Self+Design+Formal+Shirt,2026-10-07,synthetic_history,flipkart:SHTE93ZZMSWNZ7RM
Meesho,2759.0,0.0,0.0,2759.0,False,https://www.meesho.com/search?q=Karlsburg+Men%27s+Self+Design+Formal+Shirt,2026-10-07,synthetic,flipkart:SHTE93ZZMSWNZ7RM
Myntra,3099.0,0.0,0.0,3099.0,False,https://www.google.com/search?q=site%3Amyntra.com+Karlsburg+Men%27s+Self+Design+Formal+Shirt,2026-10-07,synthetic,flipkart:SHTE93ZZMSWNZ7RM
Ajio,3229.0,0.0,0.0,3229.0,False,https://www.ajio.com/search/?text=Karlsburg+Men%27s+Self+Design+Formal+Shirt,2026-10-07,synthetic,flipkart:SHTE93ZZMSWNZ7RM
Tata CLiQ,3409.0,0.0,0.0,3409.0,False,https://www.tatacliq.com/search/?searchCategory=all&text=Karlsburg+Men%27s+Self+Design+Formal+Shirt,2026-10-07,synthetic,flipkart:SHTE93ZZMSWNZ7RM
Meesho,699.0,0.0,0.0,699.0,True,https://www.meesho.com/search?q=Orange+Plum+Printed+Men%27s+Round+Neck+T-Shirt,2026-10-07,synthetic,flipkart:TSHECQN9EKMTM9FZ
Flipkart,799.0,0.0,3.0,802.0,True,https://www.flipkart.com/search?q=Orange+Plum+Printed+Men%27s+Round+Neck+T-Shirt,2026-10-07,synthetic_history,flipkart:TSHECQN9EKMTM9FZ
Amazon,829.0,0.0,5.0,834.0,True,https://www.amazon.in/s?k=Orange+Plum+Printed+Men%27s+Round+Neck+T-Shirt,2026-10-07,synthetic,flipkart:TSHECQN9EKMTM9FZ
Myntra,819.0,99.0,0.0,918.0,True,https://www.google.com/search?q=site%3Amyntra.com+Orange+Plum+Printed+Men%27s+Round+Neck+T-Shirt,2026-10-07,synthetic,flipkart:TSHECQN9EKMTM9FZ
Ajio,799.0,99.0,0.0,898.0,False,https://www.ajio.com/search/?text=Orange+Plum+Printed+Men%27s+Round+Neck+T-Shirt,2026-10-07,synthetic,flipkart:TSHECQN9EKMTM9FZ
Tata CLiQ,859.0,99.0,0.0,958.0,False,https://www.tatacliq.com/search/?searchCategory=all&text=Orange+Plum+Printed+Men%27s+Round+Neck+T-Shirt,2026-10-07,synthetic,flipkart:TSHECQN9EKMTM9FZ
Tata CLiQ,1809.0,0.0,0.0,1809.0,True,https://www.tatacliq.com/search/?searchCategory=all&text=Kaxiaa+Women%27s+Gathered+Dress,2026-10-07,synthetic,flipkart:DREEBQF7EBNSPMG5
Meesho,1809.0,0.0,0.0,1809.0,True,https://www.meesho.com/search?q=Kaxiaa+Women%27s+Gathered+Dress,2026-10-07,synthetic,flipkart:DREEBQF7EBNSPMG5
Flipkart,1829.0,0.0,3.0,1832.0,True,https://www.flipkart.com/search?q=Kaxiaa+Women%27s+Gathered+Dress,2026-10-07,synthetic_history,flipkart:DREEBQF7EBNSPMG5
Myntra,1839.0,0.0,0.0,1839.0,True,https://www.google.com/search?q=site%3Amyntra.com+Kaxiaa+Women%27s+Gathered+Dress,2026-10-07,synthetic,flipkart:DREEBQF7EBNSPMG5
Amazon,1919.0,0.0,5.0,1924.0,True,https://www.amazon.in/s?k=Kaxiaa+Women%27s+Gathered+Dress,2026-10-07,synthetic,flipkart:DREEBQF7EBNSPMG5
Ajio,1659.0,0.0,0.0,1659.0,False,https://www.ajio.com/search/?text=Kaxiaa+Women%27s+Gathered+Dress,2026-10-07,synthetic,flipkart:DREEBQF7EBNSPMG5
Meesho,779.0,0.0,0.0,779.0,True,https://www.meesho.com/search?q=Hubberholme+Solid+Men%27s+Grey+Track+Pants,2026-10-07,synthetic,flipkart:TKPEJHYWHWYTU9M2
Flipkart,829.0,0.0,3.0,832.0,True,https://www.flipkart.com/search?q=Hubberholme+Solid+Men%27s+Grey+Track+Pants,2026-10-07,synthetic_history,flipkart:TKPEJHYWHWYTU9M2
Amazon,839.0,0.0,5.0,844.0,True,https://www.amazon.in/s?k=Hubberholme+Solid+Men%27s+Grey+Track+Pants,2026-10-07,synthetic,flipkart:TKPEJHYWHWYTU9M2
Tata CLiQ,759.0,99.0,0.0,858.0,True,https://www.tatacliq.com/search/?searchCategory=all&text=Hubberholme+Solid+Men%27s+Grey+Track+Pants,2026-10-07,synthetic,flipkart:TKPEJHYWHWYTU9M2
Myntra,889.0,99.0,0.0,988.0,True,https://www.google.com/search?q=site%3Amyntra.com+Hubberholme+Solid+Men%27s+Grey+Track+Pants,2026-10-07,synthetic,flipkart:TKPEJHYWHWYTU9M2
Ajio,859.0,99.0,0.0,958.0,False,https://www.ajio.com/search/?text=Hubberholme+Solid+Men%27s+Grey+Track+Pants,2026-10-07,synthetic,flipkart:TKPEJHYWHWYTU9M2
Meesho,409.0,0.0,0.0,409.0,True,https://www.meesho.com/search?q=GetAbhi+Printed+Tie,2026-10-07,synthetic,flipkart:TIEEEBKJFN2XZMN4
Amazon,509.0,0.0,5.0,514.0,True,https://www.amazon.in/s?k=GetAbhi+Printed+Tie,2026-10-07,synthetic,flipkart:TIEEEBKJFN2XZMN4
Flipkart,519.0,0.0,3.0,522.0,True,https://www.flipkart.com/search?q=GetAbhi+Printed+Tie,2026-10-07,synthetic_history,flipkart:TIEEEBKJFN2XZMN4
Myntra,579.0,99.0,0.0,678.0,True,https://www.google.com/search?q=site%3Amyntra.com+GetAbhi+Printed+Tie,2026-10-07,synthetic,flipkart:TIEEEBKJFN2XZMN4
Tata CLiQ,469.0,99.0,0.0,568.0,False,https://www.tatacliq.com/search/?searchCategory=all&text=GetAbhi+Printed+Tie,2026-10-07,synthetic,flipkart:TIEEEBKJFN2XZMN4
Ajio,499.0,99.0,0.0,598.0,False,https://www.ajio.com/search/?text=GetAbhi+Printed+Tie,2026-10-07,synthetic,flipkart:TIEEEBKJFN2XZMN4
Meesho,539.0,0.0,0.0,539.0,True,https://www.meesho.com/search?q=Ploomz+Women%27s+Push-up+Bra,2026-10-07,synthetic,flipkart:BRAEE6YMRVXF3HNV
Flipkart,559.0,0.0,3.0,562.0,True,https://www.flipkart.com/search?q=Ploomz+Women%27s+Push-up+Bra,2026-10-07,synthetic_history,flipkart:BRAEE6YMRVXF3HNV
Myntra,499.0,99.0,0.0,598.0,True,https://www.google.com/search?q=site%3Amyntra.com+Ploomz+Women%27s+Push-up+Bra,2026-10-07,synthetic,flipkart:BRAEE6YMRVXF3HNV
Amazon,539.0,0.0,5.0,544.0,False,https://www.amazon.in/s?k=Ploomz+Women%27s+Push-up+Bra,2026-10-07,synthetic,flipkart:BRAEE6YMRVXF3HNV
Ajio,549.0,99.0,0.0,648.0,False,https://www.ajio.com/search/?text=Ploomz+Women%27s+Push-up+Bra,2026-10-07,synthetic,flipkart:BRAEE6YMRVXF3HNV
Tata CLiQ,609.0,99.0,0.0,708.0,False,https://www.tatacliq.com/search/?searchCategory=all&text=Ploomz+Women%27s+Push-up+Bra,2026-10-07,synthetic,flipkart:BRAEE6YMRVXF3HNV
Meesho,3979.0,0.0,0.0,3979.0,True,https://www.meesho.com/search?q=MomToBe+Women%27s+A-line+Green+Dress,2026-10-07,synthetic,flipkart:DREEGN5RBUBWAV6G
Amazon,4209.0,0.0,5.0,4214.0,True,https://www.amazon.in/s?k=MomToBe+Women%27s+A-line+Green+Dress,2026-10-07,synthetic,flipkart:DREEGN5RBUBWAV6G
Flipkart,4709.0,0.0,3.0,4712.0,True,https://www.flipkart.com/search?q=MomToBe+Women%27s+A-line+Green+Dress,2026-10-07,synthetic_history,flipkart:DREEGN5RBUBWAV6G
Ajio,4739.0,0.0,0.0,4739.0,True,https://www.ajio.com/search/?text=MomToBe+Women%27s+A-line+Green+Dress,2026-10-07,synthetic,flipkart:DREEGN5RBUBWAV6G
Tata CLiQ,4879.0,0.0,0.0,4879.0,True,https://www.tatacliq.com/search/?searchCategory=all&text=MomToBe+Women%27s+A-line+Green+Dress,2026-10-07,synthetic,flipkart:DREEGN5RBUBWAV6G
Myntra,5119.0,0.0,0.0,5119.0,True,https://www.google.com/search?q=site%3Amyntra.com+MomToBe+Women%27s+A-line+Green+Dress,2026-10-07,synthetic,flipkart:DREEGN5RBUBWAV6G
Meesho,189.0,0.0,0.0,189.0,True,https://www.meesho.com/search?q=Madaam+NonPadded+Women%27s+Tube+Bra,2026-10-07,synthetic,flipkart:BRAE7Y46YKB4RZJP
Amazon,219.0,40.0,5.0,264.0,True,https://www.amazon.in/s?k=Madaam+NonPadded+Women%27s+Tube+Bra,2026-10-07,synthetic,flipkart:BRAE7Y46YKB4RZJP
Flipkart,229.0,40.0,3.0,272.0,True,https://www.flipkart.com/search?q=Madaam+NonPadded+Women%27s+Tube+Bra,2026-10-07,synthetic_history,flipkart:BRAE7Y46YKB4RZJP
Ajio,259.0,99.0,0.0,358.0,True,https://www.ajio.com/search/?text=Madaam+NonPadded+Women%27s+Tube+Bra,2026-10-07,synthetic,flipkart:BRAE7Y46YKB4RZJP
Tata CLiQ,229.0,99.0,0.0,328.0,False,https://www.tatacliq.com/search/?searchCategory=all&text=Madaam+NonPadded+Women%27s+Tube+Bra,2026-10-07,synthetic,flipkart:BRAE7Y46YKB4RZJP
Myntra,249.0,99.0,0.0,348.0,False,https://www.google.com/search?q=site%3Amyntra.com+Madaam+NonPadded+Women%27s+Tube+Bra,2026-10-07,synthetic,flipkart:BRAE7Y46YKB4RZJP
Meesho,5199.0,0.0,0.0,5199.0,True,https://www.meesho.com/search?q=BACHELORS+N+BEYOND+Self+Design+Single+Breasted+Festive%2C+Festive%2C+Casual+Men%27s+Bl,2026-10-07,synthetic,flipkart:BZREHY5S4DCBDFGE
Flipkart,5859.0,0.0,3.0,5862.0,True,https://www.flipkart.com/search?q=BACHELORS+N+BEYOND+Self+Design+Single+Breasted+Festive%2C+Festive%2C+Casual+Men%27s+Bl,2026-10-07,synthetic_history,flipkart:BZREHY5S4DCBDFGE
Amazon,5889.0,0.0,5.0,5894.0,True,https://www.amazon.in/s?k=BACHELORS+N+BEYOND+Self+Design+Single+Breasted+Festive%2C+Festive%2C+Casual+Men%27s+Bl,2026-10-07,synthetic,flipkart:BZREHY5S4DCBDFGE
Tata CLiQ,6009.0,0.0,0.0,6009.0,True,https://www.tatacliq.com/search/?searchCategory=all&text=BACHELORS+N+BEYOND+Self+Design+Single+Breasted+Festive%2C+Festive%2C+Casual+Men%27s+Bl,2026-10-07,synthetic,flipkart:BZREHY5S4DCBDFGE
Ajio,5879.0,0.0,0.0,5879.0,False,https://www.ajio.com/search/?text=BACHELORS+N+BEYOND+Self+Design+Single+Breasted+Festive%2C+Festive%2C+Casual+Men%27s+Bl,2026-10-07,synthetic,flipkart:BZREHY5S4DCBDFGE
Myntra,6399.0,0.0,0.0,6399.0,False,https://www.google.com/search?q=site%3Amyntra.com+BACHELORS+N+BEYOND+Self+Design+Single+Breasted+Festive%2C+Festive%2C+Casual+Men%27s+Bl,2026-10-07,synthetic,flipkart:BZREHY5S4DCBDFGE
Meesho,609.0,0.0,0.0,609.0,True,https://www.meesho.com/search?q=Urban+Religion+Women%27s+Animal+Print+Casual+Shirt,2026-10-07,synthetic,flipkart:SHTDWPYWHCVZ2HUB
Flipkart,799.0,0.0,3.0,802.0,True,https://www.flipkart.com/search?q=Urban+Religion+Women%27s+Animal+Print+Casual+Shirt,2026-10-07,synthetic_history,flipkart:SHTDWPYWHCVZ2HUB
Amazon,859.0,0.0,5.0,864.0,True,https://www.amazon.in/s?k=Urban+Religion+Women%27s+Animal+Print+Casual+Shirt,2026-10-07,synthetic,flipkart:SHTDWPYWHCVZ2HUB
Ajio,819.0,99.0,0.0,918.0,True,https://www.ajio.com/search/?text=Urban+Religion+Women%27s+Animal+Print+Casual+Shirt,2026-10-07,synthetic,flipkart:SHTDWPYWHCVZ2HUB
Tata CLiQ,809.0,99.0,0.0,908.0,False,https://www.tatacliq.com/search/?searchCategory=all&text=Urban+Religion+Women%27s+Animal+Print+Casual+Shirt,2026-10-07,synthetic,flipkart:SHTDWPYWHCVZ2HUB
Myntra,859.0,99.0,0.0,958.0,False,https://www.google.com/search?q=site%3Amyntra.com+Urban+Religion+Women%27s+Animal+Print+Casual+Shirt,2026-10-07,synthetic,flipkart:SHTDWPYWHCVZ2HUB
Meesho,619.0,0.0,0.0,619.0,True,https://www.meesho.com/search?q=Numero+Uno+Printed+Men%27s+Polo+Neck+T-Shirt,2026-10-07,synthetic,flipkart:TSHE3HHZ89EQTH5F
Flipkart,619.0,0.0,3.0,622.0,True,https://www.flipkart.com/search?q=Numero+Uno+Printed+Men%27s+Polo+Neck+T-Shirt,2026-10-07,synthetic_history,flipkart:TSHE3HHZ89EQTH5F
Amazon,659.0,0.0,5.0,664.0,True,https://www.amazon.in/s?k=Numero+Uno+Printed+Men%27s+Polo+Neck+T-Shirt,2026-10-07,synthetic,flipkart:TSHE3HHZ89EQTH5F
Myntra,599.0,99.0,0.0,698.0,True,https://www.google.com/search?q=site%3Amyntra.com+Numero+Uno+Printed+Men%27s+Polo+Neck+T-Shirt,2026-10-07,synthetic,flipkart:TSHE3HHZ89EQTH5F
Ajio,599.0,99.0,0.0,698.0,True,https://www.ajio.com/search/?text=Numero+Uno+Printed+Men%27s+Polo+Neck+T-Shirt,2026-10-07,synthetic,flipkart:TSHE3HHZ89EQTH5F
Tata CLiQ,689.0,99.0,0.0,788.0,True,https://www.tatacliq.com/search/?searchCategory=all&text=Numero+Uno+Printed+Men%27s+Polo+Neck+T-Shirt,2026-10-07,synthetic,flipkart:TSHE3HHZ89EQTH5F
Amazon,1319.0,0.0,5.0,1324.0,True,https://www.amazon.in/s?k=Be+13+Self+Design+Girl%27s+Lehenga%2C+Choli+and+Dupatta+Set,2026-10-07,synthetic,flipkart:LCHEGWZHZKTDAUYZ
Flipkart,1399.0,0.0,3.0,1402.0,True,https://www.flipkart.com/search?q=Be+13+Self+Design+Girl%27s+Lehenga%2C+Choli+and+Dupatta+Set,2026-10-07,synthetic_history,flipkart:LCHEGWZHZKTDAUYZ
Myntra,1349.0,0.0,0.0,1349.0,False,https://www.google.com/search?q=site%3Amyntra.com+Be+13+Self+Design+Girl%27s+Lehenga%2C+Choli+and+Dupatta+Set,2026-10-07,synthetic,flipkart:LCHEGWZHZKTDAUYZ
Meesho,1369.0,0.0,0.0,1369.0,False,https://www.meesho.com/search?q=Be+13+Self+Design+Girl%27s+Lehenga%2C+Choli+and+Dupatta+Set,2026-10-07,synthetic,flipkart:LCHEGWZHZKTDAUYZ
Tata CLiQ,1459.0,0.0,0.0,1459.0,False,https://www.tatacliq.com/search/?searchCategory=all&text=Be+13+Self+Design+Girl%27s+Lehenga%2C+Choli+and+Dupatta+Set,2026-10-07,synthetic,flipkart:LCHEGWZHZKTDAUYZ
Ajio,1469.0,0.0,0.0,1469.0,False,https://www.ajio.com/search/?text=Be+13+Self+Design+Girl%27s+Lehenga%2C+Choli+and+Dupatta+Set,2026-10-07,synthetic,flipkart:LCHEGWZHZKTDAUYZ
Meesho,1109.0,0.0,0.0,1109.0,True,https://www.meesho.com/search?q=Abhira+Top+Girl%27s++Combo,2026-10-07,synthetic,flipkart:ACBECSFFCM9GJXHK
Tata CLiQ,1129.0,0.0,0.0,1129.0,True,https://www.tatacliq.com/search/?searchCategory=all&text=Abhira+Top+Girl%27s++Combo,2026-10-07,synthetic,flipkart:ACBECSFFCM9GJXHK
Amazon,1219.0,0.0,5.0,1224.0,True,https://www.amazon.in/s?k=Abhira+Top+Girl%27s++Combo,2026-10-07,synthetic,flipkart:ACBECSFFCM9GJXHK
Flipkart,1239.0,0.0,3.0,1242.0,True,https://www.flipkart.com/search?q=Abhira+Top+Girl%27s++Combo,2026-10-07,synthetic_history,flipkart:ACBECSFFCM9GJXHK
Myntra,1249.0,0.0,0.0,1249.0,True,https://www.google.com/search?q=site%3Amyntra.com+Abhira+Top+Girl%27s++Combo,2026-10-07,synthetic,flipkart:ACBECSFFCM9GJXHK
Ajio,1099.0,0.0,0.0,1099.0,False,https://www.ajio.com/search/?text=Abhira+Top+Girl%27s++Combo,2026-10-07,synthetic,flipkart:ACBECSFFCM9GJXHK
Amazon,749.0,0.0,5.0,754.0,True,https://www.amazon.in/s?k=Cation+Casual+Sleeveless+Solid+Women%27s+Top,2026-10-07,synthetic,flipkart:TOPE4ZKTSBAEXGFR
Flipkart,789.0,0.0,3.0,792.0,True,https://www.flipkart.com/search?q=Cation+Casual+Sleeveless+Solid+Women%27s+Top,2026-10-07,synthetic_history,flipkart:TOPE4ZKTSBAEXGFR
Myntra,839.0,99.0,0.0,938.0,True,https://www.google.com/search?q=site%3Amyntra.com+Cation+Casual+Sleeveless+Solid+Women%27s+Top,2026-10-07,synthetic,flipkart:TOPE4ZKTSBAEXGFR
Tata CLiQ,879.0,99.0,0.0,978.0,True,https://www.tatacliq.com/search/?searchCategory=all&text=Cation+Casual+Sleeveless+Solid+Women%27s+Top,2026-10-07,synthetic,flipkart:TOPE4ZKTSBAEXGFR
Ajio,919.0,99.0,0.0,1018.0,True,https://www.ajio.com/search/?text=Cation+Casual+Sleeveless+Solid+Women%27s+Top,2026-10-07,synthetic,flipkart:TOPE4ZKTSBAEXGFR
Meesho,809.0,0.0,0.0,809.0,False,https://www.meesho.com/search?q=Cation+Casual+Sleeveless+Solid+Women%27s+Top,2026-10-07,synthetic,flipkart:TOPE4ZKTSBAEXGFR
Meesho,229.0,0.0,0.0,229.0,True,https://www.meesho.com/search?q=Whistle+Solid+Men%27s+Round+Neck+T-Shirt,2026-10-07,synthetic,flipkart:TSHE9RVGV5TQK2TK
Flipkart,239.0,40.0,3.0,282.0,True,https://www.flipkart.com/search?q=Whistle+Solid+Men%27s+Round+Neck+T-Shirt,2026-10-07,synthetic_history,flipkart:TSHE9RVGV5TQK2TK
Amazon,239.0,40.0,5.0,284.0,True,https://www.amazon.in/s?k=Whistle+Solid+Men%27s+Round+Neck+T-Shirt,2026-10-07,synthetic,flipkart:TSHE9RVGV5TQK2TK
Myntra,249.0,99.0,0.0,348.0,True,https://www.google.com/search?q=site%3Amyntra.com+Whistle+Solid+Men%27s+Round+Neck+T-Shirt,2026-10-07,synthetic,flipkart:TSHE9RVGV5TQK2TK
Ajio,219.0,99.0,0.0,318.0,False,https://www.ajio.com/search/?text=Whistle+Solid+Men%27s+Round+Neck+T-Shirt,2026-10-07,synthetic,flipkart:TSHE9RVGV5TQK2TK
Tata CLiQ,239.0,99.0,0.0,338.0,False,https://www.tatacliq.com/search/?searchCategory=all&text=Whistle+Solid+Men%27s+Round+Neck+T-Shirt,2026-10-07,synthetic,flipkart:TSHE9RVGV5TQK2TK
Flipkart,1059.0,0.0,3.0,1062.0,True,https://www.flipkart.com/search?q=Nucode+Graphic+Print+Men%27s+Round+Neck+T-Shirt,2026-10-07,synthetic_history,flipkart:TSHE6KWDZSGWYGAF
Ajio,1119.0,0.0,0.0,1119.0,True,https://www.ajio.com/search/?text=Nucode+Graphic+Print+Men%27s+Round+Neck+T-Shirt,2026-10-07,synthetic,flipkart:TSHE6KWDZSGWYGAF
Amazon,1159.0,0.0,5.0,1164.0,True,https://www.amazon.in/s?k=Nucode+Graphic+Print+Men%27s+Round+Neck+T-Shirt,2026-10-07,synthetic,flipkart:TSHE6KWDZSGWYGAF
Tata CLiQ,1189.0,0.0,0.0,1189.0,True,https://www.tatacliq.com/search/?searchCategory=all&text=Nucode+Graphic+Print+Men%27s+Round+Neck+T-Shirt,2026-10-07,synthetic,flipkart:TSHE6KWDZSGWYGAF
Myntra,1229.0,0.0,0.0,1229.0,True,https://www.google.com/search?q=site%3Amyntra.com+Nucode+Graphic+Print+Men%27s+Round+Neck+T-Shirt,2026-10-07,synthetic,flipkart:TSHE6KWDZSGWYGAF
Meesho,1139.0,0.0,0.0,1139.0,False,https://www.meesho.com/search?q=Nucode+Graphic+Print+Men%27s+Round+Neck+T-Shirt,2026-10-07,synthetic,flipkart:TSHE6KWDZSGWYGAF
Tata CLiQ,3699.0,0.0,0.0,3699.0,True,https://www.tatacliq.com/search/?searchCategory=all&text=Van+Heusen+Casual+Short+Sleeve+Embellished+Women%27s+Top,2026-10-07,synthetic,flipkart:TOPECQHYWSVQME9S
Flipkart,3819.0,0.0,3.0,3822.0,True,https://www.flipkart.com/search?q=Van+Heusen+Casual+Short+Sleeve+Embellished+Women%27s+Top,2026-10-07,synthetic_history,flipkart:TOPECQHYWSVQME9S
Amazon,3869.0,0.0,5.0,3874.0,True,https://www.amazon.in/s?k=Van+Heusen+Casual+Short+Sleeve+Embellished+Women%27s+Top,2026-10-07,synthetic,flipkart:TOPECQHYWSVQME9S
Ajio,3959.0,0.0,0.0,3959.0,True,https://www.ajio.com/search/?text=Van+Heusen+Casual+Short+Sleeve+Embellished+Women%27s+Top,2026-10-07,synthetic,flipkart:TOPECQHYWSVQME9S
Meesho,3839.0,0.0,0.0,3839.0,False,https://www.meesho.com/search?q=Van+Heusen+Casual+Short+Sleeve+Embellished+Women%27s+Top,2026-10-07,synthetic,flipkart:TOPECQHYWSVQME9S
Myntra,3959.0,0.0,0.0,3959.0,False,https://www.google.com/search?q=site%3Amyntra.com+Van+Heusen+Casual+Short+Sleeve+Embellished+Women%27s+Top,2026-10-07,synthetic,flipkart:TOPECQHYWSVQME9S
Amazon,879.0,0.0,5.0,884.0,True,https://www.amazon.in/s?k=Orange+Plum+Women%27s+Printed+Casual+Shirt,2026-10-07,synthetic,flipkart:SHTE7ZGESTZGPWHM
Flipkart,909.0,0.0,3.0,912.0,True,https://www.flipkart.com/search?q=Orange+Plum+Women%27s+Printed+Casual+Shirt,2026-10-07,synthetic_history,flipkart:SHTE7ZGESTZGPWHM
Ajio,909.0,99.0,0.0,1008.0,True,https://www.ajio.com/search/?text=Orange+Plum+Women%27s+Printed+Casual+Shirt,2026-10-07,synthetic,flipkart:SHTE7ZGESTZGPWHM
Myntra,989.0,99.0,0.0,1088.0,True,https://www.google.com/search?q=site%3Amyntra.com+Orange+Plum+Women%27s+Printed+Casual+Shirt,2026-10-07,synthetic,flipkart:SHTE7ZGESTZGPWHM
Meesho,779.0,0.0,0.0,779.0,False,https://www.meesho.com/search?q=Orange+Plum+Women%27s+Printed+Casual+Shirt,2026-10-07,synthetic,flipkart:SHTE7ZGESTZGPWHM
Tata CLiQ,869.0,99.0,0.0,968.0,False,https://www.tatacliq.com/search/?searchCategory=all&text=Orange+Plum+Women%27s+Printed+Casual+Shirt,2026-10-07,synthetic,flipkart:SHTE7ZGESTZGPWHM
Meesho,579.0,0.0,0.0,579.0,True,https://www.meesho.com/search?q=Yaari+Self+Design+Women%27s+Wrap+Around+Skirt,2026-10-07,synthetic,flipkart:SKIE6PXK8JGJSVYZ
Flipkart,589.0,0.0,3.0,592.0,True,https://www.flipkart.com/search?q=Yaari+Self+Design+Women%27s+Wrap+Around+Skirt,2026-10-07,synthetic_history,flipkart:SKIE6PXK8JGJSVYZ
Amazon,609.0,0.0,5.0,614.0,True,https://www.amazon.in/s?k=Yaari+Self+Design+Women%27s+Wrap+Around+Skirt,2026-10-07,synthetic,flipkart:SKIE6PXK8JGJSVYZ
Tata CLiQ,609.0,99.0,0.0,708.0,True,https://www.tatacliq.com/search/?searchCategory=all&text=Yaari+Self+Design+Women%27s+Wrap+Around+Skirt,2026-10-07,synthetic,flipkart:SKIE6PXK8JGJSVYZ
Myntra,629.0,99.0,0.0,728.0,True,https://www.google.com/search?q=site%3Amyntra.com+Yaari+Self+Design+Women%27s+Wrap+Around+Skirt,2026-10-07,synthetic,flipkart:SKIE6PXK8JGJSVYZ
Ajio,639.0,99.0,0.0,738.0,True,https://www.ajio.com/search/?text=Yaari+Self+Design+Women%27s+Wrap+Around+Skirt,2026-10-07,synthetic,flipkart:SKIE6PXK8JGJSVYZ
Amazon,469.0,40.0,5.0,514.0,True,https://www.amazon.in/s?k=Urbaano+Women%27s+Full+Coverage+Bra,2026-10-07,synthetic,flipkart:BRAEYMFDYDYVJASW
Flipkart,479.0,40.0,3.0,522.0,True,https://www.flipkart.com/search?q=Urbaano+Women%27s+Full+Coverage+Bra,2026-10-07,synthetic_history,flipkart:BRAEYMFDYDYVJASW
Ajio,439.0,99.0,0.0,538.0,True,https://www.ajio.com/search/?text=Urbaano+Women%27s+Full+Coverage+Bra,2026-10-07,synthetic,flipkart:BRAEYMFDYDYVJASW
Myntra,539.0,99.0,0.0,638.0,True,https://www.google.com/search?q=site%3Amyntra.com+Urbaano+Women%27s+Full+Coverage+Bra,2026-10-07,synthetic,flipkart:BRAEYMFDYDYVJASW
Meesho,449.0,0.0,0.0,449.0,False,https://www.meesho.com/search?q=Urbaano+Women%27s+Full+Coverage+Bra,2026-10-07,synthetic,flipkart:BRAEYMFDYDYVJASW
Tata CLiQ,489.0,99.0,0.0,588.0,False,https://www.tatacliq.com/search/?searchCategory=all&text=Urbaano+Women%27s+Full+Coverage+Bra,2026-10-07,synthetic,flipkart:BRAEYMFDYDYVJASW
Amazon,1899.0,0.0,5.0,1904.0,True,https://www.amazon.in/s?k=Lapguard+HP+Pavilion+dv5-1005ef+6+Cell+Laptop+Battery,2026-10-07,synthetic,flipkart:ACCDQDYBXJ9HZF37
Flipkart,2039.0,0.0,3.0,2042.0,True,https://www.flipkart.com/search?q=Lapguard+HP+Pavilion+dv5-1005ef+6+Cell+Laptop+Battery,2026-10-07,synthetic_history,flipkart:ACCDQDYBXJ9HZF37
Croma,2119.0,0.0,0.0,2119.0,True,https://www.google.com/search?q=site%3Acroma.com+Lapguard+HP+Pavilion+dv5-1005ef+6+Cell+Laptop+Battery,2026-10-07,synthetic,flipkart:ACCDQDYBXJ9HZF37
Tata CLiQ,2029.0,0.0,0.0,2029.0,False,https://www.tatacliq.com/search/?searchCategory=all&text=Lapguard+HP+Pavilion+dv5-1005ef+6+Cell+Laptop+Battery,2026-10-07,synthetic,flipkart:ACCDQDYBXJ9HZF37
Reliance Digital,2079.0,0.0,0.0,2079.0,False,https://www.reliancedigital.in/search?q=Lapguard+HP+Pavilion+dv5-1005ef+6+Cell+Laptop+Battery,2026-10-07,synthetic,flipkart:ACCDQDYBXJ9HZF37
Flipkart,3489.0,0.0,3.0,3492.0,True,https://www.flipkart.com/search?q=Digisol+300+Mbps+Wireless+ADSL2+Broadband+Router,2026-10-07,synthetic_history,flipkart:RTRD8FPJEQRZ6BEM
Reliance Digital,3579.0,0.0,0.0,3579.0,True,https://www.reliancedigital.in/search?q=Digisol+300+Mbps+Wireless+ADSL2+Broadband+Router,2026-10-07,synthetic,flipkart:RTRD8FPJEQRZ6BEM
Croma,3639.0,0.0,0.0,3639.0,True,https://www.google.com/search?q=site%3Acroma.com+Digisol+300+Mbps+Wireless+ADSL2+Broadband+Router,2026-10-07,synthetic,flipkart:RTRD8FPJEQRZ6BEM
Amazon,3699.0,0.0,5.0,3704.0,True,https://www.amazon.in/s?k=Digisol+300+Mbps+Wireless+ADSL2+Broadband+Router,2026-10-07,synthetic,flipkart:RTRD8FPJEQRZ6BEM
Tata CLiQ,3439.0,0.0,0.0,3439.0,False,https://www.tatacliq.com/search/?searchCategory=all&text=Digisol+300+Mbps+Wireless+ADSL2+Broadband+Router,2026-10-07,synthetic,flipkart:RTRD8FPJEQRZ6BEM
Reliance Digital,3359.0,0.0,0.0,3359.0,True,https://www.reliancedigital.in/search?q=D-Link+DIR-810L,2026-10-07,synthetic,flipkart:RTRDQGV3ZTKAZTPD
Flipkart,3409.0,0.0,3.0,3412.0,True,https://www.flipkart.com/search?q=D-Link+DIR-810L,2026-10-07,synthetic_history,flipkart:RTRDQGV3ZTKAZTPD
Amazon,3429.0,0.0,5.0,3434.0,True,https://www.amazon.in/s?k=D-Link+DIR-810L,2026-10-07,synthetic,flipkart:RTRDQGV3ZTKAZTPD
Tata CLiQ,3479.0,0.0,0.0,3479.0,False,https://www.tatacliq.com/search/?searchCategory=all&text=D-Link+DIR-810L,2026-10-07,synthetic,flipkart:RTRDQGV3ZTKAZTPD
Croma,3589.0,0.0,0.0,3589.0,False,https://www.google.com/search?q=site%3Acroma.com+D-Link+DIR-810L,2026-10-07,synthetic,flipkart:RTRDQGV3ZTKAZTPD
Reliance Digital,349.0,0.0,0.0,349.0,True,https://www.reliancedigital.in/search?q=Orcel+Good+Quality+Portable+Flexible+USB+USB+Fan,2026-10-07,synthetic,flipkart:USGEEF3QTHWQ73HZ
Flipkart,349.0,40.0,3.0,392.0,True,https://www.flipkart.com/search?q=Orcel+Good+Quality+Portable+Flexible+USB+USB+Fan,2026-10-07,synthetic_history,flipkart:USGEEF3QTHWQ73HZ
Amazon,359.0,40.0,5.0,404.0,True,https://www.amazon.in/s?k=Orcel+Good+Quality+Portable+Flexible+USB+USB+Fan,2026-10-07,synthetic,flipkart:USGEEF3QTHWQ73HZ
Tata CLiQ,339.0,99.0,0.0,438.0,True,https://www.tatacliq.com/search/?searchCategory=all&text=Orcel+Good+Quality+Portable+Flexible+USB+USB+Fan,2026-10-07,synthetic,flipkart:USGEEF3QTHWQ73HZ
Croma,339.0,0.0,0.0,339.0,False,https://www.google.com/search?q=site%3Acroma.com+Orcel+Good+Quality+Portable+Flexible+USB+USB+Fan,2026-10-07,synthetic,flipkart:USGEEF3QTHWQ73HZ
Amazon,1639.0,0.0,5.0,1644.0,True,https://www.amazon.in/s?k=Rega+IT+Hp+Pavilion+DV7-6140EO+DV7-6140EW+%2865%29+65+Adapter,2026-10-07,synthetic,flipkart:ACCDWRBGW9XNZDGP
Flipkart,1699.0,0.0,3.0,1702.0,True,https://www.flipkart.com/search?q=Rega+IT+Hp+Pavilion+DV7-6140EO+DV7-6140EW+%2865%29+65+Adapter,2026-10-07,synthetic_history,flipkart:ACCDWRBGW9XNZDGP
Reliance Digital,1739.0,0.0,0.0,1739.0,True,https://www.reliancedigital.in/search?q=Rega+IT+Hp+Pavilion+DV7-6140EO+DV7-6140EW+%2865%29+65+Adapter,2026-10-07,synthetic,flipkart:ACCDWRBGW9XNZDGP
Tata CLiQ,1759.0,0.0,0.0,1759.0,True,https://www.tatacliq.com/search/?searchCategory=all&text=Rega+IT+Hp+Pavilion+DV7-6140EO+DV7-6140EW+%2865%29+65+Adapter,2026-10-07,synthetic,flipkart:ACCDWRBGW9XNZDGP
Croma,1699.0,0.0,0.0,1699.0,False,https://www.google.com/search?q=site%3Acroma.com+Rega+IT+Hp+Pavilion+DV7-6140EO+DV7-6140EW+%2865%29+65+Adapter,2026-10-07,synthetic,flipkart:ACCDWRBGW9XNZDGP
Flipkart,619.0,0.0,3.0,622.0,True,https://www.flipkart.com/search?q=PRINT+SHAPES+Peacock+Feather+Laptop+Skin+with+Mouse+pad+Combo+Set,2026-10-07,synthetic_history,flipkart:LACEGF4N8UFADEGZ
Croma,629.0,0.0,0.0,629.0,True,https://www.google.com/search?q=site%3Acroma.com+PRINT+SHAPES+Peacock+Feather+Laptop+Skin+with+Mouse+pad+Combo+Set,2026-10-07,synthetic,flipkart:LACEGF4N8UFADEGZ
Reliance Digital,639.0,0.0,0.0,639.0,True,https://www.reliancedigital.in/search?q=PRINT+SHAPES+Peacock+Feather+Laptop+Skin+with+Mouse+pad+Combo+Set,2026-10-07,synthetic,flipkart:LACEGF4N8UFADEGZ
Amazon,639.0,0.0,5.0,644.0,True,https://www.amazon.in/s?k=PRINT+SHAPES+Peacock+Feather+Laptop+Skin+with+Mouse+pad+Combo+Set,2026-10-07,synthetic,flipkart:LACEGF4N8UFADEGZ
Tata CLiQ,619.0,99.0,0.0,718.0,False,https://www.tatacliq.com/search/?searchCategory=all&text=PRINT+SHAPES+Peacock+Feather+Laptop+Skin+with+Mouse+pad+Combo+Set,2026-10-07,synthetic,flipkart:LACEGF4N8UFADEGZ
Reliance Digital,339.0,0.0,0.0,339.0,True,https://www.reliancedigital.in/search?q=FRENEMY+MPAD271+Mousepad,2026-10-07,synthetic,flipkart:ACCEGCASDTW8AW4G
Croma,349.0,0.0,0.0,349.0,True,https://www.google.com/search?q=site%3Acroma.com+FRENEMY+MPAD271+Mousepad,2026-10-07,synthetic,flipkart:ACCEGCASDTW8AW4G
Flipkart,329.0,40.0,3.0,372.0,True,https://www.flipkart.com/search?q=FRENEMY+MPAD271+Mousepad,2026-10-07,synthetic_history,flipkart:ACCEGCASDTW8AW4G
Amazon,329.0,40.0,5.0,374.0,True,https://www.amazon.in/s?k=FRENEMY+MPAD271+Mousepad,2026-10-07,synthetic,flipkart:ACCEGCASDTW8AW4G
Tata CLiQ,349.0,99.0,0.0,448.0,False,https://www.tatacliq.com/search/?searchCategory=all&text=FRENEMY+MPAD271+Mousepad,2026-10-07,synthetic,flipkart:ACCEGCASDTW8AW4G
Flipkart,699.0,0.0,3.0,702.0,True,https://www.flipkart.com/search?q=KoldFire+Flexible+Portable+Lamp+Bendable+USB+Led+Light,2026-10-07,synthetic_history,flipkart:USGEAYRTXWS4QGKB
Croma,729.0,0.0,0.0,729.0,True,https://www.google.com/search?q=site%3Acroma.com+KoldFire+Flexible+Portable+Lamp+Bendable+USB+Led+Light,2026-10-07,synthetic,flipkart:USGEAYRTXWS4QGKB
Amazon,769.0,0.0,5.0,774.0,True,https://www.amazon.in/s?k=KoldFire+Flexible+Portable+Lamp+Bendable+USB+Led+Light,2026-10-07,synthetic,flipkart:USGEAYRTXWS4QGKB
Reliance Digital,729.0,0.0,0.0,729.0,False,https://www.reliancedigital.in/search?q=KoldFire+Flexible+Portable+Lamp+Bendable+USB+Led+Light,2026-10-07,synthetic,flipkart:USGEAYRTXWS4QGKB
Tata CLiQ,739.0,99.0,0.0,838.0,False,https://www.tatacliq.com/search/?searchCategory=all&text=KoldFire+Flexible+Portable+Lamp+Bendable+USB+Led+Light,2026-10-07,synthetic,flipkart:USGEAYRTXWS4QGKB
Flipkart,14349.0,0.0,3.0,14352.0,True,https://www.flipkart.com/search?q=Belkin+Play+Max+Router,2026-10-07,synthetic_history,flipkart:RTRDFFYGSSX2BYWU
Croma,14409.0,0.0,0.0,14409.0,True,https://www.google.com/search?q=site%3Acroma.com+Belkin+Play+Max+Router,2026-10-07,synthetic,flipkart:RTRDFFYGSSX2BYWU
Reliance Digital,14579.0,0.0,0.0,14579.0,True,https://www.reliancedigital.in/search?q=Belkin+Play+Max+Router,2026-10-07,synthetic,flipkart:RTRDFFYGSSX2BYWU
Amazon,15259.0,0.0,5.0,15264.0,True,https://www.amazon.in/s?k=Belkin+Play+Max+Router,2026-10-07,synthetic,flipkart:RTRDFFYGSSX2BYWU
Tata CLiQ,16189.0,0.0,0.0,16189.0,True,https://www.tatacliq.com/search/?searchCategory=all&text=Belkin+Play+Max+Router,2026-10-07,synthetic,flipkart:RTRDFFYGSSX2BYWU
Reliance Digital,2539.0,0.0,0.0,2539.0,True,https://www.reliancedigital.in/search?q=ARB+HP+Compaq+Presario+CQ45+Replacement+6+Cell+Laptop+Battery,2026-10-07,synthetic,flipkart:ACCDX9Y48Z8Y5XNG
Flipkart,2549.0,0.0,3.0,2552.0,True,https://www.flipkart.com/search?q=ARB+HP+Compaq+Presario+CQ45+Replacement+6+Cell+Laptop+Battery,2026-10-07,synthetic_history,flipkart:ACCDX9Y48Z8Y5XNG
Amazon,2569.0,0.0,5.0,2574.0,True,https://www.amazon.in/s?k=ARB+HP+Compaq+Presario+CQ45+Replacement+6+Cell+Laptop+Battery,2026-10-07,synthetic,flipkart:ACCDX9Y48Z8Y5XNG
Tata CLiQ,2669.0,0.0,0.0,2669.0,True,https://www.tatacliq.com/search/?searchCategory=all&text=ARB+HP+Compaq+Presario+CQ45+Replacement+6+Cell+Laptop+Battery,2026-10-07,synthetic,flipkart:ACCDX9Y48Z8Y5XNG
Croma,2709.0,0.0,0.0,2709.0,False,https://www.google.com/search?q=site%3Acroma.com+ARB+HP+Compaq+Presario+CQ45+Replacement+6+Cell+Laptop+Battery,2026-10-07,synthetic,flipkart:ACCDX9Y48Z8Y5XNG
Amazon,2089.0,0.0,5.0,2094.0,True,https://www.amazon.in/s?k=Tenda+F300,2026-10-07,synthetic,flipkart:RTRE6Y4UUCDRGMN2
Flipkart,2209.0,0.0,3.0,2212.0,True,https://www.flipkart.com/search?q=Tenda+F300,2026-10-07,synthetic_history,flipkart:RTRE6Y4UUCDRGMN2
Croma,2239.0,0.0,0.0,2239.0,True,https://www.google.com/search?q=site%3Acroma.com+Tenda+F300,2026-10-07,synthetic,flipkart:RTRE6Y4UUCDRGMN2
Tata CLiQ,2259.0,0.0,0.0,2259.0,True,https://www.tatacliq.com/search/?searchCategory=all&text=Tenda+F300,2026-10-07,synthetic,flipkart:RTRE6Y4UUCDRGMN2
Reliance Digital,2359.0,0.0,0.0,2359.0,False,https://www.reliancedigital.in/search?q=Tenda+F300,2026-10-07,synthetic,flipkart:RTRE6Y4UUCDRGMN2
Tata CLiQ,1629.0,0.0,0.0,1629.0,True,https://www.tatacliq.com/search/?searchCategory=all&text=Dizionario+Mini+Perfume+Fan+Cooling+Fancoolerbl+USB+USB+Fan,2026-10-07,synthetic,flipkart:USGEBYYPVTTJA9JR
Flipkart,1689.0,0.0,3.0,1692.0,True,https://www.flipkart.com/search?q=Dizionario+Mini+Perfume+Fan+Cooling+Fancoolerbl+USB+USB+Fan,2026-10-07,synthetic_history,flipkart:USGEBYYPVTTJA9JR
Amazon,1689.0,0.0,5.0,1694.0,True,https://www.amazon.in/s?k=Dizionario+Mini+Perfume+Fan+Cooling+Fancoolerbl+USB+USB+Fan,2026-10-07,synthetic,flipkart:USGEBYYPVTTJA9JR
Croma,1699.0,0.0,0.0,1699.0,True,https://www.google.com/search?q=site%3Acroma.com+Dizionario+Mini+Perfume+Fan+Cooling+Fancoolerbl+USB+USB+Fan,2026-10-07,synthetic,flipkart:USGEBYYPVTTJA9JR
Reliance Digital,1749.0,0.0,0.0,1749.0,True,https://www.reliancedigital.in/search?q=Dizionario+Mini+Perfume+Fan+Cooling+Fancoolerbl+USB+USB+Fan,2026-10-07,synthetic,flipkart:USGEBYYPVTTJA9JR
Reliance Digital,969.0,0.0,0.0,969.0,True,https://www.reliancedigital.in/search?q=Iconnect+World+Premium+Quality+7.1+Channel+External+Audio+Adapter+With+Mic+USB+S,2026-10-07,synthetic,flipkart:USGEDZUWKVQNZUZN
Flipkart,969.0,0.0,3.0,972.0,True,https://www.flipkart.com/search?q=Iconnect+World+Premium+Quality+7.1+Channel+External+Audio+Adapter+With+Mic+USB+S,2026-10-07,synthetic_history,flipkart:USGEDZUWKVQNZUZN
Croma,989.0,0.0,0.0,989.0,True,https://www.google.com/search?q=site%3Acroma.com+Iconnect+World+Premium+Quality+7.1+Channel+External+Audio+Adapter+With+Mic+USB+S,2026-10-07,synthetic,flipkart:USGEDZUWKVQNZUZN
Amazon,1039.0,0.0,5.0,1044.0,True,https://www.amazon.in/s?k=Iconnect+World+Premium+Quality+7.1+Channel+External+Audio+Adapter+With+Mic+USB+S,2026-10-07,synthetic,flipkart:USGEDZUWKVQNZUZN
Tata CLiQ,979.0,99.0,0.0,1078.0,True,https://www.tatacliq.com/search/?searchCategory=all&text=Iconnect+World+Premium+Quality+7.1+Channel+External+Audio+Adapter+With+Mic+USB+S,2026-10-07,synthetic,flipkart:USGEDZUWKVQNZUZN
Flipkart,2039.0,0.0,3.0,2042.0,True,https://www.flipkart.com/search?q=Huawei+HG532D%3A+ADSL2%2B+300+Mbps+Modem+With+Router,2026-10-07,synthetic_history,flipkart:RTRE978WCZ6B8GPW
Croma,2109.0,0.0,0.0,2109.0,True,https://www.google.com/search?q=site%3Acroma.com+Huawei+HG532D%3A+ADSL2%2B+300+Mbps+Modem+With+Router,2026-10-07,synthetic,flipkart:RTRE978WCZ6B8GPW
Amazon,2119.0,0.0,5.0,2124.0,True,https://www.amazon.in/s?k=Huawei+HG532D%3A+ADSL2%2B+300+Mbps+Modem+With+Router,2026-10-07,synthetic,flipkart:RTRE978WCZ6B8GPW
Reliance Digital,2029.0,0.0,0.0,2029.0,False,https://www.reliancedigital.in/search?q=Huawei+HG532D%3A+ADSL2%2B+300+Mbps+Modem+With+Router,2026-10-07,synthetic,flipkart:RTRE978WCZ6B8GPW
Tata CLiQ,2199.0,0.0,0.0,2199.0,False,https://www.tatacliq.com/search/?searchCategory=all&text=Huawei+HG532D%3A+ADSL2%2B+300+Mbps+Modem+With+Router,2026-10-07,synthetic,flipkart:RTRE978WCZ6B8GPW
Croma,279.0,0.0,0.0,279.0,True,https://www.google.com/search?q=site%3Acroma.com+Techone%2B+Flexible+SE122101-VIOLET+USB+Led+Light,2026-10-07,synthetic,flipkart:USGEDDUFBKG4QYCW
Flipkart,259.0,40.0,3.0,302.0,True,https://www.flipkart.com/search?q=Techone%2B+Flexible+SE122101-VIOLET+USB+Led+Light,2026-10-07,synthetic_history,flipkart:USGEDDUFBKG4QYCW
Amazon,279.0,40.0,5.0,324.0,True,https://www.amazon.in/s?k=Techone%2B+Flexible+SE122101-VIOLET+USB+Led+Light,2026-10-07,synthetic,flipkart:USGEDDUFBKG4QYCW
Tata CLiQ,299.0,99.0,0.0,398.0,True,https://www.tatacliq.com/search/?searchCategory=all&text=Techone%2B+Flexible+SE122101-VIOLET+USB+Led+Light,2026-10-07,synthetic,flipkart:USGEDDUFBKG4QYCW
Reliance Digital,269.0,0.0,0.0,269.0,False,https://www.reliancedigital.in/search?q=Techone%2B+Flexible+SE122101-VIOLET+USB+Led+Light,2026-10-07,synthetic,flipkart:USGEDDUFBKG4QYCW
Reliance Digital,269.0,0.0,0.0,269.0,True,https://www.reliancedigital.in/search?q=Memore+Portable+MMULL-Pink+USB+Led+Light,2026-10-07,synthetic,flipkart:USGEE3GCYYWX5ECP
Flipkart,259.0,40.0,3.0,302.0,True,https://www.flipkart.com/search?q=Memore+Portable+MMULL-Pink+USB+Led+Light,2026-10-07,synthetic_history,flipkart:USGEE3GCYYWX5ECP
Croma,279.0,0.0,0.0,279.0,False,https://www.google.com/search?q=site%3Acroma.com+Memore+Portable+MMULL-Pink+USB+Led+Light,2026-10-07,synthetic,flipkart:USGEE3GCYYWX5ECP
Amazon,259.0,40.0,5.0,304.0,False,https://www.amazon.in/s?k=Memore+Portable+MMULL-Pink+USB+Led+Light,2026-10-07,synthetic,flipkart:USGEE3GCYYWX5ECP
Tata CLiQ,279.0,99.0,0.0,378.0,False,https://www.tatacliq.com/search/?searchCategory=all&text=Memore+Portable+MMULL-Pink+USB+Led+Light,2026-10-07,synthetic,flipkart:USGEE3GCYYWX5ECP
Flipkart,32999.0,0.0,3.0,33002.0,True,https://www.flipkart.com/search?q=Asus+Wireless+AC2400+Dual-band+Gigabit+Router,2026-10-07,synthetic_history,flipkart:RTREYTY2TMVNXZG4
Croma,33899.0,0.0,0.0,33899.0,True,https://www.google.com/search?q=site%3Acroma.com+Asus+Wireless+AC2400+Dual-band+Gigabit+Router,2026-10-07,synthetic,flipkart:RTREYTY2TMVNXZG4
Tata CLiQ,32169.0,0.0,0.0,32169.0,False,https://www.tatacliq.com/search/?searchCategory=all&text=Asus+Wireless+AC2400+Dual-band+Gigabit+Router,2026-10-07,synthetic,flipkart:RTREYTY2TMVNXZG4
Amazon,33019.0,0.0,5.0,33024.0,False,https://www.amazon.in/s?k=Asus+Wireless+AC2400+Dual-band+Gigabit+Router,2026-10-07,synthetic,flipkart:RTREYTY2TMVNXZG4
Reliance Digital,33849.0,0.0,0.0,33849.0,False,https://www.reliancedigital.in/search?q=Asus+Wireless+AC2400+Dual-band+Gigabit+Router,2026-10-07,synthetic,flipkart:RTREYTY2TMVNXZG4
Reliance Digital,259.0,0.0,0.0,259.0,True,https://www.reliancedigital.in/search?q=Storite+Mini+Flexible+For+PC%2C+Laptop%2C+Power+Bank%2C+Ebook+Reading+UL+04+USB+Led+Li,2026-10-07,synthetic,flipkart:USGE9ZHVSVH9FVHP
Croma,279.0,0.0,0.0,279.0,True,https://www.google.com/search?q=site%3Acroma.com+Storite+Mini+Flexible+For+PC%2C+Laptop%2C+Power+Bank%2C+Ebook+Reading+UL+04+USB+Led+Li,2026-10-07,synthetic,flipkart:USGE9ZHVSVH9FVHP
Flipkart,249.0,40.0,3.0,292.0,True,https://www.flipkart.com/search?q=Storite+Mini+Flexible+For+PC%2C+Laptop%2C+Power+Bank%2C+Ebook+Reading+UL+04+USB+Led+Li,2026-10-07,synthetic_history,flipkart:USGE9ZHVSVH9FVHP
Amazon,249.0,40.0,5.0,294.0,True,https://www.amazon.in/s?k=Storite+Mini+Flexible+For+PC%2C+Laptop%2C+Power+Bank%2C+Ebook+Reading+UL+04+USB+Led+Li,2026-10-07,synthetic,flipkart:USGE9ZHVSVH9FVHP
Tata CLiQ,259.0,99.0,0.0,358.0,False,https://www.tatacliq.com/search/?searchCategory=all&text=Storite+Mini+Flexible+For+PC%2C+Laptop%2C+Power+Bank%2C+Ebook+Reading+UL+04+USB+Led+Li,2026-10-07,synthetic,flipkart:USGE9ZHVSVH9FVHP
Amazon,1399.0,0.0,5.0,1404.0,True,https://www.amazon.in/s?k=Techone%2B+Portable+SE122104-ORANGE+USB+Led+Light,2026-10-07,synthetic,flipkart:USGEDDUFDCYFSGG6
Flipkart,1409.0,0.0,3.0,1412.0,True,https://www.flipkart.com/search?q=Techone%2B+Portable+SE122104-ORANGE+USB+Led+Light,2026-10-07,synthetic_history,flipkart:USGEDDUFDCYFSGG6
Tata CLiQ,1419.0,0.0,0.0,1419.0,True,https://www.tatacliq.com/search/?searchCategory=all&text=Techone%2B+Portable+SE122104-ORANGE+USB+Led+Light,2026-10-07,synthetic,flipkart:USGEDDUFDCYFSGG6
Croma,1489.0,0.0,0.0,1489.0,True,https://www.google.com/search?q=site%3Acroma.com+Techone%2B+Portable+SE122104-ORANGE+USB+Led+Light,2026-10-07,synthetic,flipkart:USGEDDUFDCYFSGG6
Reliance Digital,1499.0,0.0,0.0,1499.0,True,https://www.reliancedigital.in/search?q=Techone%2B+Portable+SE122104-ORANGE+USB+Led+Light,2026-10-07,synthetic,flipkart:USGEDDUFDCYFSGG6
Flipkart,709.0,0.0,3.0,712.0,True,https://www.flipkart.com/search?q=PRINT+SHAPES+Graphic+Dancer+Laptop+Skin+with+Mouse+pad+Combo+Set,2026-10-07,synthetic_history,flipkart:LACEGF4N3CAXZDKH
Amazon,739.0,0.0,5.0,744.0,True,https://www.amazon.in/s?k=PRINT+SHAPES+Graphic+Dancer+Laptop+Skin+with+Mouse+pad+Combo+Set,2026-10-07,synthetic,flipkart:LACEGF4N3CAXZDKH
Reliance Digital,759.0,0.0,0.0,759.0,True,https://www.reliancedigital.in/search?q=PRINT+SHAPES+Graphic+Dancer+Laptop+Skin+with+Mouse+pad+Combo+Set,2026-10-07,synthetic,flipkart:LACEGF4N3CAXZDKH
Tata CLiQ,709.0,99.0,0.0,808.0,True,https://www.tatacliq.com/search/?searchCategory=all&text=PRINT+SHAPES+Graphic+Dancer+Laptop+Skin+with+Mouse+pad+Combo+Set,2026-10-07,synthetic,flipkart:LACEGF4N3CAXZDKH
Croma,729.0,0.0,0.0,729.0,False,https://www.google.com/search?q=site%3Acroma.com+PRINT+SHAPES+Graphic+Dancer+Laptop+Skin+with+Mouse+pad+Combo+Set,2026-10-07,synthetic,flipkart:LACEGF4N3CAXZDKH
Amazon,1459.0,0.0,5.0,1464.0,True,https://www.amazon.in/s?k=Task+Logistics+Audio+Receiver+H-366+USB+Bluetooth,2026-10-07,synthetic,flipkart:USGEE5NQT9HEQQBE
Flipkart,1519.0,0.0,3.0,1522.0,True,https://www.flipkart.com/search?q=Task+Logistics+Audio+Receiver+H-366+USB+Bluetooth,2026-10-07,synthetic_history,flipkart:USGEE5NQT9HEQQBE
Croma,1499.0,0.0,0.0,1499.0,False,https://www.google.com/search?q=site%3Acroma.com+Task+Logistics+Audio+Receiver+H-366+USB+Bluetooth,2026-10-07,synthetic,flipkart:USGEE5NQT9HEQQBE
Tata CLiQ,1539.0,0.0,0.0,1539.0,False,https://www.tatacliq.com/search/?searchCategory=all&text=Task+Logistics+Audio+Receiver+H-366+USB+Bluetooth,2026-10-07,synthetic,flipkart:USGEE5NQT9HEQQBE
Reliance Digital,1549.0,0.0,0.0,1549.0,False,https://www.reliancedigital.in/search?q=Task+Logistics+Audio+Receiver+H-366+USB+Bluetooth,2026-10-07,synthetic,flipkart:USGEE5NQT9HEQQBE
Croma,369.0,0.0,0.0,369.0,True,https://www.google.com/search?q=site%3Acroma.com+Akshaj+Lightweight+Flexible+Portable+Adjustable+With+50000+Hours+Life+For+Keyboa,2026-10-07,synthetic,flipkart:USGEE7ACNU4ZGY5E
Flipkart,349.0,40.0,3.0,392.0,True,https://www.flipkart.com/search?q=Akshaj+Lightweight+Flexible+Portable+Adjustable+With+50000+Hours+Life+For+Keyboa,2026-10-07,synthetic_history,flipkart:USGEE7ACNU4ZGY5E
Amazon,349.0,40.0,5.0,394.0,True,https://www.amazon.in/s?k=Akshaj+Lightweight+Flexible+Portable+Adjustable+With+50000+Hours+Life+For+Keyboa,2026-10-07,synthetic,flipkart:USGEE7ACNU4ZGY5E
Tata CLiQ,369.0,99.0,0.0,468.0,True,https://www.tatacliq.com/search/?searchCategory=all&text=Akshaj+Lightweight+Flexible+Portable+Adjustable+With+50000+Hours+Life+For+Keyboa,2026-10-07,synthetic,flipkart:USGEE7ACNU4ZGY5E
Reliance Digital,369.0,0.0,0.0,369.0,False,https://www.reliancedigital.in/search?q=Akshaj+Lightweight+Flexible+Portable+Adjustable+With+50000+Hours+Life+For+Keyboa,2026-10-07,synthetic,flipkart:USGEE7ACNU4ZGY5E
Croma,1009.0,0.0,0.0,1009.0,True,https://www.google.com/search?q=site%3Acroma.com+Smartpro+10.5v%2C2.9a+for+Tablet+Charger+75+Adapter,2026-10-07,synthetic,flipkart:ACCEGZ6BBHDP23K8
Amazon,1009.0,0.0,5.0,1014.0,True,https://www.amazon.in/s?k=Smartpro+10.5v%2C2.9a+for+Tablet+Charger+75+Adapter,2026-10-07,synthetic,flipkart:ACCEGZ6BBHDP23K8
Flipkart,1019.0,0.0,3.0,1022.0,True,https://www.flipkart.com/search?q=Smartpro+10.5v%2C2.9a+for+Tablet+Charger+75+Adapter,2026-10-07,synthetic_history,flipkart:ACCEGZ6BBHDP23K8
Reliance Digital,1039.0,0.0,0.0,1039.0,True,https://www.reliancedigital.in/search?q=Smartpro+10.5v%2C2.9a+for+Tablet+Charger+75+Adapter,2026-10-07,synthetic,flipkart:ACCEGZ6BBHDP23K8
Tata CLiQ,969.0,99.0,0.0,1068.0,True,https://www.tatacliq.com/search/?searchCategory=all&text=Smartpro+10.5v%2C2.9a+for+Tablet+Charger+75+Adapter,2026-10-07,synthetic,flipkart:ACCEGZ6BBHDP23K8
Flipkart,3729.0,0.0,3.0,3732.0,True,https://www.flipkart.com/search?q=Neon+3.0+4+Port+Super+Speed+Adapter+Card+Reaader+%2B+46+USB+USB+Hub,2026-10-07,synthetic_history,flipkart:USGEDRESZAGFHZUF
Amazon,3849.0,0.0,5.0,3854.0,True,https://www.amazon.in/s?k=Neon+3.0+4+Port+Super+Speed+Adapter+Card+Reaader+%2B+46+USB+USB+Hub,2026-10-07,synthetic,flipkart:USGEDRESZAGFHZUF
Croma,3899.0,0.0,0.0,3899.0,True,https://www.google.com/search?q=site%3Acroma.com+Neon+3.0+4+Port+Super+Speed+Adapter+Card+Reaader+%2B+46+USB+USB+Hub,2026-10-07,synthetic,flipkart:USGEDRESZAGFHZUF
Reliance Digital,3899.0,0.0,0.0,3899.0,True,https://www.reliancedigital.in/search?q=Neon+3.0+4+Port+Super+Speed+Adapter+Card+Reaader+%2B+46+USB+USB+Hub,2026-10-07,synthetic,flipkart:USGEDRESZAGFHZUF
Tata CLiQ,4209.0,0.0,0.0,4209.0,False,https://www.tatacliq.com/search/?searchCategory=all&text=Neon+3.0+4+Port+Super+Speed+Adapter+Card+Reaader+%2B+46+USB+USB+Hub,2026-10-07,synthetic,flipkart:USGEDRESZAGFHZUF
Croma,139.0,0.0,0.0,139.0,True,https://www.google.com/search?q=site%3Acroma.com+De+TechInn+Combo+Set+of+2+Flexible+USB+LED+Light+Lamp+For+Computer+Reading+Noteb,2026-10-07,synthetic,flipkart:USGEDPZZN22CNEUT
Flipkart,129.0,40.0,3.0,172.0,True,https://www.flipkart.com/search?q=De+TechInn+Combo+Set+of+2+Flexible+USB+LED+Light+Lamp+For+Computer+Reading+Noteb,2026-10-07,synthetic_history,flipkart:USGEDPZZN22CNEUT
Amazon,129.0,40.0,5.0,174.0,True,https://www.amazon.in/s?k=De+TechInn+Combo+Set+of+2+Flexible+USB+LED+Light+Lamp+For+Computer+Reading+Noteb,2026-10-07,synthetic,flipkart:USGEDPZZN22CNEUT
Reliance Digital,139.0,0.0,0.0,139.0,False,https://www.reliancedigital.in/search?q=De+TechInn+Combo+Set+of+2+Flexible+USB+LED+Light+Lamp+For+Computer+Reading+Noteb,2026-10-07,synthetic,flipkart:USGEDPZZN22CNEUT
Tata CLiQ,149.0,99.0,0.0,248.0,False,https://www.tatacliq.com/search/?searchCategory=all&text=De+TechInn+Combo+Set+of+2+Flexible+USB+LED+Light+Lamp+For+Computer+Reading+Noteb,2026-10-07,synthetic,flipkart:USGEDPZZN22CNEUT
Croma,259.0,0.0,0.0,259.0,True,https://www.google.com/search?q=site%3Acroma.com+RRP+Flexible+Dg-101+USB+Led+Light,2026-10-07,synthetic,flipkart:USGEDSGQDG8VUQWT
Flipkart,249.0,40.0,3.0,292.0,True,https://www.flipkart.com/search?q=RRP+Flexible+Dg-101+USB+Led+Light,2026-10-07,synthetic_history,flipkart:USGEDSGQDG8VUQWT
Tata CLiQ,249.0,99.0,0.0,348.0,True,https://www.tatacliq.com/search/?searchCategory=all&text=RRP+Flexible+Dg-101+USB+Led+Light,2026-10-07,synthetic,flipkart:USGEDSGQDG8VUQWT
Reliance Digital,269.0,0.0,0.0,269.0,False,https://www.reliancedigital.in/search?q=RRP+Flexible+Dg-101+USB+Led+Light,2026-10-07,synthetic,flipkart:USGEDSGQDG8VUQWT
Amazon,239.0,40.0,5.0,284.0,False,https://www.amazon.in/s?k=RRP+Flexible+Dg-101+USB+Led+Light,2026-10-07,synthetic,flipkart:USGEDSGQDG8VUQWT
Flipkart,1139.0,0.0,3.0,1142.0,True,https://www.flipkart.com/search?q=Smartpro+19.5v%2C3.9a+Replacement+Charger+for+Vaio+Series+VGN-FZ190N5+75+Adapter,2026-10-07,synthetic_history,flipkart:ACCEGZ66HGA5WZTY
Tata CLiQ,1179.0,0.0,0.0,1179.0,True,https://www.tatacliq.com/search/?searchCategory=all&text=Smartpro+19.5v%2C3.9a+Replacement+Charger+for+Vaio+Series+VGN-FZ190N5+75+Adapter,2026-10-07,synthetic,flipkart:ACCEGZ66HGA5WZTY
Amazon,1189.0,0.0,5.0,1194.0,True,https://www.amazon.in/s?k=Smartpro+19.5v%2C3.9a+Replacement+Charger+for+Vaio+Series+VGN-FZ190N5+75+Adapter,2026-10-07,synthetic,flipkart:ACCEGZ66HGA5WZTY
Croma,1199.0,0.0,0.0,1199.0,True,https://www.google.com/search?q=site%3Acroma.com+Smartpro+19.5v%2C3.9a+Replacement+Charger+for+Vaio+Series+VGN-FZ190N5+75+Adapter,2026-10-07,synthetic,flipkart:ACCEGZ66HGA5WZTY
Reliance Digital,1159.0,0.0,0.0,1159.0,False,https://www.reliancedigital.in/search?q=Smartpro+19.5v%2C3.9a+Replacement+Charger+for+Vaio+Series+VGN-FZ190N5+75+Adapter,2026-10-07,synthetic,flipkart:ACCEGZ66HGA5WZTY
Tata CLiQ,2199.0,0.0,0.0,2199.0,True,https://www.tatacliq.com/search/?searchCategory=all&text=Zyxel+Amg1312-T10b+Wireless+N+Adsl2+4-Port+Gateway+with+Usb,2026-10-07,synthetic,flipkart:RTRE2V3Y6FWVHDW5
Flipkart,2219.0,0.0,3.0,2222.0,True,https://www.flipkart.com/search?q=Zyxel+Amg1312-T10b+Wireless+N+Adsl2+4-Port+Gateway+with+Usb,2026-10-07,synthetic_history,flipkart:RTRE2V3Y6FWVHDW5
Amazon,2219.0,0.0,5.0,2224.0,True,https://www.amazon.in/s?k=Zyxel+Amg1312-T10b+Wireless+N+Adsl2+4-Port+Gateway+with+Usb,2026-10-07,synthetic,flipkart:RTRE2V3Y6FWVHDW5
Croma,2359.0,0.0,0.0,2359.0,True,https://www.google.com/search?q=site%3Acroma.com+Zyxel+Amg1312-T10b+Wireless+N+Adsl2+4-Port+Gateway+with+Usb,2026-10-07,synthetic,flipkart:RTRE2V3Y6FWVHDW5
Reliance Digital,2399.0,0.0,0.0,2399.0,True,https://www.reliancedigital.in/search?q=Zyxel+Amg1312-T10b+Wireless+N+Adsl2+4-Port+Gateway+with+Usb,2026-10-07,synthetic,flipkart:RTRE2V3Y6FWVHDW5
Flipkart,4249.0,0.0,3.0,4252.0,True,https://www.flipkart.com/search?q=Rega+IT+Hp+Pavilion+DV6170EA+DV6171CL+12+Cell+12+Cell+Laptop+Battery,2026-10-07,synthetic_history,flipkart:ACCDXFPFH66QGGR2
Amazon,4379.0,0.0,5.0,4384.0,True,https://www.amazon.in/s?k=Rega+IT+Hp+Pavilion+DV6170EA+DV6171CL+12+Cell+12+Cell+Laptop+Battery,2026-10-07,synthetic,flipkart:ACCDXFPFH66QGGR2
Tata CLiQ,4679.0,0.0,0.0,4679.0,True,https://www.tatacliq.com/search/?searchCategory=all&text=Rega+IT+Hp+Pavilion+DV6170EA+DV6171CL+12+Cell+12+Cell+Laptop+Battery,2026-10-07,synthetic,flipkart:ACCDXFPFH66QGGR2
Reliance Digital,4359.0,0.0,0.0,4359.0,False,https://www.reliancedigital.in/search?q=Rega+IT+Hp+Pavilion+DV6170EA+DV6171CL+12+Cell+12+Cell+Laptop+Battery,2026-10-07,synthetic,flipkart:ACCDXFPFH66QGGR2
Croma,4399.0,0.0,0.0,4399.0,False,https://www.google.com/search?q=site%3Acroma.com+Rega+IT+Hp+Pavilion+DV6170EA+DV6171CL+12+Cell+12+Cell+Laptop+Battery,2026-10-07,synthetic,flipkart:ACCDXFPFH66QGGR2
Amazon,909.0,0.0,5.0,914.0,True,https://www.amazon.in/s?k=Smartpro+19.5v%2C3.9a+Replacement+Charger+for+Vaio+Series+VGN-FZ90HS+75+Adapter,2026-10-07,synthetic,flipkart:ACCEGZ66RFRUZXFY
Flipkart,929.0,0.0,3.0,932.0,True,https://www.flipkart.com/search?q=Smartpro+19.5v%2C3.9a+Replacement+Charger+for+Vaio+Series+VGN-FZ90HS+75+Adapter,2026-10-07,synthetic_history,flipkart:ACCEGZ66RFRUZXFY
Croma,959.0,0.0,0.0,959.0,False,https://www.google.com/search?q=site%3Acroma.com+Smartpro+19.5v%2C3.9a+Replacement+Charger+for+Vaio+Series+VGN-FZ90HS+75+Adapter,2026-10-07,synthetic,flipkart:ACCEGZ66RFRUZXFY
Tata CLiQ,999.0,0.0,0.0,999.0,False,https://www.tatacliq.com/search/?searchCategory=all&text=Smartpro+19.5v%2C3.9a+Replacement+Charger+for+Vaio+Series+VGN-FZ90HS+75+Adapter,2026-10-07,synthetic,flipkart:ACCEGZ66RFRUZXFY
Reliance Digital,1019.0,0.0,0.0,1019.0,False,https://www.reliancedigital.in/search?q=Smartpro+19.5v%2C3.9a+Replacement+Charger+for+Vaio+Series+VGN-FZ90HS+75+Adapter,2026-10-07,synthetic,flipkart:ACCEGZ66RFRUZXFY
Amazon,1309.0,0.0,5.0,1314.0,True,https://www.amazon.in/s?k=TRENDnet+N300+Wireless+Home+Router,2026-10-07,synthetic,flipkart:RTRDQZMJYG3JQ7PM
Flipkart,1329.0,0.0,3.0,1332.0,True,https://www.flipkart.com/search?q=TRENDnet+N300+Wireless+Home+Router,2026-10-07,synthetic_history,flipkart:RTRDQZMJYG3JQ7PM
Tata CLiQ,1299.0,0.0,0.0,1299.0,False,https://www.tatacliq.com/search/?searchCategory=all&text=TRENDnet+N300+Wireless+Home+Router,2026-10-07,synthetic,flipkart:RTRDQZMJYG3JQ7PM
Reliance Digital,1349.0,0.0,0.0,1349.0,False,https://www.reliancedigital.in/search?q=TRENDnet+N300+Wireless+Home+Router,2026-10-07,synthetic,flipkart:RTRDQZMJYG3JQ7PM
Croma,1369.0,0.0,0.0,1369.0,False,https://www.google.com/search?q=site%3Acroma.com+TRENDnet+N300+Wireless+Home+Router,2026-10-07,synthetic,flipkart:RTRDQZMJYG3JQ7PM
Flipkart,1089.0,0.0,3.0,1092.0,True,https://www.flipkart.com/search?q=Rega+IT+Toshiba+Satellite+L300-227+L300-229+L300-22N+75+75+Adapter,2026-10-07,synthetic_history,flipkart:ACCDX3K2FTG9TNPZ
Reliance Digital,1199.0,0.0,0.0,1199.0,True,https://www.reliancedigital.in/search?q=Rega+IT+Toshiba+Satellite+L300-227+L300-229+L300-22N+75+75+Adapter,2026-10-07,synthetic,flipkart:ACCDX3K2FTG9TNPZ
Amazon,1199.0,0.0,5.0,1204.0,True,https://www.amazon.in/s?k=Rega+IT+Toshiba+Satellite+L300-227+L300-229+L300-22N+75+75+Adapter,2026-10-07,synthetic,flipkart:ACCDX3K2FTG9TNPZ
Croma,1229.0,0.0,0.0,1229.0,True,https://www.google.com/search?q=site%3Acroma.com+Rega+IT+Toshiba+Satellite+L300-227+L300-229+L300-22N+75+75+Adapter,2026-10-07,synthetic,flipkart:ACCDX3K2FTG9TNPZ
Tata CLiQ,1049.0,0.0,0.0,1049.0,False,https://www.tatacliq.com/search/?searchCategory=all&text=Rega+IT+Toshiba+Satellite+L300-227+L300-229+L300-22N+75+75+Adapter,2026-10-07,synthetic,flipkart:ACCDX3K2FTG9TNPZ
Croma,22489.0,0.0,0.0,22489.0,True,https://www.google.com/search?q=site%3Acroma.com+TP-LINK+D9+AC1900,2026-10-07,synthetic,flipkart:RTRECEYMHGP3JXFV
Amazon,22689.0,0.0,5.0,22694.0,True,https://www.amazon.in/s?k=TP-LINK+D9+AC1900,2026-10-07,synthetic,flipkart:RTRECEYMHGP3JXFV
Flipkart,22849.0,0.0,3.0,22852.0,True,https://www.flipkart.com/search?q=TP-LINK+D9+AC1900,2026-10-07,synthetic_history,flipkart:RTRECEYMHGP3JXFV
Reliance Digital,23789.0,0.0,0.0,23789.0,True,https://www.reliancedigital.in/search?q=TP-LINK+D9+AC1900,2026-10-07,synthetic,flipkart:RTRECEYMHGP3JXFV
Tata CLiQ,24069.0,0.0,0.0,24069.0,True,https://www.tatacliq.com/search/?searchCategory=all&text=TP-LINK+D9+AC1900,2026-10-07,synthetic,flipkart:RTRECEYMHGP3JXFV
Amazon,2899.0,0.0,5.0,2904.0,True,https://www.amazon.in/s?k=Edimax+AR-7182WNA,2026-10-07,synthetic,flipkart:RTRDZBJ5FZSU4AYZ
Flipkart,2929.0,0.0,3.0,2932.0,True,https://www.flipkart.com/search?q=Edimax+AR-7182WNA,2026-10-07,synthetic_history,flipkart:RTRDZBJ5FZSU4AYZ
Croma,3099.0,0.0,0.0,3099.0,True,https://www.google.com/search?q=site%3Acroma.com+Edimax+AR-7182WNA,2026-10-07,synthetic,flipkart:RTRDZBJ5FZSU4AYZ
Reliance Digital,3119.0,0.0,0.0,3119.0,True,https://www.reliancedigital.in/search?q=Edimax+AR-7182WNA,2026-10-07,synthetic,flipkart:RTRDZBJ5FZSU4AYZ
Tata CLiQ,2829.0,0.0,0.0,2829.0,False,https://www.tatacliq.com/search/?searchCategory=all&text=Edimax+AR-7182WNA,2026-10-07,synthetic,flipkart:RTRDZBJ5FZSU4AYZ
Flipkart,939.0,0.0,3.0,942.0,True,https://www.flipkart.com/search?q=Smartpro+19.5v%2C3.9a+Replacement+Charger+for+Vaio+Series+VGN-FZ90NS+75+Adapter,2026-10-07,synthetic_history,flipkart:ACCEGZ6BRBTGQWZY
Reliance Digital,969.0,0.0,0.0,969.0,True,https://www.reliancedigital.in/search?q=Smartpro+19.5v%2C3.9a+Replacement+Charger+for+Vaio+Series+VGN-FZ90NS+75+Adapter,2026-10-07,synthetic,flipkart:ACCEGZ6BRBTGQWZY
Amazon,969.0,0.0,5.0,974.0,True,https://www.amazon.in/s?k=Smartpro+19.5v%2C3.9a+Replacement+Charger+for+Vaio+Series+VGN-FZ90NS+75+Adapter,2026-10-07,synthetic,flipkart:ACCEGZ6BRBTGQWZY
Croma,979.0,0.0,0.0,979.0,True,https://www.google.com/search?q=site%3Acroma.com+Smartpro+19.5v%2C3.9a+Replacement+Charger+for+Vaio+Series+VGN-FZ90NS+75+Adapter,2026-10-07,synthetic,flipkart:ACCEGZ6BRBTGQWZY
Tata CLiQ,979.0,99.0,0.0,1078.0,True,https://www.tatacliq.com/search/?searchCategory=all&text=Smartpro+19.5v%2C3.9a+Replacement+Charger+for+Vaio+Series+VGN-FZ90NS+75+Adapter,2026-10-07,synthetic,flipkart:ACCEGZ6BRBTGQWZY
Reliance Digital,2829.0,0.0,0.0,2829.0,True,https://www.reliancedigital.in/search?q=Lapguard+Lenovo+ThinkPad+L420+Replacement+6+Cell+Laptop+Battery,2026-10-07,synthetic,flipkart:ACCDX8ZU3GT4AGT3
Amazon,2869.0,0.0,5.0,2874.0,True,https://www.amazon.in/s?k=Lapguard+Lenovo+ThinkPad+L420+Replacement+6+Cell+Laptop+Battery,2026-10-07,synthetic,flipkart:ACCDX8ZU3GT4AGT3
Flipkart,2919.0,0.0,3.0,2922.0,True,https://www.flipkart.com/search?q=Lapguard+Lenovo+ThinkPad+L420+Replacement+6+Cell+Laptop+Battery,2026-10-07,synthetic_history,flipkart:ACCDX8ZU3GT4AGT3
Tata CLiQ,2999.0,0.0,0.0,2999.0,True,https://www.tatacliq.com/search/?searchCategory=all&text=Lapguard+Lenovo+ThinkPad+L420+Replacement+6+Cell+Laptop+Battery,2026-10-07,synthetic,flipkart:ACCDX8ZU3GT4AGT3
Croma,2819.0,0.0,0.0,2819.0,False,https://www.google.com/search?q=site%3Acroma.com+Lapguard+Lenovo+ThinkPad+L420+Replacement+6+Cell+Laptop+Battery,2026-10-07,synthetic,flipkart:ACCDX8ZU3GT4AGT3
Flipkart,12569.0,0.0,3.0,12572.0,True,https://www.flipkart.com/search?q=Asus+RT-N16+Multi-Functional+Gigabit+Wireless+N+with+storage%2C+Printer+and+media+,2026-10-07,synthetic_history,flipkart:RTRD3849TERR75YB
Amazon,13209.0,0.0,5.0,13214.0,True,https://www.amazon.in/s?k=Asus+RT-N16+Multi-Functional+Gigabit+Wireless+N+with+storage%2C+Printer+and+media+,2026-10-07,synthetic,flipkart:RTRD3849TERR75YB
Reliance Digital,13369.0,0.0,0.0,13369.0,True,https://www.reliancedigital.in/search?q=Asus+RT-N16+Multi-Functional+Gigabit+Wireless+N+with+storage%2C+Printer+and+media+,2026-10-07,synthetic,flipkart:RTRD3849TERR75YB
Tata CLiQ,13449.0,0.0,0.0,13449.0,True,https://www.tatacliq.com/search/?searchCategory=all&text=Asus+RT-N16+Multi-Functional+Gigabit+Wireless+N+with+storage%2C+Printer+and+media+,2026-10-07,synthetic,flipkart:RTRD3849TERR75YB
Croma,12989.0,0.0,0.0,12989.0,False,https://www.google.com/search?q=site%3Acroma.com+Asus+RT-N16+Multi-Functional+Gigabit+Wireless+N+with+storage%2C+Printer+and+media+,2026-10-07,synthetic,flipkart:RTRD3849TERR75YB
Tata CLiQ,4859.0,0.0,0.0,4859.0,True,https://www.tatacliq.com/search/?searchCategory=all&text=Rega+IT+Hp+Pavilion+DV6-6B06ST+DV6-6B06SV+12+Cell+12+Cell+Laptop+Battery,2026-10-07,synthetic,flipkart:ACCDXFZXH75VJZE8
Reliance Digital,4959.0,0.0,0.0,4959.0,True,https://www.reliancedigital.in/search?q=Rega+IT+Hp+Pavilion+DV6-6B06ST+DV6-6B06SV+12+Cell+12+Cell+Laptop+Battery,2026-10-07,synthetic,flipkart:ACCDXFZXH75VJZE8
Amazon,4989.0,0.0,5.0,4994.0,True,https://www.amazon.in/s?k=Rega+IT+Hp+Pavilion+DV6-6B06ST+DV6-6B06SV+12+Cell+12+Cell+Laptop+Battery,2026-10-07,synthetic,flipkart:ACCDXFZXH75VJZE8
Flipkart,5109.0,0.0,3.0,5112.0,True,https://www.flipkart.com/search?q=Rega+IT+Hp+Pavilion+DV6-6B06ST+DV6-6B06SV+12+Cell+12+Cell+Laptop+Battery,2026-10-07,synthetic_history,flipkart:ACCDXFZXH75VJZE8
Croma,5119.0,0.0,0.0,5119.0,True,https://www.google.com/search?q=site%3Acroma.com+Rega+IT+Hp+Pavilion+DV6-6B06ST+DV6-6B06SV+12+Cell+12+Cell+Laptop+Battery,2026-10-07,synthetic,flipkart:ACCDXFZXH75VJZE8
Reliance Digital,3069.0,0.0,0.0,3069.0,True,https://www.reliancedigital.in/search?q=Hako+45W+Magsafe2+Laptop+Charger+For+APPLE+MacBook+Air+13+MB003LLA+2+45+Adapter,2026-10-07,synthetic,flipkart:ACCEJ6TEWH4WGYNF
Flipkart,3099.0,0.0,3.0,3102.0,True,https://www.flipkart.com/search?q=Hako+45W+Magsafe2+Laptop+Charger+For+APPLE+MacBook+Air+13+MB003LLA+2+45+Adapter,2026-10-07,synthetic_history,flipkart:ACCEJ6TEWH4WGYNF
Amazon,3119.0,0.0,5.0,3124.0,True,https://www.amazon.in/s?k=Hako+45W+Magsafe2+Laptop+Charger+For+APPLE+MacBook+Air+13+MB003LLA+2+45+Adapter,2026-10-07,synthetic,flipkart:ACCEJ6TEWH4WGYNF
Tata CLiQ,3149.0,0.0,0.0,3149.0,True,https://www.tatacliq.com/search/?searchCategory=all&text=Hako+45W+Magsafe2+Laptop+Charger+For+APPLE+MacBook+Air+13+MB003LLA+2+45+Adapter,2026-10-07,synthetic,flipkart:ACCEJ6TEWH4WGYNF
Croma,3249.0,0.0,0.0,3249.0,True,https://www.google.com/search?q=site%3Acroma.com+Hako+45W+Magsafe2+Laptop+Charger+For+APPLE+MacBook+Air+13+MB003LLA+2+45+Adapter,2026-10-07,synthetic,flipkart:ACCEJ6TEWH4WGYNF
Reliance Digital,369.0,0.0,0.0,369.0,True,https://www.reliancedigital.in/search?q=PRINT+SHAPES+monster+with+precious+Laptop+Skin+with+Mouse+pad+Combo+Set,2026-10-07,synthetic,flipkart:LACEGEZDGBBEJGZ6
Flipkart,349.0,40.0,3.0,392.0,True,https://www.flipkart.com/search?q=PRINT+SHAPES+monster+with+precious+Laptop+Skin+with+Mouse+pad+Combo+Set,2026-10-07,synthetic_history,flipkart:LACEGEZDGBBEJGZ6
Amazon,359.0,40.0,5.0,404.0,True,https://www.amazon.in/s?k=PRINT+SHAPES+monster+with+precious+Laptop+Skin+with+Mouse+pad+Combo+Set,2026-10-07,synthetic,flipkart:LACEGEZDGBBEJGZ6
Tata CLiQ,339.0,99.0,0.0,438.0,True,https://www.tatacliq.com/search/?searchCategory=all&text=PRINT+SHAPES+monster+with+precious+Laptop+Skin+with+Mouse+pad+Combo+Set,2026-10-07,synthetic,flipkart:LACEGEZDGBBEJGZ6
Croma,349.0,0.0,0.0,349.0,False,https://www.google.com/search?q=site%3Acroma.com+PRINT+SHAPES+monster+with+precious+Laptop+Skin+with+Mouse+pad+Combo+Set,2026-10-07,synthetic,flipkart:LACEGEZDGBBEJGZ6
Flipkart,309.0,40.0,3.0,352.0,True,https://www.flipkart.com/search?q=AdroitZ+Premium+Phone+Socket+Holder+For+HTC+Sensation,2026-10-07,synthetic_history,flipkart:ACCEFH5BQF6WMYE8
Amazon,319.0,40.0,5.0,364.0,True,https://www.amazon.in/s?k=AdroitZ+Premium+Phone+Socket+Holder+For+HTC+Sensation,2026-10-07,synthetic,flipkart:ACCEFH5BQF6WMYE8
Tata CLiQ,299.0,99.0,0.0,398.0,True,https://www.tatacliq.com/search/?searchCategory=all&text=AdroitZ+Premium+Phone+Socket+Holder+For+HTC+Sensation,2026-10-07,synthetic,flipkart:ACCEFH5BQF6WMYE8
Croma,319.0,0.0,0.0,319.0,False,https://www.google.com/search?q=site%3Acroma.com+AdroitZ+Premium+Phone+Socket+Holder+For+HTC+Sensation,2026-10-07,synthetic,flipkart:ACCEFH5BQF6WMYE8
Reliance Digital,329.0,0.0,0.0,329.0,False,https://www.reliancedigital.in/search?q=AdroitZ+Premium+Phone+Socket+Holder+For+HTC+Sensation,2026-10-07,synthetic,flipkart:ACCEFH5BQF6WMYE8
Flipkart,539.0,0.0,3.0,542.0,True,https://www.flipkart.com/search?q=Newdort+Usb+Charger+Full+Charging+Pad,2026-10-07,synthetic_history,flipkart:CGPEGQYHCJABVGHZ
Croma,579.0,0.0,0.0,579.0,True,https://www.google.com/search?q=site%3Acroma.com+Newdort+Usb+Charger+Full+Charging+Pad,2026-10-07,synthetic,flipkart:CGPEGQYHCJABVGHZ
Tata CLiQ,579.0,99.0,0.0,678.0,True,https://www.tatacliq.com/search/?searchCategory=all&text=Newdort+Usb+Charger+Full+Charging+Pad,2026-10-07,synthetic,flipkart:CGPEGQYHCJABVGHZ
Amazon,539.0,0.0,5.0,544.0,False,https://www.amazon.in/s?k=Newdort+Usb+Charger+Full+Charging+Pad,2026-10-07,synthetic,flipkart:CGPEGQYHCJABVGHZ
Reliance Digital,559.0,0.0,0.0,559.0,False,https://www.reliancedigital.in/search?q=Newdort+Usb+Charger+Full+Charging+Pad,2026-10-07,synthetic,flipkart:CGPEGQYHCJABVGHZ
Flipkart,819.0,0.0,3.0,822.0,True,https://www.flipkart.com/search?q=AW+High+Power+Usb+for+Iphone+6+Plus+Lightning+Cable,2026-10-07,synthetic_history,flipkart:ACCEGKTSWHU8GTRM
Amazon,849.0,0.0,5.0,854.0,True,https://www.amazon.in/s?k=AW+High+Power+Usb+for+Iphone+6+Plus+Lightning+Cable,2026-10-07,synthetic,flipkart:ACCEGKTSWHU8GTRM
Croma,859.0,0.0,0.0,859.0,True,https://www.google.com/search?q=site%3Acroma.com+AW+High+Power+Usb+for+Iphone+6+Plus+Lightning+Cable,2026-10-07,synthetic,flipkart:ACCEGKTSWHU8GTRM
Tata CLiQ,899.0,99.0,0.0,998.0,True,https://www.tatacliq.com/search/?searchCategory=all&text=AW+High+Power+Usb+for+Iphone+6+Plus+Lightning+Cable,2026-10-07,synthetic,flipkart:ACCEGKTSWHU8GTRM
Reliance Digital,829.0,0.0,0.0,829.0,False,https://www.reliancedigital.in/search?q=AW+High+Power+Usb+for+Iphone+6+Plus+Lightning+Cable,2026-10-07,synthetic,flipkart:ACCEGKTSWHU8GTRM
Flipkart,769.0,0.0,3.0,772.0,True,https://www.flipkart.com/search?q=Tf+Pro++TV-out+Cable+Tf+HDMI+To+Vga+Cable,2026-10-07,synthetic_history,flipkart:ACCEDJGZXUB6JVBC
Amazon,779.0,0.0,5.0,784.0,True,https://www.amazon.in/s?k=Tf+Pro++TV-out+Cable+Tf+HDMI+To+Vga+Cable,2026-10-07,synthetic,flipkart:ACCEDJGZXUB6JVBC
Croma,819.0,0.0,0.0,819.0,True,https://www.google.com/search?q=site%3Acroma.com+Tf+Pro++TV-out+Cable+Tf+HDMI+To+Vga+Cable,2026-10-07,synthetic,flipkart:ACCEDJGZXUB6JVBC
Reliance Digital,819.0,0.0,0.0,819.0,False,https://www.reliancedigital.in/search?q=Tf+Pro++TV-out+Cable+Tf+HDMI+To+Vga+Cable,2026-10-07,synthetic,flipkart:ACCEDJGZXUB6JVBC
Tata CLiQ,749.0,99.0,0.0,848.0,False,https://www.tatacliq.com/search/?searchCategory=all&text=Tf+Pro++TV-out+Cable+Tf+HDMI+To+Vga+Cable,2026-10-07,synthetic,flipkart:ACCEDJGZXUB6JVBC
Reliance Digital,1509.0,0.0,0.0,1509.0,True,https://www.reliancedigital.in/search?q=DailyObjects+Back+Cover+for+Apple+iPad+2%2C+3%2C+4,2026-10-07,synthetic,flipkart:ACCE6GFCCZRQZGXE
Flipkart,1509.0,0.0,3.0,1512.0,True,https://www.flipkart.com/search?q=DailyObjects+Back+Cover+for+Apple+iPad+2%2C+3%2C+4,2026-10-07,synthetic_history,flipkart:ACCE6GFCCZRQZGXE
Croma,1519.0,0.0,0.0,1519.0,True,https://www.google.com/search?q=site%3Acroma.com+DailyObjects+Back+Cover+for+Apple+iPad+2%2C+3%2C+4,2026-10-07,synthetic,flipkart:ACCE6GFCCZRQZGXE
Amazon,1559.0,0.0,5.0,1564.0,True,https://www.amazon.in/s?k=DailyObjects+Back+Cover+for+Apple+iPad+2%2C+3%2C+4,2026-10-07,synthetic,flipkart:ACCE6GFCCZRQZGXE
Tata CLiQ,1599.0,0.0,0.0,1599.0,False,https://www.tatacliq.com/search/?searchCategory=all&text=DailyObjects+Back+Cover+for+Apple+iPad+2%2C+3%2C+4,2026-10-07,synthetic,flipkart:ACCE6GFCCZRQZGXE
Flipkart,169.0,40.0,3.0,212.0,True,https://www.flipkart.com/search?q=Newworld+RTNE+Pack+Of+One+-583+Tempered+Glass+for+Xiaomi+Mi+4i,2026-10-07,synthetic_history,flipkart:ACCEJWHTY2HVMG7Z
Amazon,179.0,40.0,5.0,224.0,True,https://www.amazon.in/s?k=Newworld+RTNE+Pack+Of+One+-583+Tempered+Glass+for+Xiaomi+Mi+4i,2026-10-07,synthetic,flipkart:ACCEJWHTY2HVMG7Z
Tata CLiQ,169.0,99.0,0.0,268.0,True,https://www.tatacliq.com/search/?searchCategory=all&text=Newworld+RTNE+Pack+Of+One+-583+Tempered+Glass+for+Xiaomi+Mi+4i,2026-10-07,synthetic,flipkart:ACCEJWHTY2HVMG7Z
Croma,179.0,0.0,0.0,179.0,False,https://www.google.com/search?q=site%3Acroma.com+Newworld+RTNE+Pack+Of+One+-583+Tempered+Glass+for+Xiaomi+Mi+4i,2026-10-07,synthetic,flipkart:ACCEJWHTY2HVMG7Z
Reliance Digital,179.0,0.0,0.0,179.0,False,https://www.reliancedigital.in/search?q=Newworld+RTNE+Pack+Of+One+-583+Tempered+Glass+for+Xiaomi+Mi+4i,2026-10-07,synthetic,flipkart:ACCEJWHTY2HVMG7Z
Amazon,689.0,0.0,5.0,694.0,True,https://www.amazon.in/s?k=TheLostPuppy+Back+Cover+for+Apple+iPad+Air+2,2026-10-07,synthetic,flipkart:ACCE9Y6WGHYMA4PW
Reliance Digital,719.0,0.0,0.0,719.0,True,https://www.reliancedigital.in/search?q=TheLostPuppy+Back+Cover+for+Apple+iPad+Air+2,2026-10-07,synthetic,flipkart:ACCE9Y6WGHYMA4PW
Flipkart,719.0,0.0,3.0,722.0,True,https://www.flipkart.com/search?q=TheLostPuppy+Back+Cover+for+Apple+iPad+Air+2,2026-10-07,synthetic_history,flipkart:ACCE9Y6WGHYMA4PW
Croma,759.0,0.0,0.0,759.0,True,https://www.google.com/search?q=site%3Acroma.com+TheLostPuppy+Back+Cover+for+Apple+iPad+Air+2,2026-10-07,synthetic,flipkart:ACCE9Y6WGHYMA4PW
Tata CLiQ,809.0,99.0,0.0,908.0,False,https://www.tatacliq.com/search/?searchCategory=all&text=TheLostPuppy+Back+Cover+for+Apple+iPad+Air+2,2026-10-07,synthetic,flipkart:ACCE9Y6WGHYMA4PW
Amazon,2349.0,0.0,5.0,2354.0,True,https://www.amazon.in/s?k=DailyObjects+Back+Cover+for+Apple+iPad+2%2F3%2F4,2026-10-07,synthetic,flipkart:ACCE9DKASC9BDRYE
Flipkart,2459.0,0.0,3.0,2462.0,True,https://www.flipkart.com/search?q=DailyObjects+Back+Cover+for+Apple+iPad+2%2F3%2F4,2026-10-07,synthetic_history,flipkart:ACCE9DKASC9BDRYE
Tata CLiQ,2529.0,0.0,0.0,2529.0,True,https://www.tatacliq.com/search/?searchCategory=all&text=DailyObjects+Back+Cover+for+Apple+iPad+2%2F3%2F4,2026-10-07,synthetic,flipkart:ACCE9DKASC9BDRYE
Croma,2649.0,0.0,0.0,2649.0,True,https://www.google.com/search?q=site%3Acroma.com+DailyObjects+Back+Cover+for+Apple+iPad+2%2F3%2F4,2026-10-07,synthetic,flipkart:ACCE9DKASC9BDRYE
Reliance Digital,2729.0,0.0,0.0,2729.0,True,https://www.reliancedigital.in/search?q=DailyObjects+Back+Cover+for+Apple+iPad+2%2F3%2F4,2026-10-07,synthetic,flipkart:ACCE9DKASC9BDRYE
Amazon,859.0,0.0,5.0,864.0,True,https://www.amazon.in/s?k=Theskinmantra+Sleeve+for+All+versions+of+Apple+ipad,2026-10-07,synthetic,flipkart:ACCE6SJGYJUNHPZM
Flipkart,879.0,0.0,3.0,882.0,True,https://www.flipkart.com/search?q=Theskinmantra+Sleeve+for+All+versions+of+Apple+ipad,2026-10-07,synthetic_history,flipkart:ACCE6SJGYJUNHPZM
Reliance Digital,929.0,0.0,0.0,929.0,True,https://www.reliancedigital.in/search?q=Theskinmantra+Sleeve+for+All+versions+of+Apple+ipad,2026-10-07,synthetic,flipkart:ACCE6SJGYJUNHPZM
Croma,879.0,0.0,0.0,879.0,False,https://www.google.com/search?q=site%3Acroma.com+Theskinmantra+Sleeve+for+All+versions+of+Apple+ipad,2026-10-07,synthetic,flipkart:ACCE6SJGYJUNHPZM
Tata CLiQ,1029.0,0.0,0.0,1029.0,False,https://www.tatacliq.com/search/?searchCategory=all&text=Theskinmantra+Sleeve+for+All+versions+of+Apple+ipad,2026-10-07,synthetic,flipkart:ACCE6SJGYJUNHPZM
Amazon,1909.0,0.0,5.0,1914.0,True,https://www.amazon.in/s?k=Enthopia+Back+Cover+for+iPad+Mini%2C+iPad+Mini+2%2C+iPad+Mini+Retina,2026-10-07,synthetic,flipkart:ACCDUV7ZEHYTPNHY
Flipkart,2019.0,0.0,3.0,2022.0,True,https://www.flipkart.com/search?q=Enthopia+Back+Cover+for+iPad+Mini%2C+iPad+Mini+2%2C+iPad+Mini+Retina,2026-10-07,synthetic_history,flipkart:ACCDUV7ZEHYTPNHY
Reliance Digital,2139.0,0.0,0.0,2139.0,True,https://www.reliancedigital.in/search?q=Enthopia+Back+Cover+for+iPad+Mini%2C+iPad+Mini+2%2C+iPad+Mini+Retina,2026-10-07,synthetic,flipkart:ACCDUV7ZEHYTPNHY
Croma,2169.0,0.0,0.0,2169.0,True,https://www.google.com/search?q=site%3Acroma.com+Enthopia+Back+Cover+for+iPad+Mini%2C+iPad+Mini+2%2C+iPad+Mini+Retina,2026-10-07,synthetic,flipkart:ACCDUV7ZEHYTPNHY
Tata CLiQ,2119.0,0.0,0.0,2119.0,False,https://www.tatacliq.com/search/?searchCategory=all&text=Enthopia+Back+Cover+for+iPad+Mini%2C+iPad+Mini+2%2C+iPad+Mini+Retina,2026-10-07,synthetic,flipkart:ACCDUV7ZEHYTPNHY
Flipkart,639.0,0.0,3.0,642.0,True,https://www.flipkart.com/search?q=TheLostPuppy+Back+Cover+for+Apple+iPad+Air+2,2026-10-07,synthetic_history,flipkart:ACCE9Y6QQYAYMPBD
Croma,649.0,0.0,0.0,649.0,True,https://www.google.com/search?q=site%3Acroma.com+TheLostPuppy+Back+Cover+for+Apple+iPad+Air+2,2026-10-07,synthetic,flipkart:ACCE9Y6QQYAYMPBD
Amazon,659.0,0.0,5.0,664.0,True,https://www.amazon.in/s?k=TheLostPuppy+Back+Cover+for+Apple+iPad+Air+2,2026-10-07,synthetic,flipkart:ACCE9Y6QQYAYMPBD
Reliance Digital,699.0,0.0,0.0,699.0,True,https://www.reliancedigital.in/search?q=TheLostPuppy+Back+Cover+for+Apple+iPad+Air+2,2026-10-07,synthetic,flipkart:ACCE9Y6QQYAYMPBD
Tata CLiQ,609.0,99.0,0.0,708.0,True,https://www.tatacliq.com/search/?searchCategory=all&text=TheLostPuppy+Back+Cover+for+Apple+iPad+Air+2,2026-10-07,synthetic,flipkart:ACCE9Y6QQYAYMPBD
Flipkart,409.0,40.0,3.0,452.0,True,https://www.flipkart.com/search?q=Jojo+Book+Cover+for+Orange+Tahiti,2026-10-07,synthetic_history,flipkart:ACCE9YWXSSSVBKAC
Amazon,419.0,40.0,5.0,464.0,True,https://www.amazon.in/s?k=Jojo+Book+Cover+for+Orange+Tahiti,2026-10-07,synthetic,flipkart:ACCE9YWXSSSVBKAC
Tata CLiQ,449.0,99.0,0.0,548.0,True,https://www.tatacliq.com/search/?searchCategory=all&text=Jojo+Book+Cover+for+Orange+Tahiti,2026-10-07,synthetic,flipkart:ACCE9YWXSSSVBKAC
Croma,419.0,0.0,0.0,419.0,False,https://www.google.com/search?q=site%3Acroma.com+Jojo+Book+Cover+for+Orange+Tahiti,2026-10-07,synthetic,flipkart:ACCE9YWXSSSVBKAC
Reliance Digital,459.0,0.0,0.0,459.0,False,https://www.reliancedigital.in/search?q=Jojo+Book+Cover+for+Orange+Tahiti,2026-10-07,synthetic,flipkart:ACCE9YWXSSSVBKAC
Flipkart,839.0,0.0,3.0,842.0,True,https://www.flipkart.com/search?q=Futaba+225-Button+Shaped+Winder+Earphone+Cable+Organizer,2026-10-07,synthetic_history,flipkart:ECOEHBYZSUAHXEA8
Croma,879.0,0.0,0.0,879.0,True,https://www.google.com/search?q=site%3Acroma.com+Futaba+225-Button+Shaped+Winder+Earphone+Cable+Organizer,2026-10-07,synthetic,flipkart:ECOEHBYZSUAHXEA8
Reliance Digital,879.0,0.0,0.0,879.0,True,https://www.reliancedigital.in/search?q=Futaba+225-Button+Shaped+Winder+Earphone+Cable+Organizer,2026-10-07,synthetic,flipkart:ECOEHBYZSUAHXEA8
Tata CLiQ,909.0,99.0,0.0,1008.0,True,https://www.tatacliq.com/search/?searchCategory=all&text=Futaba+225-Button+Shaped+Winder+Earphone+Cable+Organizer,2026-10-07,synthetic,flipkart:ECOEHBYZSUAHXEA8
Amazon,829.0,0.0,5.0,834.0,False,https://www.amazon.in/s?k=Futaba+225-Button+Shaped+Winder+Earphone+Cable+Organizer,2026-10-07,synthetic,flipkart:ECOEHBYZSUAHXEA8
Tata CLiQ,1109.0,0.0,0.0,1109.0,True,https://www.tatacliq.com/search/?searchCategory=all&text=TheLostPuppy+Back+Cover+for+Apple+iPad+Air+2,2026-10-07,synthetic,flipkart:ACCE9Z4KESHGADU6
Reliance Digital,1129.0,0.0,0.0,1129.0,True,https://www.reliancedigital.in/search?q=TheLostPuppy+Back+Cover+for+Apple+iPad+Air+2,2026-10-07,synthetic,flipkart:ACCE9Z4KESHGADU6
Flipkart,1139.0,0.0,3.0,1142.0,True,https://www.flipkart.com/search?q=TheLostPuppy+Back+Cover+for+Apple+iPad+Air+2,2026-10-07,synthetic_history,flipkart:ACCE9Z4KESHGADU6
Amazon,1179.0,0.0,5.0,1184.0,True,https://www.amazon.in/s?k=TheLostPuppy+Back+Cover+for+Apple+iPad+Air+2,2026-10-07,synthetic,flipkart:ACCE9Z4KESHGADU6
Croma,1229.0,0.0,0.0,1229.0,True,https://www.google.com/search?q=site%3Acroma.com+TheLostPuppy+Back+Cover+for+Apple+iPad+Air+2,2026-10-07,synthetic,flipkart:ACCE9Z4KESHGADU6
Flipkart,929.0,0.0,3.0,932.0,True,https://www.flipkart.com/search?q=Fuson+Back+Cover+for+Samsung+Galaxy+J7,2026-10-07,synthetic_history,flipkart:ACCEAZCV5BHHDHFK
Reliance Digital,959.0,0.0,0.0,959.0,True,https://www.reliancedigital.in/search?q=Fuson+Back+Cover+for+Samsung+Galaxy+J7,2026-10-07,synthetic,flipkart:ACCEAZCV5BHHDHFK
Amazon,859.0,0.0,5.0,864.0,False,https://www.amazon.in/s?k=Fuson+Back+Cover+for+Samsung+Galaxy+J7,2026-10-07,synthetic,flipkart:ACCEAZCV5BHHDHFK
Croma,989.0,0.0,0.0,989.0,False,https://www.google.com/search?q=site%3Acroma.com+Fuson+Back+Cover+for+Samsung+Galaxy+J7,2026-10-07,synthetic,flipkart:ACCEAZCV5BHHDHFK
Tata CLiQ,919.0,99.0,0.0,1018.0,False,https://www.tatacliq.com/search/?searchCategory=all&text=Fuson+Back+Cover+for+Samsung+Galaxy+J7,2026-10-07,synthetic,flipkart:ACCEAZCV5BHHDHFK
Amazon,2999.0,0.0,5.0,3004.0,True,https://www.amazon.in/s?k=AMZER+Back+Cover+for+Samsung+GALAXY+Tab+S2+9.7+SM-T810,2026-10-07,synthetic,flipkart:ACCEBUEKVFFUX2DE
Flipkart,3039.0,0.0,3.0,3042.0,True,https://www.flipkart.com/search?q=AMZER+Back+Cover+for+Samsung+GALAXY+Tab+S2+9.7+SM-T810,2026-10-07,synthetic_history,flipkart:ACCEBUEKVFFUX2DE
Reliance Digital,3179.0,0.0,0.0,3179.0,True,https://www.reliancedigital.in/search?q=AMZER+Back+Cover+for+Samsung+GALAXY+Tab+S2+9.7+SM-T810,2026-10-07,synthetic,flipkart:ACCEBUEKVFFUX2DE
Tata CLiQ,2909.0,0.0,0.0,2909.0,False,https://www.tatacliq.com/search/?searchCategory=all&text=AMZER+Back+Cover+for+Samsung+GALAXY+Tab+S2+9.7+SM-T810,2026-10-07,synthetic,flipkart:ACCEBUEKVFFUX2DE
Croma,3319.0,0.0,0.0,3319.0,False,https://www.google.com/search?q=site%3Acroma.com+AMZER+Back+Cover+for+Samsung+GALAXY+Tab+S2+9.7+SM-T810,2026-10-07,synthetic,flipkart:ACCEBUEKVFFUX2DE
Croma,179.0,0.0,0.0,179.0,True,https://www.google.com/search?q=site%3Acroma.com+Protector+G+X1032+Tempered+Glass+for+Motorola+Moto+G,2026-10-07,synthetic,flipkart:ACCEGR4KPQS9XQWB
Reliance Digital,189.0,0.0,0.0,189.0,True,https://www.reliancedigital.in/search?q=Protector+G+X1032+Tempered+Glass+for+Motorola+Moto+G,2026-10-07,synthetic,flipkart:ACCEGR4KPQS9XQWB
Flipkart,169.0,40.0,3.0,212.0,True,https://www.flipkart.com/search?q=Protector+G+X1032+Tempered+Glass+for+Motorola+Moto+G,2026-10-07,synthetic_history,flipkart:ACCEGR4KPQS9XQWB
Amazon,169.0,40.0,5.0,214.0,True,https://www.amazon.in/s?k=Protector+G+X1032+Tempered+Glass+for+Motorola+Moto+G,2026-10-07,synthetic,flipkart:ACCEGR4KPQS9XQWB
Tata CLiQ,169.0,99.0,0.0,268.0,False,https://www.tatacliq.com/search/?searchCategory=all&text=Protector+G+X1032+Tempered+Glass+for+Motorola+Moto+G,2026-10-07,synthetic,flipkart:ACCEGR4KPQS9XQWB
Flipkart,3929.0,0.0,3.0,3932.0,True,https://www.flipkart.com/search?q=Enthopia+Flip+Cover+for+iPad+2%2C+iPad+3%2C+iPad+4,2026-10-07,synthetic_history,flipkart:ACCDZMAP25YPVXG8
Amazon,4119.0,0.0,5.0,4124.0,True,https://www.amazon.in/s?k=Enthopia+Flip+Cover+for+iPad+2%2C+iPad+3%2C+iPad+4,2026-10-07,synthetic,flipkart:ACCDZMAP25YPVXG8
Tata CLiQ,3899.0,0.0,0.0,3899.0,False,https://www.tatacliq.com/search/?searchCategory=all&text=Enthopia+Flip+Cover+for+iPad+2%2C+iPad+3%2C+iPad+4,2026-10-07,synthetic,flipkart:ACCDZMAP25YPVXG8
Croma,3899.0,0.0,0.0,3899.0,False,https://www.google.com/search?q=site%3Acroma.com+Enthopia+Flip+Cover+for+iPad+2%2C+iPad+3%2C+iPad+4,2026-10-07,synthetic,flipkart:ACCDZMAP25YPVXG8
Reliance Digital,3999.0,0.0,0.0,3999.0,False,https://www.reliancedigital.in/search?q=Enthopia+Flip+Cover+for+iPad+2%2C+iPad+3%2C+iPad+4,2026-10-07,synthetic,flipkart:ACCDZMAP25YPVXG8
Croma,2199.0,0.0,0.0,2199.0,True,https://www.google.com/search?q=site%3Acroma.com+Rock+Flip+Cover+for+Apple+iPad+Mini+Retina,2026-10-07,synthetic,flipkart:ACCDRSJR2EEPBYUG
Amazon,2249.0,0.0,5.0,2254.0,True,https://www.amazon.in/s?k=Rock+Flip+Cover+for+Apple+iPad+Mini+Retina,2026-10-07,synthetic,flipkart:ACCDRSJR2EEPBYUG
Flipkart,2259.0,0.0,3.0,2262.0,True,https://www.flipkart.com/search?q=Rock+Flip+Cover+for+Apple+iPad+Mini+Retina,2026-10-07,synthetic_history,flipkart:ACCDRSJR2EEPBYUG
Reliance Digital,2349.0,0.0,0.0,2349.0,True,https://www.reliancedigital.in/search?q=Rock+Flip+Cover+for+Apple+iPad+Mini+Retina,2026-10-07,synthetic,flipkart:ACCDRSJR2EEPBYUG
Tata CLiQ,2369.0,0.0,0.0,2369.0,False,https://www.tatacliq.com/search/?searchCategory=all&text=Rock+Flip+Cover+for+Apple+iPad+Mini+Retina,2026-10-07,synthetic,flipkart:ACCDRSJR2EEPBYUG
Flipkart,929.0,0.0,3.0,932.0,True,https://www.flipkart.com/search?q=Thelostpuppy+Book+Cover+for+Apple+iPad+Air+2,2026-10-07,synthetic_history,flipkart:ACCEA4DZHTPWDPFB
Amazon,929.0,0.0,5.0,934.0,True,https://www.amazon.in/s?k=Thelostpuppy+Book+Cover+for+Apple+iPad+Air+2,2026-10-07,synthetic,flipkart:ACCEA4DZHTPWDPFB
Reliance Digital,949.0,0.0,0.0,949.0,True,https://www.reliancedigital.in/search?q=Thelostpuppy+Book+Cover+for+Apple+iPad+Air+2,2026-10-07,synthetic,flipkart:ACCEA4DZHTPWDPFB
Croma,959.0,0.0,0.0,959.0,True,https://www.google.com/search?q=site%3Acroma.com+Thelostpuppy+Book+Cover+for+Apple+iPad+Air+2,2026-10-07,synthetic,flipkart:ACCEA4DZHTPWDPFB
Tata CLiQ,879.0,99.0,0.0,978.0,False,https://www.tatacliq.com/search/?searchCategory=all&text=Thelostpuppy+Book+Cover+for+Apple+iPad+Air+2,2026-10-07,synthetic,flipkart:ACCEA4DZHTPWDPFB
Flipkart,639.0,0.0,3.0,642.0,True,https://www.flipkart.com/search?q=TheLostPuppy+Back+Cover+for+Apple+iPad+Air+2,2026-10-07,synthetic_history,flipkart:ACCE9Y6QGPJZ7YXW
Croma,679.0,0.0,0.0,679.0,True,https://www.google.com/search?q=site%3Acroma.com+TheLostPuppy+Back+Cover+for+Apple+iPad+Air+2,2026-10-07,synthetic,flipkart:ACCE9Y6QGPJZ7YXW
Amazon,719.0,0.0,5.0,724.0,True,https://www.amazon.in/s?k=TheLostPuppy+Back+Cover+for+Apple+iPad+Air+2,2026-10-07,synthetic,flipkart:ACCE9Y6QGPJZ7YXW
Reliance Digital,639.0,0.0,0.0,639.0,False,https://www.reliancedigital.in/search?q=TheLostPuppy+Back+Cover+for+Apple+iPad+Air+2,2026-10-07,synthetic,flipkart:ACCE9Y6QGPJZ7YXW
Tata CLiQ,729.0,99.0,0.0,828.0,False,https://www.tatacliq.com/search/?searchCategory=all&text=TheLostPuppy+Back+Cover+for+Apple+iPad+Air+2,2026-10-07,synthetic,flipkart:ACCE9Y6QGPJZ7YXW
Flipkart,2489.0,0.0,3.0,2492.0,True,https://www.flipkart.com/search?q=JOY+Back+Cover+for+iPad+2,2026-10-07,synthetic_history,flipkart:ACCDAHV9MAHKZGZP
Amazon,2529.0,0.0,5.0,2534.0,True,https://www.amazon.in/s?k=JOY+Back+Cover+for+iPad+2,2026-10-07,synthetic,flipkart:ACCDAHV9MAHKZGZP
Tata CLiQ,2619.0,0.0,0.0,2619.0,True,https://www.tatacliq.com/search/?searchCategory=all&text=JOY+Back+Cover+for+iPad+2,2026-10-07,synthetic,flipkart:ACCDAHV9MAHKZGZP
Croma,2429.0,0.0,0.0,2429.0,False,https://www.google.com/search?q=site%3Acroma.com+JOY+Back+Cover+for+iPad+2,2026-10-07,synthetic,flipkart:ACCDAHV9MAHKZGZP
Reliance Digital,2569.0,0.0,0.0,2569.0,False,https://www.reliancedigital.in/search?q=JOY+Back+Cover+for+iPad+2,2026-10-07,synthetic,flipkart:ACCDAHV9MAHKZGZP
Amazon,359.0,40.0,5.0,404.0,True,https://www.amazon.in/s?k=TUP+Flip+Cover+for+Stand+Milagrow+7.16%2F7.16+pro+7+Inch,2026-10-07,synthetic,flipkart:ACCECZTCGM5QTWWF
Flipkart,369.0,40.0,3.0,412.0,True,https://www.flipkart.com/search?q=TUP+Flip+Cover+for+Stand+Milagrow+7.16%2F7.16+pro+7+Inch,2026-10-07,synthetic_history,flipkart:ACCECZTCGM5QTWWF
Tata CLiQ,379.0,99.0,0.0,478.0,True,https://www.tatacliq.com/search/?searchCategory=all&text=TUP+Flip+Cover+for+Stand+Milagrow+7.16%2F7.16+pro+7+Inch,2026-10-07,synthetic,flipkart:ACCECZTCGM5QTWWF
Croma,379.0,0.0,0.0,379.0,False,https://www.google.com/search?q=site%3Acroma.com+TUP+Flip+Cover+for+Stand+Milagrow+7.16%2F7.16+pro+7+Inch,2026-10-07,synthetic,flipkart:ACCECZTCGM5QTWWF
Reliance Digital,399.0,0.0,0.0,399.0,False,https://www.reliancedigital.in/search?q=TUP+Flip+Cover+for+Stand+Milagrow+7.16%2F7.16+pro+7+Inch,2026-10-07,synthetic,flipkart:ACCECZTCGM5QTWWF
Croma,379.0,0.0,0.0,379.0,True,https://www.google.com/search?q=site%3Acroma.com+kits+kart+Pouch+for+Intex+Aqua+Q4,2026-10-07,synthetic,flipkart:ACCEGH6SFSXZA5XA
Flipkart,349.0,40.0,3.0,392.0,True,https://www.flipkart.com/search?q=kits+kart+Pouch+for+Intex+Aqua+Q4,2026-10-07,synthetic_history,flipkart:ACCEGH6SFSXZA5XA
Amazon,359.0,40.0,5.0,404.0,True,https://www.amazon.in/s?k=kits+kart+Pouch+for+Intex+Aqua+Q4,2026-10-07,synthetic,flipkart:ACCEGH6SFSXZA5XA
Reliance Digital,359.0,0.0,0.0,359.0,False,https://www.reliancedigital.in/search?q=kits+kart+Pouch+for+Intex+Aqua+Q4,2026-10-07,synthetic,flipkart:ACCEGH6SFSXZA5XA
Tata CLiQ,329.0,99.0,0.0,428.0,False,https://www.tatacliq.com/search/?searchCategory=all&text=kits+kart+Pouch+for+Intex+Aqua+Q4,2026-10-07,synthetic,flipkart:ACCEGH6SFSXZA5XA
Flipkart,529.0,0.0,3.0,532.0,True,https://www.flipkart.com/search?q=TheLostPuppy+Back+Cover+for+Apple+iPad+Air,2026-10-07,synthetic_history,flipkart:ACCE9Y6QFEZZ3RFC
Amazon,529.0,0.0,5.0,534.0,True,https://www.amazon.in/s?k=TheLostPuppy+Back+Cover+for+Apple+iPad+Air,2026-10-07,synthetic,flipkart:ACCE9Y6QFEZZ3RFC
Croma,559.0,0.0,0.0,559.0,True,https://www.google.com/search?q=site%3Acroma.com+TheLostPuppy+Back+Cover+for+Apple+iPad+Air,2026-10-07,synthetic,flipkart:ACCE9Y6QFEZZ3RFC
Tata CLiQ,539.0,99.0,0.0,638.0,True,https://www.tatacliq.com/search/?searchCategory=all&text=TheLostPuppy+Back+Cover+for+Apple+iPad+Air,2026-10-07,synthetic,flipkart:ACCE9Y6QFEZZ3RFC
Reliance Digital,529.0,0.0,0.0,529.0,False,https://www.reliancedigital.in/search?q=TheLostPuppy+Back+Cover+for+Apple+iPad+Air,2026-10-07,synthetic,flipkart:ACCE9Y6QFEZZ3RFC
Amazon,979.0,0.0,5.0,984.0,True,https://www.amazon.in/s?k=Thelostpuppy+Book+Cover+for+Apple+iPad+Air+2,2026-10-07,synthetic,flipkart:ACCEA4DP7GZWHHR8
Flipkart,989.0,0.0,3.0,992.0,True,https://www.flipkart.com/search?q=Thelostpuppy+Book+Cover+for+Apple+iPad+Air+2,2026-10-07,synthetic_history,flipkart:ACCEA4DP7GZWHHR8
Tata CLiQ,1009.0,0.0,0.0,1009.0,True,https://www.tatacliq.com/search/?searchCategory=all&text=Thelostpuppy+Book+Cover+for+Apple+iPad+Air+2,2026-10-07,synthetic,flipkart:ACCEA4DP7GZWHHR8
Croma,1009.0,0.0,0.0,1009.0,True,https://www.google.com/search?q=site%3Acroma.com+Thelostpuppy+Book+Cover+for+Apple+iPad+Air+2,2026-10-07,synthetic,flipkart:ACCEA4DP7GZWHHR8
Reliance Digital,989.0,0.0,0.0,989.0,False,https://www.reliancedigital.in/search?q=Thelostpuppy+Book+Cover+for+Apple+iPad+Air+2,2026-10-07,synthetic,flipkart:ACCEA4DP7GZWHHR8
Croma,469.0,0.0,0.0,469.0,True,https://www.google.com/search?q=site%3Acroma.com+SNE+Book+Cover+for+Swipe+MTV+Slash+4X+8GB+%28Wi-Fi+3G%29,2026-10-07,synthetic,flipkart:ACCEB7D4GWPD79ZG
Amazon,449.0,40.0,5.0,494.0,True,https://www.amazon.in/s?k=SNE+Book+Cover+for+Swipe+MTV+Slash+4X+8GB+%28Wi-Fi+3G%29,2026-10-07,synthetic,flipkart:ACCEB7D4GWPD79ZG
Flipkart,459.0,40.0,3.0,502.0,True,https://www.flipkart.com/search?q=SNE+Book+Cover+for+Swipe+MTV+Slash+4X+8GB+%28Wi-Fi+3G%29,2026-10-07,synthetic_history,flipkart:ACCEB7D4GWPD79ZG
Reliance Digital,489.0,0.0,0.0,489.0,False,https://www.reliancedigital.in/search?q=SNE+Book+Cover+for+Swipe+MTV+Slash+4X+8GB+%28Wi-Fi+3G%29,2026-10-07,synthetic,flipkart:ACCEB7D4GWPD79ZG
Tata CLiQ,469.0,99.0,0.0,568.0,False,https://www.tatacliq.com/search/?searchCategory=all&text=SNE+Book+Cover+for+Swipe+MTV+Slash+4X+8GB+%28Wi-Fi+3G%29,2026-10-07,synthetic,flipkart:ACCEB7D4GWPD79ZG
Flipkart,819.0,0.0,3.0,822.0,True,https://www.flipkart.com/search?q=TheLostPuppy+Back+Cover+for+Apple+iPad+Air,2026-10-07,synthetic_history,flipkart:ACCE9Y6MQFCKJZF9
Amazon,839.0,0.0,5.0,844.0,True,https://www.amazon.in/s?k=TheLostPuppy+Back+Cover+for+Apple+iPad+Air,2026-10-07,synthetic,flipkart:ACCE9Y6MQFCKJZF9
Reliance Digital,869.0,0.0,0.0,869.0,True,https://www.reliancedigital.in/search?q=TheLostPuppy+Back+Cover+for+Apple+iPad+Air,2026-10-07,synthetic,flipkart:ACCE9Y6MQFCKJZF9
Tata CLiQ,839.0,99.0,0.0,938.0,True,https://www.tatacliq.com/search/?searchCategory=all&text=TheLostPuppy+Back+Cover+for+Apple+iPad+Air,2026-10-07,synthetic,flipkart:ACCE9Y6MQFCKJZF9
Croma,829.0,0.0,0.0,829.0,False,https://www.google.com/search?q=site%3Acroma.com+TheLostPuppy+Back+Cover+for+Apple+iPad+Air,2026-10-07,synthetic,flipkart:ACCE9Y6MQFCKJZF9
Croma,489.0,0.0,0.0,489.0,True,https://www.google.com/search?q=site%3Acroma.com+casetech+Flip+Cover+for+Lenovo+LePad+S2007,2026-10-07,synthetic,flipkart:ACCECZPPZFGBTRUG
Reliance Digital,509.0,0.0,0.0,509.0,True,https://www.reliancedigital.in/search?q=casetech+Flip+Cover+for+Lenovo+LePad+S2007,2026-10-07,synthetic,flipkart:ACCECZPPZFGBTRUG
Flipkart,489.0,40.0,3.0,532.0,True,https://www.flipkart.com/search?q=casetech+Flip+Cover+for+Lenovo+LePad+S2007,2026-10-07,synthetic_history,flipkart:ACCECZPPZFGBTRUG
Tata CLiQ,509.0,99.0,0.0,608.0,True,https://www.tatacliq.com/search/?searchCategory=all&text=casetech+Flip+Cover+for+Lenovo+LePad+S2007,2026-10-07,synthetic,flipkart:ACCECZPPZFGBTRUG
Amazon,419.0,40.0,5.0,464.0,False,https://www.amazon.in/s?k=casetech+Flip+Cover+for+Lenovo+LePad+S2007,2026-10-07,synthetic,flipkart:ACCECZPPZFGBTRUG
Amazon,2899.0,0.0,5.0,2904.0,True,https://www.amazon.in/s?k=Enthopia+Back+Cover+for+iPad+Mini%2C+iPad+Mini+2%2C+iPad+Mini+Retina,2026-10-07,synthetic,flipkart:ACCDVHJPVGUQKH7A
Flipkart,2969.0,0.0,3.0,2972.0,True,https://www.flipkart.com/search?q=Enthopia+Back+Cover+for+iPad+Mini%2C+iPad+Mini+2%2C+iPad+Mini+Retina,2026-10-07,synthetic_history,flipkart:ACCDVHJPVGUQKH7A
Croma,3009.0,0.0,0.0,3009.0,True,https://www.google.com/search?q=site%3Acroma.com+Enthopia+Back+Cover+for+iPad+Mini%2C+iPad+Mini+2%2C+iPad+Mini+Retina,2026-10-07,synthetic,flipkart:ACCDVHJPVGUQKH7A
Reliance Digital,3169.0,0.0,0.0,3169.0,False,https://www.reliancedigital.in/search?q=Enthopia+Back+Cover+for+iPad+Mini%2C+iPad+Mini+2%2C+iPad+Mini+Retina,2026-10-07,synthetic,flipkart:ACCDVHJPVGUQKH7A
Tata CLiQ,3419.0,0.0,0.0,3419.0,False,https://www.tatacliq.com/search/?searchCategory=all&text=Enthopia+Back+Cover+for+iPad+Mini%2C+iPad+Mini+2%2C+iPad+Mini+Retina,2026-10-07,synthetic,flipkart:ACCDVHJPVGUQKH7A
Reliance Digital,779.0,0.0,0.0,779.0,True,https://www.reliancedigital.in/search?q=Fuson+Back+Cover+for+Samsung+Galaxy+J7,2026-10-07,synthetic,flipkart:ACCEAZCVABRA3MXR
Flipkart,789.0,0.0,3.0,792.0,True,https://www.flipkart.com/search?q=Fuson+Back+Cover+for+Samsung+Galaxy+J7,2026-10-07,synthetic_history,flipkart:ACCEAZCVABRA3MXR
Amazon,799.0,0.0,5.0,804.0,False,https://www.amazon.in/s?k=Fuson+Back+Cover+for+Samsung+Galaxy+J7,2026-10-07,synthetic,flipkart:ACCEAZCVABRA3MXR
Croma,819.0,0.0,0.0,819.0,False,https://www.google.com/search?q=site%3Acroma.com+Fuson+Back+Cover+for+Samsung+Galaxy+J7,2026-10-07,synthetic,flipkart:ACCEAZCVABRA3MXR
Tata CLiQ,799.0,99.0,0.0,898.0,False,https://www.tatacliq.com/search/?searchCategory=all&text=Fuson+Back+Cover+for+Samsung+Galaxy+J7,2026-10-07,synthetic,flipkart:ACCEAZCVABRA3MXR
Flipkart,2079.0,0.0,3.0,2082.0,True,https://www.flipkart.com/search?q=Enthopia+Back+Cover+for+iPad+Mini%2C+iPad+Mini+2%2C+iPad+Mini+Retina,2026-10-07,synthetic_history,flipkart:ACCDUV7ZSY9YXJ3P
Reliance Digital,2089.0,0.0,0.0,2089.0,True,https://www.reliancedigital.in/search?q=Enthopia+Back+Cover+for+iPad+Mini%2C+iPad+Mini+2%2C+iPad+Mini+Retina,2026-10-07,synthetic,flipkart:ACCDUV7ZSY9YXJ3P
Amazon,2329.0,0.0,5.0,2334.0,True,https://www.amazon.in/s?k=Enthopia+Back+Cover+for+iPad+Mini%2C+iPad+Mini+2%2C+iPad+Mini+Retina,2026-10-07,synthetic,flipkart:ACCDUV7ZSY9YXJ3P
Croma,2079.0,0.0,0.0,2079.0,False,https://www.google.com/search?q=site%3Acroma.com+Enthopia+Back+Cover+for+iPad+Mini%2C+iPad+Mini+2%2C+iPad+Mini+Retina,2026-10-07,synthetic,flipkart:ACCDUV7ZSY9YXJ3P
Tata CLiQ,2149.0,0.0,0.0,2149.0,False,https://www.tatacliq.com/search/?searchCategory=all&text=Enthopia+Back+Cover+for+iPad+Mini%2C+iPad+Mini+2%2C+iPad+Mini+Retina,2026-10-07,synthetic,flipkart:ACCDUV7ZSY9YXJ3P
Flipkart,2089.0,0.0,3.0,2092.0,True,https://www.flipkart.com/search?q=DailyObjects+Back+Cover+for+Apple+iPad+Mini%2C+Retina+Display,2026-10-07,synthetic_history,flipkart:ACCE6GFHDW6DX4GH
Croma,2149.0,0.0,0.0,2149.0,True,https://www.google.com/search?q=site%3Acroma.com+DailyObjects+Back+Cover+for+Apple+iPad+Mini%2C+Retina+Display,2026-10-07,synthetic,flipkart:ACCE6GFHDW6DX4GH
Amazon,2239.0,0.0,5.0,2244.0,True,https://www.amazon.in/s?k=DailyObjects+Back+Cover+for+Apple+iPad+Mini%2C+Retina+Display,2026-10-07,synthetic,flipkart:ACCE6GFHDW6DX4GH
Reliance Digital,2259.0,0.0,0.0,2259.0,True,https://www.reliancedigital.in/search?q=DailyObjects+Back+Cover+for+Apple+iPad+Mini%2C+Retina+Display,2026-10-07,synthetic,flipkart:ACCE6GFHDW6DX4GH
Tata CLiQ,2289.0,0.0,0.0,2289.0,True,https://www.tatacliq.com/search/?searchCategory=all&text=DailyObjects+Back+Cover+for+Apple+iPad+Mini%2C+Retina+Display,2026-10-07,synthetic,flipkart:ACCE6GFHDW6DX4GH
Amazon,3349.0,0.0,5.0,3354.0,True,https://www.amazon.in/s?k=DailyObjects+Back+Cover+for+Apple+iPad+2%2F3%2F4,2026-10-07,synthetic,flipkart:ACCE9DJTEHXUGPCG
Flipkart,3409.0,0.0,3.0,3412.0,True,https://www.flipkart.com/search?q=DailyObjects+Back+Cover+for+Apple+iPad+2%2F3%2F4,2026-10-07,synthetic_history,flipkart:ACCE9DJTEHXUGPCG
Croma,3529.0,0.0,0.0,3529.0,True,https://www.google.com/search?q=site%3Acroma.com+DailyObjects+Back+Cover+for+Apple+iPad+2%2F3%2F4,2026-10-07,synthetic,flipkart:ACCE9DJTEHXUGPCG
Tata CLiQ,3159.0,0.0,0.0,3159.0,False,https://www.tatacliq.com/search/?searchCategory=all&text=DailyObjects+Back+Cover+for+Apple+iPad+2%2F3%2F4,2026-10-07,synthetic,flipkart:ACCE9DJTEHXUGPCG
Reliance Digital,3609.0,0.0,0.0,3609.0,False,https://www.reliancedigital.in/search?q=DailyObjects+Back+Cover+for+Apple+iPad+2%2F3%2F4,2026-10-07,synthetic,flipkart:ACCE9DJTEHXUGPCG
Amazon,2059.0,0.0,5.0,2064.0,True,https://www.amazon.in/s?k=Enthopia+Back+Cover+for+iPad+Mini%2C+iPad+Mini+2%2C+iPad+Mini+Retina,2026-10-07,synthetic,flipkart:ACCDVHJPWYDRAG5B
Flipkart,2069.0,0.0,3.0,2072.0,True,https://www.flipkart.com/search?q=Enthopia+Back+Cover+for+iPad+Mini%2C+iPad+Mini+2%2C+iPad+Mini+Retina,2026-10-07,synthetic_history,flipkart:ACCDVHJPWYDRAG5B
Reliance Digital,2089.0,0.0,0.0,2089.0,True,https://www.reliancedigital.in/search?q=Enthopia+Back+Cover+for+iPad+Mini%2C+iPad+Mini+2%2C+iPad+Mini+Retina,2026-10-07,synthetic,flipkart:ACCDVHJPWYDRAG5B
Tata CLiQ,2169.0,0.0,0.0,2169.0,False,https://www.tatacliq.com/search/?searchCategory=all&text=Enthopia+Back+Cover+for+iPad+Mini%2C+iPad+Mini+2%2C+iPad+Mini+Retina,2026-10-07,synthetic,flipkart:ACCDVHJPWYDRAG5B
Croma,2199.0,0.0,0.0,2199.0,False,https://www.google.com/search?q=site%3Acroma.com+Enthopia+Back+Cover+for+iPad+Mini%2C+iPad+Mini+2%2C+iPad+Mini+Retina,2026-10-07,synthetic,flipkart:ACCDVHJPWYDRAG5B
Reliance Digital,3909.0,0.0,0.0,3909.0,True,https://www.reliancedigital.in/search?q=JJC+ET-83C++Lens+Hood,2026-10-07,synthetic,flipkart:ACCDVPEXHMS5EGCX
Flipkart,3919.0,0.0,3.0,3922.0,True,https://www.flipkart.com/search?q=JJC+ET-83C++Lens+Hood,2026-10-07,synthetic_history,flipkart:ACCDVPEXHMS5EGCX
Amazon,3979.0,0.0,5.0,3984.0,True,https://www.amazon.in/s?k=JJC+ET-83C++Lens+Hood,2026-10-07,synthetic,flipkart:ACCDVPEXHMS5EGCX
Croma,4149.0,0.0,0.0,4149.0,True,https://www.google.com/search?q=site%3Acroma.com+JJC+ET-83C++Lens+Hood,2026-10-07,synthetic,flipkart:ACCDVPEXHMS5EGCX
Tata CLiQ,4169.0,0.0,0.0,4169.0,True,https://www.tatacliq.com/search/?searchCategory=all&text=JJC+ET-83C++Lens+Hood,2026-10-07,synthetic,flipkart:ACCDVPEXHMS5EGCX
Reliance Digital,269.0,0.0,0.0,269.0,True,https://www.reliancedigital.in/search?q=Digital+Marketing+NKL-830+Mirror+Screen+Guard+for+Nokia+Lumia+830,2026-10-07,synthetic,flipkart:ACCE2V5AZJ6UHPFW
Flipkart,249.0,40.0,3.0,292.0,True,https://www.flipkart.com/search?q=Digital+Marketing+NKL-830+Mirror+Screen+Guard+for+Nokia+Lumia+830,2026-10-07,synthetic_history,flipkart:ACCE2V5AZJ6UHPFW
Amazon,259.0,40.0,5.0,304.0,True,https://www.amazon.in/s?k=Digital+Marketing+NKL-830+Mirror+Screen+Guard+for+Nokia+Lumia+830,2026-10-07,synthetic,flipkart:ACCE2V5AZJ6UHPFW
Tata CLiQ,269.0,99.0,0.0,368.0,True,https://www.tatacliq.com/search/?searchCategory=all&text=Digital+Marketing+NKL-830+Mirror+Screen+Guard+for+Nokia+Lumia+830,2026-10-07,synthetic,flipkart:ACCE2V5AZJ6UHPFW
Croma,279.0,0.0,0.0,279.0,False,https://www.google.com/search?q=site%3Acroma.com+Digital+Marketing+NKL-830+Mirror+Screen+Guard+for+Nokia+Lumia+830,2026-10-07,synthetic,flipkart:ACCE2V5AZJ6UHPFW
Croma,359.0,0.0,0.0,359.0,True,https://www.google.com/search?q=site%3Acroma.com+Buynow+Glass_44+Tempered+Glass+for+Lenovo+K5+Note,2026-10-07,synthetic,flipkart:ACCEGRYUZDNYEYJW
Reliance Digital,369.0,0.0,0.0,369.0,True,https://www.reliancedigital.in/search?q=Buynow+Glass_44+Tempered+Glass+for+Lenovo+K5+Note,2026-10-07,synthetic,flipkart:ACCEGRYUZDNYEYJW
Amazon,339.0,40.0,5.0,384.0,True,https://www.amazon.in/s?k=Buynow+Glass_44+Tempered+Glass+for+Lenovo+K5+Note,2026-10-07,synthetic,flipkart:ACCEGRYUZDNYEYJW
Flipkart,349.0,40.0,3.0,392.0,True,https://www.flipkart.com/search?q=Buynow+Glass_44+Tempered+Glass+for+Lenovo+K5+Note,2026-10-07,synthetic_history,flipkart:ACCEGRYUZDNYEYJW
Tata CLiQ,419.0,99.0,0.0,518.0,True,https://www.tatacliq.com/search/?searchCategory=all&text=Buynow+Glass_44+Tempered+Glass+for+Lenovo+K5+Note,2026-10-07,synthetic,flipkart:ACCEGRYUZDNYEYJW
Croma,209.0,0.0,0.0,209.0,True,https://www.google.com/search?q=site%3Acroma.com+Remax+Micro+USB+Data+Sync+Charging+Cable+USB+Cable,2026-10-07,synthetic,flipkart:ACCDZNNDA7FHCYJF
Reliance Digital,219.0,0.0,0.0,219.0,True,https://www.reliancedigital.in/search?q=Remax+Micro+USB+Data+Sync+Charging+Cable+USB+Cable,2026-10-07,synthetic,flipkart:ACCDZNNDA7FHCYJF
Amazon,189.0,40.0,5.0,234.0,True,https://www.amazon.in/s?k=Remax+Micro+USB+Data+Sync+Charging+Cable+USB+Cable,2026-10-07,synthetic,flipkart:ACCDZNNDA7FHCYJF
Flipkart,199.0,40.0,3.0,242.0,True,https://www.flipkart.com/search?q=Remax+Micro+USB+Data+Sync+Charging+Cable+USB+Cable,2026-10-07,synthetic_history,flipkart:ACCDZNNDA7FHCYJF
Tata CLiQ,209.0,99.0,0.0,308.0,True,https://www.tatacliq.com/search/?searchCategory=all&text=Remax+Micro+USB+Data+Sync+Charging+Cable+USB+Cable,2026-10-07,synthetic,flipkart:ACCDZNNDA7FHCYJF
Amazon,839.0,0.0,5.0,844.0,True,https://www.amazon.in/s?k=Shortkut+enterprises+510+Mobile%2FTablet+Speaker,2026-10-07,synthetic,flipkart:ACCEGWTYBXCTU25E
Flipkart,879.0,0.0,3.0,882.0,True,https://www.flipkart.com/search?q=Shortkut+enterprises+510+Mobile%2FTablet+Speaker,2026-10-07,synthetic_history,flipkart:ACCEGWTYBXCTU25E
Tata CLiQ,889.0,99.0,0.0,988.0,True,https://www.tatacliq.com/search/?searchCategory=all&text=Shortkut+enterprises+510+Mobile%2FTablet+Speaker,2026-10-07,synthetic,flipkart:ACCEGWTYBXCTU25E
Croma,829.0,0.0,0.0,829.0,False,https://www.google.com/search?q=site%3Acroma.com+Shortkut+enterprises+510+Mobile%2FTablet+Speaker,2026-10-07,synthetic,flipkart:ACCEGWTYBXCTU25E
Reliance Digital,879.0,0.0,0.0,879.0,False,https://www.reliancedigital.in/search?q=Shortkut+enterprises+510+Mobile%2FTablet+Speaker,2026-10-07,synthetic,flipkart:ACCEGWTYBXCTU25E
Myntra,6349.0,0.0,0.0,6349.0,True,https://www.google.com/search?q=site%3Amyntra.com+Polo+House+USA+ExclusiveTrolleyBag13MD+Check-in+Luggage+-+28,2026-10-07,synthetic,flipkart:STCEGDYJZFW5Y2WV
Amazon,6759.0,0.0,5.0,6764.0,True,https://www.amazon.in/s?k=Polo+House+USA+ExclusiveTrolleyBag13MD+Check-in+Luggage+-+28,2026-10-07,synthetic,flipkart:STCEGDYJZFW5Y2WV
Flipkart,7039.0,0.0,3.0,7042.0,True,https://www.flipkart.com/search?q=Polo+House+USA+ExclusiveTrolleyBag13MD+Check-in+Luggage+-+28,2026-10-07,synthetic_history,flipkart:STCEGDYJZFW5Y2WV
Tata CLiQ,7989.0,0.0,0.0,7989.0,True,https://www.tatacliq.com/search/?searchCategory=all&text=Polo+House+USA+ExclusiveTrolleyBag13MD+Check-in+Luggage+-+28,2026-10-07,synthetic,flipkart:STCEGDYJZFW5Y2WV
Ajio,5859.0,0.0,0.0,5859.0,False,https://www.ajio.com/search/?text=Polo+House+USA+ExclusiveTrolleyBag13MD+Check-in+Luggage+-+28,2026-10-07,synthetic,flipkart:STCEGDYJZFW5Y2WV
Meesho,6139.0,0.0,0.0,6139.0,False,https://www.meesho.com/search?q=Polo+House+USA+ExclusiveTrolleyBag13MD+Check-in+Luggage+-+28,2026-10-07,synthetic,flipkart:STCEGDYJZFW5Y2WV
Myntra,1179.0,0.0,0.0,1179.0,True,https://www.google.com/search?q=site%3Amyntra.com+Maxima+25052CMGY+Analog+Watch++-+For+Men,2026-10-07,synthetic,flipkart:WATE26J7AQZKRJPK
Ajio,1239.0,0.0,0.0,1239.0,True,https://www.ajio.com/search/?text=Maxima+25052CMGY+Analog+Watch++-+For+Men,2026-10-07,synthetic,flipkart:WATE26J7AQZKRJPK
Amazon,1279.0,0.0,5.0,1284.0,True,https://www.amazon.in/s?k=Maxima+25052CMGY+Analog+Watch++-+For+Men,2026-10-07,synthetic,flipkart:WATE26J7AQZKRJPK
Flipkart,1339.0,0.0,3.0,1342.0,True,https://www.flipkart.com/search?q=Maxima+25052CMGY+Analog+Watch++-+For+Men,2026-10-07,synthetic_history,flipkart:WATE26J7AQZKRJPK
Meesho,1379.0,0.0,0.0,1379.0,False,https://www.meesho.com/search?q=Maxima+25052CMGY+Analog+Watch++-+For+Men,2026-10-07,synthetic,flipkart:WATE26J7AQZKRJPK
Tata CLiQ,1399.0,0.0,0.0,1399.0,False,https://www.tatacliq.com/search/?searchCategory=all&text=Maxima+25052CMGY+Analog+Watch++-+For+Men,2026-10-07,synthetic,flipkart:WATE26J7AQZKRJPK
Amazon,649.0,0.0,5.0,654.0,True,https://www.amazon.in/s?k=DICE+NMB-B148-4293+Numbers+Analog+Watch++-+For+Men%2C+Boys,2026-10-07,synthetic,flipkart:WATEHYHNCANKP5VZ
Flipkart,659.0,0.0,3.0,662.0,True,https://www.flipkart.com/search?q=DICE+NMB-B148-4293+Numbers+Analog+Watch++-+For+Men%2C+Boys,2026-10-07,synthetic_history,flipkart:WATEHYHNCANKP5VZ
Tata CLiQ,719.0,99.0,0.0,818.0,True,https://www.tatacliq.com/search/?searchCategory=all&text=DICE+NMB-B148-4293+Numbers+Analog+Watch++-+For+Men%2C+Boys,2026-10-07,synthetic,flipkart:WATEHYHNCANKP5VZ
Meesho,679.0,0.0,0.0,679.0,False,https://www.meesho.com/search?q=DICE+NMB-B148-4293+Numbers+Analog+Watch++-+For+Men%2C+Boys,2026-10-07,synthetic,flipkart:WATEHYHNCANKP5VZ
Myntra,619.0,99.0,0.0,718.0,False,https://www.google.com/search?q=site%3Amyntra.com+DICE+NMB-B148-4293+Numbers+Analog+Watch++-+For+Men%2C+Boys,2026-10-07,synthetic,flipkart:WATEHYHNCANKP5VZ
Ajio,709.0,99.0,0.0,808.0,False,https://www.ajio.com/search/?text=DICE+NMB-B148-4293+Numbers+Analog+Watch++-+For+Men%2C+Boys,2026-10-07,synthetic,flipkart:WATEHYHNCANKP5VZ
Meesho,1139.0,0.0,0.0,1139.0,True,https://www.meesho.com/search?q=Olvin+Wayfarer+Sunglasses,2026-10-07,synthetic,flipkart:SGLEGBV65VHSPDC8
Ajio,1199.0,0.0,0.0,1199.0,True,https://www.ajio.com/search/?text=Olvin+Wayfarer+Sunglasses,2026-10-07,synthetic,flipkart:SGLEGBV65VHSPDC8
Flipkart,1249.0,0.0,3.0,1252.0,True,https://www.flipkart.com/search?q=Olvin+Wayfarer+Sunglasses,2026-10-07,synthetic_history,flipkart:SGLEGBV65VHSPDC8
Amazon,1249.0,0.0,5.0,1254.0,True,https://www.amazon.in/s?k=Olvin+Wayfarer+Sunglasses,2026-10-07,synthetic,flipkart:SGLEGBV65VHSPDC8
Myntra,1269.0,0.0,0.0,1269.0,True,https://www.google.com/search?q=site%3Amyntra.com+Olvin+Wayfarer+Sunglasses,2026-10-07,synthetic,flipkart:SGLEGBV65VHSPDC8
Tata CLiQ,1379.0,0.0,0.0,1379.0,True,https://www.tatacliq.com/search/?searchCategory=all&text=Olvin+Wayfarer+Sunglasses,2026-10-07,synthetic,flipkart:SGLEGBV65VHSPDC8
Flipkart,959.0,0.0,3.0,962.0,True,https://www.flipkart.com/search?q=Zoe+Marciano+Blue+Heavy-duty+satin+wong+fabric++Clutch,2026-10-07,synthetic_history,flipkart:CLTEHD75ANYWYAAY
Ajio,869.0,99.0,0.0,968.0,True,https://www.ajio.com/search/?text=Zoe+Marciano+Blue+Heavy-duty+satin+wong+fabric++Clutch,2026-10-07,synthetic,flipkart:CLTEHD75ANYWYAAY
Meesho,979.0,0.0,0.0,979.0,True,https://www.meesho.com/search?q=Zoe+Marciano+Blue+Heavy-duty+satin+wong+fabric++Clutch,2026-10-07,synthetic,flipkart:CLTEHD75ANYWYAAY
Myntra,1059.0,0.0,0.0,1059.0,True,https://www.google.com/search?q=site%3Amyntra.com+Zoe+Marciano+Blue+Heavy-duty+satin+wong+fabric++Clutch,2026-10-07,synthetic,flipkart:CLTEHD75ANYWYAAY
Amazon,1069.0,0.0,5.0,1074.0,True,https://www.amazon.in/s?k=Zoe+Marciano+Blue+Heavy-duty+satin+wong+fabric++Clutch,2026-10-07,synthetic,flipkart:CLTEHD75ANYWYAAY
Tata CLiQ,1009.0,0.0,0.0,1009.0,False,https://www.tatacliq.com/search/?searchCategory=all&text=Zoe+Marciano+Blue+Heavy-duty+satin+wong+fabric++Clutch,2026-10-07,synthetic,flipkart:CLTEHD75ANYWYAAY
Tata CLiQ,1839.0,0.0,0.0,1839.0,True,https://www.tatacliq.com/search/?searchCategory=all&text=Maxima+20981LMGI+Attivo+Analog+Watch++-+For+Men,2026-10-07,synthetic,flipkart:WATE4S5RKYHT9W3Z
Amazon,1839.0,0.0,5.0,1844.0,True,https://www.amazon.in/s?k=Maxima+20981LMGI+Attivo+Analog+Watch++-+For+Men,2026-10-07,synthetic,flipkart:WATE4S5RKYHT9W3Z
Flipkart,1849.0,0.0,3.0,1852.0,True,https://www.flipkart.com/search?q=Maxima+20981LMGI+Attivo+Analog+Watch++-+For+Men,2026-10-07,synthetic_history,flipkart:WATE4S5RKYHT9W3Z
Myntra,1909.0,0.0,0.0,1909.0,True,https://www.google.com/search?q=site%3Amyntra.com+Maxima+20981LMGI+Attivo+Analog+Watch++-+For+Men,2026-10-07,synthetic,flipkart:WATE4S5RKYHT9W3Z
Meesho,1649.0,0.0,0.0,1649.0,False,https://www.meesho.com/search?q=Maxima+20981LMGI+Attivo+Analog+Watch++-+For+Men,2026-10-07,synthetic,flipkart:WATE4S5RKYHT9W3Z
Ajio,1919.0,0.0,0.0,1919.0,False,https://www.ajio.com/search/?text=Maxima+20981LMGI+Attivo+Analog+Watch++-+For+Men,2026-10-07,synthetic,flipkart:WATE4S5RKYHT9W3Z
Meesho,1789.0,0.0,0.0,1789.0,True,https://www.meesho.com/search?q=Petrol+PCWBL68+Analog+Watch++-+For+Men,2026-10-07,synthetic,flipkart:WATDPV5TUCGZ8JCN
Amazon,1849.0,0.0,5.0,1854.0,True,https://www.amazon.in/s?k=Petrol+PCWBL68+Analog+Watch++-+For+Men,2026-10-07,synthetic,flipkart:WATDPV5TUCGZ8JCN
Flipkart,1989.0,0.0,3.0,1992.0,True,https://www.flipkart.com/search?q=Petrol+PCWBL68+Analog+Watch++-+For+Men,2026-10-07,synthetic_history,flipkart:WATDPV5TUCGZ8JCN
Ajio,2059.0,0.0,0.0,2059.0,True,https://www.ajio.com/search/?text=Petrol+PCWBL68+Analog+Watch++-+For+Men,2026-10-07,synthetic,flipkart:WATDPV5TUCGZ8JCN
Myntra,1989.0,0.0,0.0,1989.0,False,https://www.google.com/search?q=site%3Amyntra.com+Petrol+PCWBL68+Analog+Watch++-+For+Men,2026-10-07,synthetic,flipkart:WATDPV5TUCGZ8JCN
Tata CLiQ,1999.0,0.0,0.0,1999.0,False,https://www.tatacliq.com/search/?searchCategory=all&text=Petrol+PCWBL68+Analog+Watch++-+For+Men,2026-10-07,synthetic,flipkart:WATDPV5TUCGZ8JCN
Ajio,1459.0,0.0,0.0,1459.0,True,https://www.ajio.com/search/?text=Dressberry+Black+Synthetic++Clutch,2026-10-07,synthetic,flipkart:CLTEHE9FD2APDRWQ
Flipkart,1469.0,0.0,3.0,1472.0,True,https://www.flipkart.com/search?q=Dressberry+Black+Synthetic++Clutch,2026-10-07,synthetic_history,flipkart:CLTEHE9FD2APDRWQ
Amazon,1489.0,0.0,5.0,1494.0,True,https://www.amazon.in/s?k=Dressberry+Black+Synthetic++Clutch,2026-10-07,synthetic,flipkart:CLTEHE9FD2APDRWQ
Tata CLiQ,1599.0,0.0,0.0,1599.0,True,https://www.tatacliq.com/search/?searchCategory=all&text=Dressberry+Black+Synthetic++Clutch,2026-10-07,synthetic,flipkart:CLTEHE9FD2APDRWQ
Meesho,1489.0,0.0,0.0,1489.0,False,https://www.meesho.com/search?q=Dressberry+Black+Synthetic++Clutch,2026-10-07,synthetic,flipkart:CLTEHE9FD2APDRWQ
Myntra,1539.0,0.0,0.0,1539.0,False,https://www.google.com/search?q=site%3Amyntra.com+Dressberry+Black+Synthetic++Clutch,2026-10-07,synthetic,flipkart:CLTEHE9FD2APDRWQ
Meesho,719.0,0.0,0.0,719.0,True,https://www.meesho.com/search?q=Dolphin+Product+Shoulder+Bag,2026-10-07,synthetic,flipkart:HMBEGWTFEV4TF2RH
Amazon,879.0,0.0,5.0,884.0,True,https://www.amazon.in/s?k=Dolphin+Product+Shoulder+Bag,2026-10-07,synthetic,flipkart:HMBEGWTFEV4TF2RH
Flipkart,919.0,0.0,3.0,922.0,True,https://www.flipkart.com/search?q=Dolphin+Product+Shoulder+Bag,2026-10-07,synthetic_history,flipkart:HMBEGWTFEV4TF2RH
Ajio,829.0,99.0,0.0,928.0,True,https://www.ajio.com/search/?text=Dolphin+Product+Shoulder+Bag,2026-10-07,synthetic,flipkart:HMBEGWTFEV4TF2RH
Myntra,949.0,99.0,0.0,1048.0,True,https://www.google.com/search?q=site%3Amyntra.com+Dolphin+Product+Shoulder+Bag,2026-10-07,synthetic,flipkart:HMBEGWTFEV4TF2RH
Tata CLiQ,1009.0,0.0,0.0,1009.0,False,https://www.tatacliq.com/search/?searchCategory=all&text=Dolphin+Product+Shoulder+Bag,2026-10-07,synthetic,flipkart:HMBEGWTFEV4TF2RH
Amazon,859.0,0.0,5.0,864.0,True,https://www.amazon.in/s?k=Fastrack+9912PP15+Tees+Analog+Watch++-+For+Men%2C+Women,2026-10-07,synthetic,flipkart:WATDDXF3D4SGXCW8
Flipkart,899.0,0.0,3.0,902.0,True,https://www.flipkart.com/search?q=Fastrack+9912PP15+Tees+Analog+Watch++-+For+Men%2C+Women,2026-10-07,synthetic_history,flipkart:WATDDXF3D4SGXCW8
Myntra,889.0,99.0,0.0,988.0,True,https://www.google.com/search?q=site%3Amyntra.com+Fastrack+9912PP15+Tees+Analog+Watch++-+For+Men%2C+Women,2026-10-07,synthetic,flipkart:WATDDXF3D4SGXCW8
Tata CLiQ,899.0,99.0,0.0,998.0,True,https://www.tatacliq.com/search/?searchCategory=all&text=Fastrack+9912PP15+Tees+Analog+Watch++-+For+Men%2C+Women,2026-10-07,synthetic,flipkart:WATDDXF3D4SGXCW8
Ajio,929.0,99.0,0.0,1028.0,True,https://www.ajio.com/search/?text=Fastrack+9912PP15+Tees+Analog+Watch++-+For+Men%2C+Women,2026-10-07,synthetic,flipkart:WATDDXF3D4SGXCW8
Meesho,829.0,0.0,0.0,829.0,False,https://www.meesho.com/search?q=Fastrack+9912PP15+Tees+Analog+Watch++-+For+Men%2C+Women,2026-10-07,synthetic,flipkart:WATDDXF3D4SGXCW8
Flipkart,1059.0,0.0,3.0,1062.0,True,https://www.flipkart.com/search?q=Fastrack+3062PP12+Tees+Pop+Analog+Watch++-+For+Women%2C+Men,2026-10-07,synthetic_history,flipkart:WATDEWZ9KHPSHESC
Amazon,1079.0,0.0,5.0,1084.0,True,https://www.amazon.in/s?k=Fastrack+3062PP12+Tees+Pop+Analog+Watch++-+For+Women%2C+Men,2026-10-07,synthetic,flipkart:WATDEWZ9KHPSHESC
Tata CLiQ,989.0,99.0,0.0,1088.0,True,https://www.tatacliq.com/search/?searchCategory=all&text=Fastrack+3062PP12+Tees+Pop+Analog+Watch++-+For+Women%2C+Men,2026-10-07,synthetic,flipkart:WATDEWZ9KHPSHESC
Myntra,1229.0,0.0,0.0,1229.0,True,https://www.google.com/search?q=site%3Amyntra.com+Fastrack+3062PP12+Tees+Pop+Analog+Watch++-+For+Women%2C+Men,2026-10-07,synthetic,flipkart:WATDEWZ9KHPSHESC
Meesho,799.0,0.0,0.0,799.0,False,https://www.meesho.com/search?q=Fastrack+3062PP12+Tees+Pop+Analog+Watch++-+For+Women%2C+Men,2026-10-07,synthetic,flipkart:WATDEWZ9KHPSHESC
Ajio,1129.0,0.0,0.0,1129.0,False,https://www.ajio.com/search/?text=Fastrack+3062PP12+Tees+Pop+Analog+Watch++-+For+Women%2C+Men,2026-10-07,synthetic,flipkart:WATDEWZ9KHPSHESC
Meesho,1069.0,0.0,0.0,1069.0,True,https://www.meesho.com/search?q=Jazz+Eyewears+Over-sized+Sunglasses,2026-10-07,synthetic,flipkart:SGLEGGG3PBR9XMDF
Ajio,1199.0,0.0,0.0,1199.0,True,https://www.ajio.com/search/?text=Jazz+Eyewears+Over-sized+Sunglasses,2026-10-07,synthetic,flipkart:SGLEGGG3PBR9XMDF
Flipkart,1269.0,0.0,3.0,1272.0,True,https://www.flipkart.com/search?q=Jazz+Eyewears+Over-sized+Sunglasses,2026-10-07,synthetic_history,flipkart:SGLEGGG3PBR9XMDF
Amazon,1289.0,0.0,5.0,1294.0,True,https://www.amazon.in/s?k=Jazz+Eyewears+Over-sized+Sunglasses,2026-10-07,synthetic,flipkart:SGLEGGG3PBR9XMDF
Myntra,1359.0,0.0,0.0,1359.0,True,https://www.google.com/search?q=site%3Amyntra.com+Jazz+Eyewears+Over-sized+Sunglasses,2026-10-07,synthetic,flipkart:SGLEGGG3PBR9XMDF
Tata CLiQ,1379.0,0.0,0.0,1379.0,True,https://www.tatacliq.com/search/?searchCategory=all&text=Jazz+Eyewears+Over-sized+Sunglasses,2026-10-07,synthetic,flipkart:SGLEGGG3PBR9XMDF
Amazon,1389.0,0.0,5.0,1394.0,True,https://www.amazon.in/s?k=Fastrack+ND9912PP11J+Teevirus+Analog+Watch++-+For+Men%2C+Women,2026-10-07,synthetic,flipkart:WATDKB7JA52JZRRU
Flipkart,1399.0,0.0,3.0,1402.0,True,https://www.flipkart.com/search?q=Fastrack+ND9912PP11J+Teevirus+Analog+Watch++-+For+Men%2C+Women,2026-10-07,synthetic_history,flipkart:WATDKB7JA52JZRRU
Myntra,1429.0,0.0,0.0,1429.0,True,https://www.google.com/search?q=site%3Amyntra.com+Fastrack+ND9912PP11J+Teevirus+Analog+Watch++-+For+Men%2C+Women,2026-10-07,synthetic,flipkart:WATDKB7JA52JZRRU
Ajio,1449.0,0.0,0.0,1449.0,True,https://www.ajio.com/search/?text=Fastrack+ND9912PP11J+Teevirus+Analog+Watch++-+For+Men%2C+Women,2026-10-07,synthetic,flipkart:WATDKB7JA52JZRRU
Meesho,1149.0,0.0,0.0,1149.0,False,https://www.meesho.com/search?q=Fastrack+ND9912PP11J+Teevirus+Analog+Watch++-+For+Men%2C+Women,2026-10-07,synthetic,flipkart:WATDKB7JA52JZRRU
Tata CLiQ,1429.0,0.0,0.0,1429.0,False,https://www.tatacliq.com/search/?searchCategory=all&text=Fastrack+ND9912PP11J+Teevirus+Analog+Watch++-+For+Men%2C+Women,2026-10-07,synthetic,flipkart:WATDKB7JA52JZRRU
Amazon,569.0,0.0,5.0,574.0,True,https://www.amazon.in/s?k=Kool+Kidz+DMK-001-PR+01+Analog+Watch++-+For+Boys%2C+Girls,2026-10-07,synthetic,flipkart:WATDPV5TVAPYZCJA
Meesho,579.0,0.0,0.0,579.0,True,https://www.meesho.com/search?q=Kool+Kidz+DMK-001-PR+01+Analog+Watch++-+For+Boys%2C+Girls,2026-10-07,synthetic,flipkart:WATDPV5TVAPYZCJA
Flipkart,579.0,0.0,3.0,582.0,True,https://www.flipkart.com/search?q=Kool+Kidz+DMK-001-PR+01+Analog+Watch++-+For+Boys%2C+Girls,2026-10-07,synthetic_history,flipkart:WATDPV5TVAPYZCJA
Tata CLiQ,549.0,99.0,0.0,648.0,True,https://www.tatacliq.com/search/?searchCategory=all&text=Kool+Kidz+DMK-001-PR+01+Analog+Watch++-+For+Boys%2C+Girls,2026-10-07,synthetic,flipkart:WATDPV5TVAPYZCJA
Ajio,629.0,99.0,0.0,728.0,True,https://www.ajio.com/search/?text=Kool+Kidz+DMK-001-PR+01+Analog+Watch++-+For+Boys%2C+Girls,2026-10-07,synthetic,flipkart:WATDPV5TVAPYZCJA
Myntra,659.0,99.0,0.0,758.0,True,https://www.google.com/search?q=site%3Amyntra.com+Kool+Kidz+DMK-001-PR+01+Analog+Watch++-+For+Boys%2C+Girls,2026-10-07,synthetic,flipkart:WATDPV5TVAPYZCJA
Flipkart,459.0,40.0,3.0,502.0,True,https://www.flipkart.com/search?q=IDBC+GLOBAL+Shoulder+Bag,2026-10-07,synthetic_history,flipkart:HMBE7G34YHWPWKYN
Amazon,479.0,40.0,5.0,524.0,True,https://www.amazon.in/s?k=IDBC+GLOBAL+Shoulder+Bag,2026-10-07,synthetic,flipkart:HMBE7G34YHWPWKYN
Meesho,359.0,0.0,0.0,359.0,False,https://www.meesho.com/search?q=IDBC+GLOBAL+Shoulder+Bag,2026-10-07,synthetic,flipkart:HMBE7G34YHWPWKYN
Tata CLiQ,469.0,99.0,0.0,568.0,False,https://www.tatacliq.com/search/?searchCategory=all&text=IDBC+GLOBAL+Shoulder+Bag,2026-10-07,synthetic,flipkart:HMBE7G34YHWPWKYN
Ajio,519.0,99.0,0.0,618.0,False,https://www.ajio.com/search/?text=IDBC+GLOBAL+Shoulder+Bag,2026-10-07,synthetic,flipkart:HMBE7G34YHWPWKYN
Myntra,529.0,99.0,0.0,628.0,False,https://www.google.com/search?q=site%3Amyntra.com+IDBC+GLOBAL+Shoulder+Bag,2026-10-07,synthetic,flipkart:HMBE7G34YHWPWKYN
Myntra,889.0,99.0,0.0,988.0,True,https://www.google.com/search?q=site%3Amyntra.com+Maxima+24460CMGI+Attivo+Analog+Watch++-+For+Men,2026-10-07,synthetic,flipkart:WATDJTR9ADKGNP68
Amazon,1009.0,0.0,5.0,1014.0,True,https://www.amazon.in/s?k=Maxima+24460CMGI+Attivo+Analog+Watch++-+For+Men,2026-10-07,synthetic,flipkart:WATDJTR9ADKGNP68
Flipkart,1019.0,0.0,3.0,1022.0,True,https://www.flipkart.com/search?q=Maxima+24460CMGI+Attivo+Analog+Watch++-+For+Men,2026-10-07,synthetic_history,flipkart:WATDJTR9ADKGNP68
Tata CLiQ,1029.0,0.0,0.0,1029.0,True,https://www.tatacliq.com/search/?searchCategory=all&text=Maxima+24460CMGI+Attivo+Analog+Watch++-+For+Men,2026-10-07,synthetic,flipkart:WATDJTR9ADKGNP68
Meesho,889.0,0.0,0.0,889.0,False,https://www.meesho.com/search?q=Maxima+24460CMGI+Attivo+Analog+Watch++-+For+Men,2026-10-07,synthetic,flipkart:WATDJTR9ADKGNP68
Ajio,999.0,0.0,0.0,999.0,False,https://www.ajio.com/search/?text=Maxima+24460CMGI+Attivo+Analog+Watch++-+For+Men,2026-10-07,synthetic,flipkart:WATDJTR9ADKGNP68
Meesho,1309.0,0.0,0.0,1309.0,True,https://www.meesho.com/search?q=Legato+Rugsack+Bag+2.5+L+Backpack,2026-10-07,synthetic,flipkart:BKPEGXU9NZQRQGF2
Myntra,1769.0,0.0,0.0,1769.0,True,https://www.google.com/search?q=site%3Amyntra.com+Legato+Rugsack+Bag+2.5+L+Backpack,2026-10-07,synthetic,flipkart:BKPEGXU9NZQRQGF2
Ajio,1919.0,0.0,0.0,1919.0,True,https://www.ajio.com/search/?text=Legato+Rugsack+Bag+2.5+L+Backpack,2026-10-07,synthetic,flipkart:BKPEGXU9NZQRQGF2
Flipkart,1919.0,0.0,3.0,1922.0,True,https://www.flipkart.com/search?q=Legato+Rugsack+Bag+2.5+L+Backpack,2026-10-07,synthetic_history,flipkart:BKPEGXU9NZQRQGF2
Amazon,2019.0,0.0,5.0,2024.0,True,https://www.amazon.in/s?k=Legato+Rugsack+Bag+2.5+L+Backpack,2026-10-07,synthetic,flipkart:BKPEGXU9NZQRQGF2
Tata CLiQ,1789.0,0.0,0.0,1789.0,False,https://www.tatacliq.com/search/?searchCategory=all&text=Legato+Rugsack+Bag+2.5+L+Backpack,2026-10-07,synthetic,flipkart:BKPEGXU9NZQRQGF2
Myntra,1299.0,0.0,0.0,1299.0,True,https://www.google.com/search?q=site%3Amyntra.com+Gift+Island+SW13392F+Fashionin+Digital+Watch++-+For+Women,2026-10-07,synthetic,flipkart:WATE5HFYXEJRCTHF
Flipkart,1429.0,0.0,3.0,1432.0,True,https://www.flipkart.com/search?q=Gift+Island+SW13392F+Fashionin+Digital+Watch++-+For+Women,2026-10-07,synthetic_history,flipkart:WATE5HFYXEJRCTHF
Amazon,1499.0,0.0,5.0,1504.0,True,https://www.amazon.in/s?k=Gift+Island+SW13392F+Fashionin+Digital+Watch++-+For+Women,2026-10-07,synthetic,flipkart:WATE5HFYXEJRCTHF
Meesho,1559.0,0.0,0.0,1559.0,True,https://www.meesho.com/search?q=Gift+Island+SW13392F+Fashionin+Digital+Watch++-+For+Women,2026-10-07,synthetic,flipkart:WATE5HFYXEJRCTHF
Tata CLiQ,1629.0,0.0,0.0,1629.0,True,https://www.tatacliq.com/search/?searchCategory=all&text=Gift+Island+SW13392F+Fashionin+Digital+Watch++-+For+Women,2026-10-07,synthetic,flipkart:WATE5HFYXEJRCTHF
Ajio,1639.0,0.0,0.0,1639.0,False,https://www.ajio.com/search/?text=Gift+Island+SW13392F+Fashionin+Digital+Watch++-+For+Women,2026-10-07,synthetic,flipkart:WATE5HFYXEJRCTHF
Flipkart,199.0,40.0,3.0,242.0,True,https://www.flipkart.com/search?q=palito+PLO+149+Analog+Watch++-+For+Girls%2C+Women,2026-10-07,synthetic_history,flipkart:WATEHZP3ZA9YT99G
Amazon,209.0,40.0,5.0,254.0,True,https://www.amazon.in/s?k=palito+PLO+149+Analog+Watch++-+For+Girls%2C+Women,2026-10-07,synthetic,flipkart:WATEHZP3ZA9YT99G
Ajio,189.0,99.0,0.0,288.0,True,https://www.ajio.com/search/?text=palito+PLO+149+Analog+Watch++-+For+Girls%2C+Women,2026-10-07,synthetic,flipkart:WATEHZP3ZA9YT99G
Myntra,209.0,99.0,0.0,308.0,True,https://www.google.com/search?q=site%3Amyntra.com+palito+PLO+149+Analog+Watch++-+For+Girls%2C+Women,2026-10-07,synthetic,flipkart:WATEHZP3ZA9YT99G
Tata CLiQ,209.0,99.0,0.0,308.0,True,https://www.tatacliq.com/search/?searchCategory=all&text=palito+PLO+149+Analog+Watch++-+For+Girls%2C+Women,2026-10-07,synthetic,flipkart:WATEHZP3ZA9YT99G
Meesho,169.0,0.0,0.0,169.0,False,https://www.meesho.com/search?q=palito+PLO+149+Analog+Watch++-+For+Girls%2C+Women,2026-10-07,synthetic,flipkart:WATEHZP3ZA9YT99G
Flipkart,1649.0,0.0,3.0,1652.0,True,https://www.flipkart.com/search?q=Sonata+7086SL04+Tech+1+Analog+Watch++-+For+Men,2026-10-07,synthetic_history,flipkart:WATDA5ZANJ7UZ74Q
Amazon,1659.0,0.0,5.0,1664.0,True,https://www.amazon.in/s?k=Sonata+7086SL04+Tech+1+Analog+Watch++-+For+Men,2026-10-07,synthetic,flipkart:WATDA5ZANJ7UZ74Q
Tata CLiQ,1709.0,0.0,0.0,1709.0,True,https://www.tatacliq.com/search/?searchCategory=all&text=Sonata+7086SL04+Tech+1+Analog+Watch++-+For+Men,2026-10-07,synthetic,flipkart:WATDA5ZANJ7UZ74Q
Myntra,1719.0,0.0,0.0,1719.0,True,https://www.google.com/search?q=site%3Amyntra.com+Sonata+7086SL04+Tech+1+Analog+Watch++-+For+Men,2026-10-07,synthetic,flipkart:WATDA5ZANJ7UZ74Q
Ajio,1419.0,0.0,0.0,1419.0,False,https://www.ajio.com/search/?text=Sonata+7086SL04+Tech+1+Analog+Watch++-+For+Men,2026-10-07,synthetic,flipkart:WATDA5ZANJ7UZ74Q
Meesho,1469.0,0.0,0.0,1469.0,False,https://www.meesho.com/search?q=Sonata+7086SL04+Tech+1+Analog+Watch++-+For+Men,2026-10-07,synthetic,flipkart:WATDA5ZANJ7UZ74Q
Myntra,1259.0,0.0,0.0,1259.0,True,https://www.google.com/search?q=site%3Amyntra.com+Nexus+NX_7587+Analog+Watch++-+For+Women,2026-10-07,synthetic,flipkart:WATDXFGTUVJZYXRD
Amazon,1499.0,0.0,5.0,1504.0,True,https://www.amazon.in/s?k=Nexus+NX_7587+Analog+Watch++-+For+Women,2026-10-07,synthetic,flipkart:WATDXFGTUVJZYXRD
Flipkart,1519.0,0.0,3.0,1522.0,True,https://www.flipkart.com/search?q=Nexus+NX_7587+Analog+Watch++-+For+Women,2026-10-07,synthetic_history,flipkart:WATDXFGTUVJZYXRD
Meesho,1549.0,0.0,0.0,1549.0,True,https://www.meesho.com/search?q=Nexus+NX_7587+Analog+Watch++-+For+Women,2026-10-07,synthetic,flipkart:WATDXFGTUVJZYXRD
Ajio,1329.0,0.0,0.0,1329.0,False,https://www.ajio.com/search/?text=Nexus+NX_7587+Analog+Watch++-+For+Women,2026-10-07,synthetic,flipkart:WATDXFGTUVJZYXRD
Tata CLiQ,1579.0,0.0,0.0,1579.0,False,https://www.tatacliq.com/search/?searchCategory=all&text=Nexus+NX_7587+Analog+Watch++-+For+Women,2026-10-07,synthetic,flipkart:WATDXFGTUVJZYXRD
Meesho,1079.0,0.0,0.0,1079.0,True,https://www.meesho.com/search?q=Sonata+7007SL02+Analog+Watch++-+For+Men,2026-10-07,synthetic,flipkart:WATDWGAHRCPFYWGW
Amazon,1159.0,0.0,5.0,1164.0,True,https://www.amazon.in/s?k=Sonata+7007SL02+Analog+Watch++-+For+Men,2026-10-07,synthetic,flipkart:WATDWGAHRCPFYWGW
Flipkart,1209.0,0.0,3.0,1212.0,True,https://www.flipkart.com/search?q=Sonata+7007SL02+Analog+Watch++-+For+Men,2026-10-07,synthetic_history,flipkart:WATDWGAHRCPFYWGW
Ajio,1299.0,0.0,0.0,1299.0,True,https://www.ajio.com/search/?text=Sonata+7007SL02+Analog+Watch++-+For+Men,2026-10-07,synthetic,flipkart:WATDWGAHRCPFYWGW
Tata CLiQ,1299.0,0.0,0.0,1299.0,True,https://www.tatacliq.com/search/?searchCategory=all&text=Sonata+7007SL02+Analog+Watch++-+For+Men,2026-10-07,synthetic,flipkart:WATDWGAHRCPFYWGW
Myntra,1409.0,0.0,0.0,1409.0,False,https://www.google.com/search?q=site%3Amyntra.com+Sonata+7007SL02+Analog+Watch++-+For+Men,2026-10-07,synthetic,flipkart:WATDWGAHRCPFYWGW
Flipkart,679.0,0.0,3.0,682.0,True,https://www.flipkart.com/search?q=Sonata+super+fiber+Digital+Watch++-+For+Boys%2C+Men%2C+Girls,2026-10-07,synthetic_history,flipkart:WATECFYFXUKZGCVF
Amazon,749.0,0.0,5.0,754.0,True,https://www.amazon.in/s?k=Sonata+super+fiber+Digital+Watch++-+For+Boys%2C+Men%2C+Girls,2026-10-07,synthetic,flipkart:WATECFYFXUKZGCVF
Myntra,699.0,99.0,0.0,798.0,True,https://www.google.com/search?q=site%3Amyntra.com+Sonata+super+fiber+Digital+Watch++-+For+Boys%2C+Men%2C+Girls,2026-10-07,synthetic,flipkart:WATECFYFXUKZGCVF
Meesho,699.0,0.0,0.0,699.0,False,https://www.meesho.com/search?q=Sonata+super+fiber+Digital+Watch++-+For+Boys%2C+Men%2C+Girls,2026-10-07,synthetic,flipkart:WATECFYFXUKZGCVF
Tata CLiQ,699.0,99.0,0.0,798.0,False,https://www.tatacliq.com/search/?searchCategory=all&text=Sonata+super+fiber+Digital+Watch++-+For+Boys%2C+Men%2C+Girls,2026-10-07,synthetic,flipkart:WATECFYFXUKZGCVF
Ajio,739.0,99.0,0.0,838.0,False,https://www.ajio.com/search/?text=Sonata+super+fiber+Digital+Watch++-+For+Boys%2C+Men%2C+Girls,2026-10-07,synthetic,flipkart:WATECFYFXUKZGCVF
Meesho,469.0,0.0,0.0,469.0,True,https://www.meesho.com/search?q=Zwart+GURNER+25+L+Medium+Laptop+Backpack,2026-10-07,synthetic,flipkart:BKPEAM9EGPND2SNG
Flipkart,479.0,40.0,3.0,522.0,True,https://www.flipkart.com/search?q=Zwart+GURNER+25+L+Medium+Laptop+Backpack,2026-10-07,synthetic_history,flipkart:BKPEAM9EGPND2SNG
Amazon,489.0,40.0,5.0,534.0,True,https://www.amazon.in/s?k=Zwart+GURNER+25+L+Medium+Laptop+Backpack,2026-10-07,synthetic,flipkart:BKPEAM9EGPND2SNG
Myntra,469.0,99.0,0.0,568.0,True,https://www.google.com/search?q=site%3Amyntra.com+Zwart+GURNER+25+L+Medium+Laptop+Backpack,2026-10-07,synthetic,flipkart:BKPEAM9EGPND2SNG
Ajio,559.0,99.0,0.0,658.0,True,https://www.ajio.com/search/?text=Zwart+GURNER+25+L+Medium+Laptop+Backpack,2026-10-07,synthetic,flipkart:BKPEAM9EGPND2SNG
Tata CLiQ,459.0,99.0,0.0,558.0,False,https://www.tatacliq.com/search/?searchCategory=all&text=Zwart+GURNER+25+L+Medium+Laptop+Backpack,2026-10-07,synthetic,flipkart:BKPEAM9EGPND2SNG
Meesho,1669.0,0.0,0.0,1669.0,True,https://www.meesho.com/search?q=Maxima+08587BMLY+Gold+Analog+Watch++-+For+Women,2026-10-07,synthetic,flipkart:WATDZ5HGJGTPBEHB
Myntra,2109.0,0.0,0.0,2109.0,True,https://www.google.com/search?q=site%3Amyntra.com+Maxima+08587BMLY+Gold+Analog+Watch++-+For+Women,2026-10-07,synthetic,flipkart:WATDZ5HGJGTPBEHB
Flipkart,2119.0,0.0,3.0,2122.0,True,https://www.flipkart.com/search?q=Maxima+08587BMLY+Gold+Analog+Watch++-+For+Women,2026-10-07,synthetic_history,flipkart:WATDZ5HGJGTPBEHB
Amazon,2129.0,0.0,5.0,2134.0,True,https://www.amazon.in/s?k=Maxima+08587BMLY+Gold+Analog+Watch++-+For+Women,2026-10-07,synthetic,flipkart:WATDZ5HGJGTPBEHB
Ajio,2359.0,0.0,0.0,2359.0,True,https://www.ajio.com/search/?text=Maxima+08587BMLY+Gold+Analog+Watch++-+For+Women,2026-10-07,synthetic,flipkart:WATDZ5HGJGTPBEHB
Tata CLiQ,2459.0,0.0,0.0,2459.0,True,https://www.tatacliq.com/search/?searchCategory=all&text=Maxima+08587BMLY+Gold+Analog+Watch++-+For+Women,2026-10-07,synthetic,flipkart:WATDZ5HGJGTPBEHB
Meesho,3009.0,0.0,0.0,3009.0,True,https://www.meesho.com/search?q=Perucci+PCC-501C+Decker+Analog+Watch++-+For+Men,2026-10-07,synthetic,flipkart:WATE7QKBJMGNXQRQ
Ajio,3059.0,0.0,0.0,3059.0,True,https://www.ajio.com/search/?text=Perucci+PCC-501C+Decker+Analog+Watch++-+For+Men,2026-10-07,synthetic,flipkart:WATE7QKBJMGNXQRQ
Amazon,3189.0,0.0,5.0,3194.0,True,https://www.amazon.in/s?k=Perucci+PCC-501C+Decker+Analog+Watch++-+For+Men,2026-10-07,synthetic,flipkart:WATE7QKBJMGNXQRQ
Flipkart,3259.0,0.0,3.0,3262.0,True,https://www.flipkart.com/search?q=Perucci+PCC-501C+Decker+Analog+Watch++-+For+Men,2026-10-07,synthetic_history,flipkart:WATE7QKBJMGNXQRQ
Myntra,3199.0,0.0,0.0,3199.0,False,https://www.google.com/search?q=site%3Amyntra.com+Perucci+PCC-501C+Decker+Analog+Watch++-+For+Men,2026-10-07,synthetic,flipkart:WATE7QKBJMGNXQRQ
Tata CLiQ,3629.0,0.0,0.0,3629.0,False,https://www.tatacliq.com/search/?searchCategory=all&text=Perucci+PCC-501C+Decker+Analog+Watch++-+For+Men,2026-10-07,synthetic,flipkart:WATE7QKBJMGNXQRQ
Flipkart,439.0,40.0,3.0,482.0,True,https://www.flipkart.com/search?q=IDBC+GLOBAL+Shoulder+Bag,2026-10-07,synthetic_history,flipkart:HMBE7R2FF7QZHARF
Ajio,409.0,99.0,0.0,508.0,True,https://www.ajio.com/search/?text=IDBC+GLOBAL+Shoulder+Bag,2026-10-07,synthetic,flipkart:HMBE7R2FF7QZHARF
Tata CLiQ,459.0,99.0,0.0,558.0,True,https://www.tatacliq.com/search/?searchCategory=all&text=IDBC+GLOBAL+Shoulder+Bag,2026-10-07,synthetic,flipkart:HMBE7R2FF7QZHARF
Meesho,439.0,0.0,0.0,439.0,False,https://www.meesho.com/search?q=IDBC+GLOBAL+Shoulder+Bag,2026-10-07,synthetic,flipkart:HMBE7R2FF7QZHARF
Myntra,389.0,99.0,0.0,488.0,False,https://www.google.com/search?q=site%3Amyntra.com+IDBC+GLOBAL+Shoulder+Bag,2026-10-07,synthetic,flipkart:HMBE7R2FF7QZHARF
Amazon,449.0,40.0,5.0,494.0,False,https://www.amazon.in/s?k=IDBC+GLOBAL+Shoulder+Bag,2026-10-07,synthetic,flipkart:HMBE7R2FF7QZHARF
Meesho,409.0,0.0,0.0,409.0,True,https://www.meesho.com/search?q=Kool+Kidz+DMK-011-BK+01+Analog+Watch++-+For+Girls%2C+Boys,2026-10-07,synthetic,flipkart:WATDWBHRJHAHKCWG
Flipkart,539.0,0.0,3.0,542.0,True,https://www.flipkart.com/search?q=Kool+Kidz+DMK-011-BK+01+Analog+Watch++-+For+Girls%2C+Boys,2026-10-07,synthetic_history,flipkart:WATDWBHRJHAHKCWG
Amazon,529.0,0.0,5.0,534.0,False,https://www.amazon.in/s?k=Kool+Kidz+DMK-011-BK+01+Analog+Watch++-+For+Girls%2C+Boys,2026-10-07,synthetic,flipkart:WATDWBHRJHAHKCWG
Ajio,489.0,99.0,0.0,588.0,False,https://www.ajio.com/search/?text=Kool+Kidz+DMK-011-BK+01+Analog+Watch++-+For+Girls%2C+Boys,2026-10-07,synthetic,flipkart:WATDWBHRJHAHKCWG
Myntra,559.0,99.0,0.0,658.0,False,https://www.google.com/search?q=site%3Amyntra.com+Kool+Kidz+DMK-011-BK+01+Analog+Watch++-+For+Girls%2C+Boys,2026-10-07,synthetic,flipkart:WATDWBHRJHAHKCWG
Tata CLiQ,579.0,99.0,0.0,678.0,False,https://www.tatacliq.com/search/?searchCategory=all&text=Kool+Kidz+DMK-011-BK+01+Analog+Watch++-+For+Girls%2C+Boys,2026-10-07,synthetic,flipkart:WATDWBHRJHAHKCWG
Tata CLiQ,3029.0,0.0,0.0,3029.0,True,https://www.tatacliq.com/search/?searchCategory=all&text=Perucci+PC-502C+Decker+Analog+Watch++-+For+Men,2026-10-07,synthetic,flipkart:WATE6XU7E3D28FJH
Flipkart,3039.0,0.0,3.0,3042.0,True,https://www.flipkart.com/search?q=Perucci+PC-502C+Decker+Analog+Watch++-+For+Men,2026-10-07,synthetic_history,flipkart:WATE6XU7E3D28FJH
Amazon,3139.0,0.0,5.0,3144.0,True,https://www.amazon.in/s?k=Perucci+PC-502C+Decker+Analog+Watch++-+For+Men,2026-10-07,synthetic,flipkart:WATE6XU7E3D28FJH
Ajio,3249.0,0.0,0.0,3249.0,True,https://www.ajio.com/search/?text=Perucci+PC-502C+Decker+Analog+Watch++-+For+Men,2026-10-07,synthetic,flipkart:WATE6XU7E3D28FJH
Meesho,2839.0,0.0,0.0,2839.0,False,https://www.meesho.com/search?q=Perucci+PC-502C+Decker+Analog+Watch++-+For+Men,2026-10-07,synthetic,flipkart:WATE6XU7E3D28FJH
Myntra,2859.0,0.0,0.0,2859.0,False,https://www.google.com/search?q=site%3Amyntra.com+Perucci+PC-502C+Decker+Analog+Watch++-+For+Men,2026-10-07,synthetic,flipkart:WATE6XU7E3D28FJH
Amazon,539.0,0.0,5.0,544.0,True,https://www.amazon.in/s?k=Olvin+Aviator+Sunglasses,2026-10-07,synthetic,flipkart:SGLEGBV6TXYCHAVG
Flipkart,549.0,0.0,3.0,552.0,True,https://www.flipkart.com/search?q=Olvin+Aviator+Sunglasses,2026-10-07,synthetic_history,flipkart:SGLEGBV6TXYCHAVG
Myntra,469.0,99.0,0.0,568.0,True,https://www.google.com/search?q=site%3Amyntra.com+Olvin+Aviator+Sunglasses,2026-10-07,synthetic,flipkart:SGLEGBV6TXYCHAVG
Meesho,569.0,0.0,0.0,569.0,True,https://www.meesho.com/search?q=Olvin+Aviator+Sunglasses,2026-10-07,synthetic,flipkart:SGLEGBV6TXYCHAVG
Ajio,529.0,99.0,0.0,628.0,False,https://www.ajio.com/search/?text=Olvin+Aviator+Sunglasses,2026-10-07,synthetic,flipkart:SGLEGBV6TXYCHAVG
Tata CLiQ,579.0,99.0,0.0,678.0,False,https://www.tatacliq.com/search/?searchCategory=all&text=Olvin+Aviator+Sunglasses,2026-10-07,synthetic,flipkart:SGLEGBV6TXYCHAVG
Myntra,1839.0,0.0,0.0,1839.0,True,https://www.google.com/search?q=site%3Amyntra.com+Fluid+FU203-GR01+Analog-Digital+Watch++-+For+Men,2026-10-07,synthetic,flipkart:WATDUK7DV6GSTKRD
Flipkart,1839.0,0.0,3.0,1842.0,True,https://www.flipkart.com/search?q=Fluid+FU203-GR01+Analog-Digital+Watch++-+For+Men,2026-10-07,synthetic_history,flipkart:WATDUK7DV6GSTKRD
Tata CLiQ,1919.0,0.0,0.0,1919.0,True,https://www.tatacliq.com/search/?searchCategory=all&text=Fluid+FU203-GR01+Analog-Digital+Watch++-+For+Men,2026-10-07,synthetic,flipkart:WATDUK7DV6GSTKRD
Meesho,1559.0,0.0,0.0,1559.0,False,https://www.meesho.com/search?q=Fluid+FU203-GR01+Analog-Digital+Watch++-+For+Men,2026-10-07,synthetic,flipkart:WATDUK7DV6GSTKRD
Amazon,1679.0,0.0,5.0,1684.0,False,https://www.amazon.in/s?k=Fluid+FU203-GR01+Analog-Digital+Watch++-+For+Men,2026-10-07,synthetic,flipkart:WATDUK7DV6GSTKRD
Ajio,2179.0,0.0,0.0,2179.0,False,https://www.ajio.com/search/?text=Fluid+FU203-GR01+Analog-Digital+Watch++-+For+Men,2026-10-07,synthetic,flipkart:WATDUK7DV6GSTKRD
Flipkart,7779.0,0.0,3.0,7782.0,True,https://www.flipkart.com/search?q=American+Club+ExclusiveTrolleyBag8HO+Expandable++Check-in+Luggage+-+24,2026-10-07,synthetic_history,flipkart:STCEGDYGGZZAZFVK
Ajio,8119.0,0.0,0.0,8119.0,True,https://www.ajio.com/search/?text=American+Club+ExclusiveTrolleyBag8HO+Expandable++Check-in+Luggage+-+24,2026-10-07,synthetic,flipkart:STCEGDYGGZZAZFVK
Meesho,8359.0,0.0,0.0,8359.0,True,https://www.meesho.com/search?q=American+Club+ExclusiveTrolleyBag8HO+Expandable++Check-in+Luggage+-+24,2026-10-07,synthetic,flipkart:STCEGDYGGZZAZFVK
Amazon,8429.0,0.0,5.0,8434.0,True,https://www.amazon.in/s?k=American+Club+ExclusiveTrolleyBag8HO+Expandable++Check-in+Luggage+-+24,2026-10-07,synthetic,flipkart:STCEGDYGGZZAZFVK
Myntra,8459.0,0.0,0.0,8459.0,True,https://www.google.com/search?q=site%3Amyntra.com+American+Club+ExclusiveTrolleyBag8HO+Expandable++Check-in+Luggage+-+24,2026-10-07,synthetic,flipkart:STCEGDYGGZZAZFVK
Tata CLiQ,8829.0,0.0,0.0,8829.0,False,https://www.tatacliq.com/search/?searchCategory=all&text=American+Club+ExclusiveTrolleyBag8HO+Expandable++Check-in+Luggage+-+24,2026-10-07,synthetic,flipkart:STCEGDYGGZZAZFVK
Flipkart,729.0,0.0,3.0,732.0,True,https://www.flipkart.com/search?q=Northwear+Scholor+2+L+Big+Backpack,2026-10-07,synthetic_history,flipkart:BKPE4MU4T2CJ5YTJ
Amazon,749.0,0.0,5.0,754.0,True,https://www.amazon.in/s?k=Northwear+Scholor+2+L+Big+Backpack,2026-10-07,synthetic,flipkart:BKPE4MU4T2CJ5YTJ
Ajio,769.0,99.0,0.0,868.0,True,https://www.ajio.com/search/?text=Northwear+Scholor+2+L+Big+Backpack,2026-10-07,synthetic,flipkart:BKPE4MU4T2CJ5YTJ
Myntra,789.0,99.0,0.0,888.0,True,https://www.google.com/search?q=site%3Amyntra.com+Northwear+Scholor+2+L+Big+Backpack,2026-10-07,synthetic,flipkart:BKPE4MU4T2CJ5YTJ
Meesho,649.0,0.0,0.0,649.0,False,https://www.meesho.com/search?q=Northwear+Scholor+2+L+Big+Backpack,2026-10-07,synthetic,flipkart:BKPE4MU4T2CJ5YTJ
Tata CLiQ,729.0,99.0,0.0,828.0,False,https://www.tatacliq.com/search/?searchCategory=all&text=Northwear+Scholor+2+L+Big+Backpack,2026-10-07,synthetic,flipkart:BKPE4MU4T2CJ5YTJ
Amazon,869.0,0.0,5.0,874.0,True,https://www.amazon.in/s?k=FIFA+15+inch+Laptop+Backpack,2026-10-07,synthetic,flipkart:LTBE4HAWZUMX8VYH
Meesho,879.0,0.0,0.0,879.0,True,https://www.meesho.com/search?q=FIFA+15+inch+Laptop+Backpack,2026-10-07,synthetic,flipkart:LTBE4HAWZUMX8VYH
Flipkart,899.0,0.0,3.0,902.0,True,https://www.flipkart.com/search?q=FIFA+15+inch+Laptop+Backpack,2026-10-07,synthetic_history,flipkart:LTBE4HAWZUMX8VYH
Ajio,939.0,99.0,0.0,1038.0,True,https://www.ajio.com/search/?text=FIFA+15+inch+Laptop+Backpack,2026-10-07,synthetic,flipkart:LTBE4HAWZUMX8VYH
Tata CLiQ,989.0,99.0,0.0,1088.0,True,https://www.tatacliq.com/search/?searchCategory=all&text=FIFA+15+inch+Laptop+Backpack,2026-10-07,synthetic,flipkart:LTBE4HAWZUMX8VYH
Myntra,859.0,99.0,0.0,958.0,False,https://www.google.com/search?q=site%3Amyntra.com+FIFA+15+inch+Laptop+Backpack,2026-10-07,synthetic,flipkart:LTBE4HAWZUMX8VYH
Meesho,969.0,0.0,0.0,969.0,True,https://www.meesho.com/search?q=Neo+Classic+NC16-1002_W+Analog+Watch++-+For+Men,2026-10-07,synthetic,flipkart:WATDN8YFDYTSWDFF
Myntra,1019.0,0.0,0.0,1019.0,True,https://www.google.com/search?q=site%3Amyntra.com+Neo+Classic+NC16-1002_W+Analog+Watch++-+For+Men,2026-10-07,synthetic,flipkart:WATDN8YFDYTSWDFF
Flipkart,1019.0,0.0,3.0,1022.0,True,https://www.flipkart.com/search?q=Neo+Classic+NC16-1002_W+Analog+Watch++-+For+Men,2026-10-07,synthetic_history,flipkart:WATDN8YFDYTSWDFF
Amazon,979.0,0.0,5.0,984.0,False,https://www.amazon.in/s?k=Neo+Classic+NC16-1002_W+Analog+Watch++-+For+Men,2026-10-07,synthetic,flipkart:WATDN8YFDYTSWDFF
Ajio,999.0,0.0,0.0,999.0,False,https://www.ajio.com/search/?text=Neo+Classic+NC16-1002_W+Analog+Watch++-+For+Men,2026-10-07,synthetic,flipkart:WATDN8YFDYTSWDFF
Tata CLiQ,1059.0,0.0,0.0,1059.0,False,https://www.tatacliq.com/search/?searchCategory=all&text=Neo+Classic+NC16-1002_W+Analog+Watch++-+For+Men,2026-10-07,synthetic,flipkart:WATDN8YFDYTSWDFF
Meesho,3119.0,0.0,0.0,3119.0,True,https://www.meesho.com/search?q=Perucci+PC-3333Yellow+Analog+Watch++-+For+Women,2026-10-07,synthetic,flipkart:WATE3FAGBMUANYJZ
Amazon,3199.0,0.0,5.0,3204.0,True,https://www.amazon.in/s?k=Perucci+PC-3333Yellow+Analog+Watch++-+For+Women,2026-10-07,synthetic,flipkart:WATE3FAGBMUANYJZ
Flipkart,3219.0,0.0,3.0,3222.0,True,https://www.flipkart.com/search?q=Perucci+PC-3333Yellow+Analog+Watch++-+For+Women,2026-10-07,synthetic_history,flipkart:WATE3FAGBMUANYJZ
Myntra,4139.0,0.0,0.0,4139.0,True,https://www.google.com/search?q=site%3Amyntra.com+Perucci+PC-3333Yellow+Analog+Watch++-+For+Women,2026-10-07,synthetic,flipkart:WATE3FAGBMUANYJZ
Tata CLiQ,3219.0,0.0,0.0,3219.0,False,https://www.tatacliq.com/search/?searchCategory=all&text=Perucci+PC-3333Yellow+Analog+Watch++-+For+Women,2026-10-07,synthetic,flipkart:WATE3FAGBMUANYJZ
Ajio,3729.0,0.0,0.0,3729.0,False,https://www.ajio.com/search/?text=Perucci+PC-3333Yellow+Analog+Watch++-+For+Women,2026-10-07,synthetic,flipkart:WATE3FAGBMUANYJZ
Flipkart,699.0,0.0,3.0,702.0,True,https://www.flipkart.com/search?q=PIEXIM+mxre+Moon+Design+Moving+Dimonds+Analog+Watch+-+For+Women+%26+Girls+Analog+W,2026-10-07,synthetic_history,flipkart:WATEHZN5BG4SUKBY
Amazon,699.0,0.0,5.0,704.0,True,https://www.amazon.in/s?k=PIEXIM+mxre+Moon+Design+Moving+Dimonds+Analog+Watch+-+For+Women+%26+Girls+Analog+W,2026-10-07,synthetic,flipkart:WATEHZN5BG4SUKBY
Myntra,679.0,99.0,0.0,778.0,True,https://www.google.com/search?q=site%3Amyntra.com+PIEXIM+mxre+Moon+Design+Moving+Dimonds+Analog+Watch+-+For+Women+%26+Girls+Analog+W,2026-10-07,synthetic,flipkart:WATEHZN5BG4SUKBY
Ajio,679.0,99.0,0.0,778.0,True,https://www.ajio.com/search/?text=PIEXIM+mxre+Moon+Design+Moving+Dimonds+Analog+Watch+-+For+Women+%26+Girls+Analog+W,2026-10-07,synthetic,flipkart:WATEHZN5BG4SUKBY
Meesho,709.0,0.0,0.0,709.0,False,https://www.meesho.com/search?q=PIEXIM+mxre+Moon+Design+Moving+Dimonds+Analog+Watch+-+For+Women+%26+Girls+Analog+W,2026-10-07,synthetic,flipkart:WATEHZN5BG4SUKBY
Tata CLiQ,649.0,99.0,0.0,748.0,False,https://www.tatacliq.com/search/?searchCategory=all&text=PIEXIM+mxre+Moon+Design+Moving+Dimonds+Analog+Watch+-+For+Women+%26+Girls+Analog+W,2026-10-07,synthetic,flipkart:WATEHZN5BG4SUKBY
Flipkart,819.0,0.0,3.0,822.0,True,https://www.flipkart.com/search?q=TeEye+Goggles+Bag+8+L+Medium+Backpack,2026-10-07,synthetic_history,flipkart:BKPEBFQ5HR9KAF8F
Amazon,849.0,0.0,5.0,854.0,True,https://www.amazon.in/s?k=TeEye+Goggles+Bag+8+L+Medium+Backpack,2026-10-07,synthetic,flipkart:BKPEBFQ5HR9KAF8F
Myntra,839.0,99.0,0.0,938.0,True,https://www.google.com/search?q=site%3Amyntra.com+TeEye+Goggles+Bag+8+L+Medium+Backpack,2026-10-07,synthetic,flipkart:BKPEBFQ5HR9KAF8F
Tata CLiQ,879.0,99.0,0.0,978.0,True,https://www.tatacliq.com/search/?searchCategory=all&text=TeEye+Goggles+Bag+8+L+Medium+Backpack,2026-10-07,synthetic,flipkart:BKPEBFQ5HR9KAF8F
Meesho,779.0,0.0,0.0,779.0,False,https://www.meesho.com/search?q=TeEye+Goggles+Bag+8+L+Medium+Backpack,2026-10-07,synthetic,flipkart:BKPEBFQ5HR9KAF8F
Ajio,829.0,99.0,0.0,928.0,False,https://www.ajio.com/search/?text=TeEye+Goggles+Bag+8+L+Medium+Backpack,2026-10-07,synthetic,flipkart:BKPEBFQ5HR9KAF8F
Ajio,3639.0,0.0,0.0,3639.0,True,https://www.ajio.com/search/?text=Jacques+Farel+KWD2324+Analog+Watch++-+For+Boys,2026-10-07,synthetic,flipkart:WATDUKHHH4SQXDAK
Tata CLiQ,3659.0,0.0,0.0,3659.0,True,https://www.tatacliq.com/search/?searchCategory=all&text=Jacques+Farel+KWD2324+Analog+Watch++-+For+Boys,2026-10-07,synthetic,flipkart:WATDUKHHH4SQXDAK
Myntra,3769.0,0.0,0.0,3769.0,True,https://www.google.com/search?q=site%3Amyntra.com+Jacques+Farel+KWD2324+Analog+Watch++-+For+Boys,2026-10-07,synthetic,flipkart:WATDUKHHH4SQXDAK
Meesho,3859.0,0.0,0.0,3859.0,True,https://www.meesho.com/search?q=Jacques+Farel+KWD2324+Analog+Watch++-+For+Boys,2026-10-07,synthetic,flipkart:WATDUKHHH4SQXDAK
Flipkart,3939.0,0.0,3.0,3942.0,True,https://www.flipkart.com/search?q=Jacques+Farel+KWD2324+Analog+Watch++-+For+Boys,2026-10-07,synthetic_history,flipkart:WATDUKHHH4SQXDAK
Amazon,4209.0,0.0,5.0,4214.0,True,https://www.amazon.in/s?k=Jacques+Farel+KWD2324+Analog+Watch++-+For+Boys,2026-10-07,synthetic,flipkart:WATDUKHHH4SQXDAK
Meesho,1609.0,0.0,0.0,1609.0,True,https://www.meesho.com/search?q=Q%26Q+DA37J504Y+Analog+Watch++-+For+Women,2026-10-07,synthetic,flipkart:WATDZ9CEM6F4KHTZ
Tata CLiQ,2149.0,0.0,0.0,2149.0,True,https://www.tatacliq.com/search/?searchCategory=all&text=Q%26Q+DA37J504Y+Analog+Watch++-+For+Women,2026-10-07,synthetic,flipkart:WATDZ9CEM6F4KHTZ
Ajio,2169.0,0.0,0.0,2169.0,True,https://www.ajio.com/search/?text=Q%26Q+DA37J504Y+Analog+Watch++-+For+Women,2026-10-07,synthetic,flipkart:WATDZ9CEM6F4KHTZ
Flipkart,2269.0,0.0,3.0,2272.0,True,https://www.flipkart.com/search?q=Q%26Q+DA37J504Y+Analog+Watch++-+For+Women,2026-10-07,synthetic_history,flipkart:WATDZ9CEM6F4KHTZ
Amazon,2419.0,0.0,5.0,2424.0,True,https://www.amazon.in/s?k=Q%26Q+DA37J504Y+Analog+Watch++-+For+Women,2026-10-07,synthetic,flipkart:WATDZ9CEM6F4KHTZ
Myntra,2149.0,0.0,0.0,2149.0,False,https://www.google.com/search?q=site%3Amyntra.com+Q%26Q+DA37J504Y+Analog+Watch++-+For+Women,2026-10-07,synthetic,flipkart:WATDZ9CEM6F4KHTZ
Flipkart,889.0,0.0,3.0,892.0,True,https://www.flipkart.com/search?q=AMCO+Walking+Shoes,2026-10-07,synthetic_history,flipkart:SHOEGWYGYKCCFGWH
Amazon,889.0,0.0,5.0,894.0,True,https://www.amazon.in/s?k=AMCO+Walking+Shoes,2026-10-07,synthetic,flipkart:SHOEGWYGYKCCFGWH
Meesho,1029.0,0.0,0.0,1029.0,True,https://www.meesho.com/search?q=AMCO+Walking+Shoes,2026-10-07,synthetic,flipkart:SHOEGWYGYKCCFGWH
Myntra,949.0,99.0,0.0,1048.0,True,https://www.google.com/search?q=site%3Amyntra.com+AMCO+Walking+Shoes,2026-10-07,synthetic,flipkart:SHOEGWYGYKCCFGWH
Tata CLiQ,929.0,99.0,0.0,1028.0,False,https://www.tatacliq.com/search/?searchCategory=all&text=AMCO+Walking+Shoes,2026-10-07,synthetic,flipkart:SHOEGWYGYKCCFGWH
Ajio,959.0,99.0,0.0,1058.0,False,https://www.ajio.com/search/?text=AMCO+Walking+Shoes,2026-10-07,synthetic,flipkart:SHOEGWYGYKCCFGWH
Amazon,749.0,0.0,5.0,754.0,True,https://www.amazon.in/s?k=Aris+Mart+Women+Wedges,2026-10-07,synthetic,flipkart:SNDE7KJ8MAGYFHME
Meesho,759.0,0.0,0.0,759.0,True,https://www.meesho.com/search?q=Aris+Mart+Women+Wedges,2026-10-07,synthetic,flipkart:SNDE7KJ8MAGYFHME
Flipkart,789.0,0.0,3.0,792.0,True,https://www.flipkart.com/search?q=Aris+Mart+Women+Wedges,2026-10-07,synthetic_history,flipkart:SNDE7KJ8MAGYFHME
Myntra,759.0,99.0,0.0,858.0,True,https://www.google.com/search?q=site%3Amyntra.com+Aris+Mart+Women+Wedges,2026-10-07,synthetic,flipkart:SNDE7KJ8MAGYFHME
Ajio,839.0,99.0,0.0,938.0,True,https://www.ajio.com/search/?text=Aris+Mart+Women+Wedges,2026-10-07,synthetic,flipkart:SNDE7KJ8MAGYFHME
Tata CLiQ,749.0,99.0,0.0,848.0,False,https://www.tatacliq.com/search/?searchCategory=all&text=Aris+Mart+Women+Wedges,2026-10-07,synthetic,flipkart:SNDE7KJ8MAGYFHME
Ajio,4129.0,0.0,0.0,4129.0,True,https://www.ajio.com/search/?text=Provogue+Corporate+Casuals,2026-10-07,synthetic,flipkart:SHODQ3FUZVFEZFKQ
Tata CLiQ,4239.0,0.0,0.0,4239.0,True,https://www.tatacliq.com/search/?searchCategory=all&text=Provogue+Corporate+Casuals,2026-10-07,synthetic,flipkart:SHODQ3FUZVFEZFKQ
Myntra,4509.0,0.0,0.0,4509.0,True,https://www.google.com/search?q=site%3Amyntra.com+Provogue+Corporate+Casuals,2026-10-07,synthetic,flipkart:SHODQ3FUZVFEZFKQ
Flipkart,4519.0,0.0,3.0,4522.0,True,https://www.flipkart.com/search?q=Provogue+Corporate+Casuals,2026-10-07,synthetic_history,flipkart:SHODQ3FUZVFEZFKQ
Meesho,3879.0,0.0,0.0,3879.0,False,https://www.meesho.com/search?q=Provogue+Corporate+Casuals,2026-10-07,synthetic,flipkart:SHODQ3FUZVFEZFKQ
Amazon,4489.0,0.0,5.0,4494.0,False,https://www.amazon.in/s?k=Provogue+Corporate+Casuals,2026-10-07,synthetic,flipkart:SHODQ3FUZVFEZFKQ
Flipkart,699.0,0.0,3.0,702.0,True,https://www.flipkart.com/search?q=REMSON+INDIA+Women+Flats,2026-10-07,synthetic_history,flipkart:SNDEGJFWJVCQY4BG
Amazon,699.0,0.0,5.0,704.0,True,https://www.amazon.in/s?k=REMSON+INDIA+Women+Flats,2026-10-07,synthetic,flipkart:SNDEGJFWJVCQY4BG
Meesho,649.0,0.0,0.0,649.0,False,https://www.meesho.com/search?q=REMSON+INDIA+Women+Flats,2026-10-07,synthetic,flipkart:SNDEGJFWJVCQY4BG
Tata CLiQ,649.0,99.0,0.0,748.0,False,https://www.tatacliq.com/search/?searchCategory=all&text=REMSON+INDIA+Women+Flats,2026-10-07,synthetic,flipkart:SNDEGJFWJVCQY4BG
Ajio,669.0,99.0,0.0,768.0,False,https://www.ajio.com/search/?text=REMSON+INDIA+Women+Flats,2026-10-07,synthetic,flipkart:SNDEGJFWJVCQY4BG
Myntra,789.0,99.0,0.0,888.0,False,https://www.google.com/search?q=site%3Amyntra.com+REMSON+INDIA+Women+Flats,2026-10-07,synthetic,flipkart:SNDEGJFWJVCQY4BG
Meesho,799.0,0.0,0.0,799.0,True,https://www.meesho.com/search?q=Cenizas+Western+Mocassins,2026-10-07,synthetic,flipkart:SHODTSJPKFRPAZKH
Amazon,909.0,0.0,5.0,914.0,True,https://www.amazon.in/s?k=Cenizas+Western+Mocassins,2026-10-07,synthetic,flipkart:SHODTSJPKFRPAZKH
Flipkart,989.0,0.0,3.0,992.0,True,https://www.flipkart.com/search?q=Cenizas+Western+Mocassins,2026-10-07,synthetic_history,flipkart:SHODTSJPKFRPAZKH
Myntra,969.0,99.0,0.0,1068.0,True,https://www.google.com/search?q=site%3Amyntra.com+Cenizas+Western+Mocassins,2026-10-07,synthetic,flipkart:SHODTSJPKFRPAZKH
Ajio,979.0,99.0,0.0,1078.0,True,https://www.ajio.com/search/?text=Cenizas+Western+Mocassins,2026-10-07,synthetic,flipkart:SHODTSJPKFRPAZKH
Tata CLiQ,1089.0,0.0,0.0,1089.0,True,https://www.tatacliq.com/search/?searchCategory=all&text=Cenizas+Western+Mocassins,2026-10-07,synthetic,flipkart:SHODTSJPKFRPAZKH
Ajio,1879.0,0.0,0.0,1879.0,True,https://www.ajio.com/search/?text=Carlton+Boots,2026-10-07,synthetic,flipkart:SHOE7ZJ3GQN3ZHNS
Myntra,1959.0,0.0,0.0,1959.0,True,https://www.google.com/search?q=site%3Amyntra.com+Carlton+Boots,2026-10-07,synthetic,flipkart:SHOE7ZJ3GQN3ZHNS
Flipkart,1979.0,0.0,3.0,1982.0,True,https://www.flipkart.com/search?q=Carlton+Boots,2026-10-07,synthetic_history,flipkart:SHOE7ZJ3GQN3ZHNS
Amazon,1979.0,0.0,5.0,1984.0,True,https://www.amazon.in/s?k=Carlton+Boots,2026-10-07,synthetic,flipkart:SHOE7ZJ3GQN3ZHNS
Tata CLiQ,2159.0,0.0,0.0,2159.0,True,https://www.tatacliq.com/search/?searchCategory=all&text=Carlton+Boots,2026-10-07,synthetic,flipkart:SHOE7ZJ3GQN3ZHNS
Meesho,1469.0,0.0,0.0,1469.0,False,https://www.meesho.com/search?q=Carlton+Boots,2026-10-07,synthetic,flipkart:SHOE7ZJ3GQN3ZHNS
Flipkart,7239.0,0.0,3.0,7242.0,True,https://www.flipkart.com/search?q=Reebok+Training+%26+Gym+Shoes,2026-10-07,synthetic_history,flipkart:SHOE9ZZPWCGGZAWP
Myntra,7269.0,0.0,0.0,7269.0,True,https://www.google.com/search?q=site%3Amyntra.com+Reebok+Training+%26+Gym+Shoes,2026-10-07,synthetic,flipkart:SHOE9ZZPWCGGZAWP
Tata CLiQ,7919.0,0.0,0.0,7919.0,True,https://www.tatacliq.com/search/?searchCategory=all&text=Reebok+Training+%26+Gym+Shoes,2026-10-07,synthetic,flipkart:SHOE9ZZPWCGGZAWP
Meesho,6059.0,0.0,0.0,6059.0,False,https://www.meesho.com/search?q=Reebok+Training+%26+Gym+Shoes,2026-10-07,synthetic,flipkart:SHOE9ZZPWCGGZAWP
Ajio,6449.0,0.0,0.0,6449.0,False,https://www.ajio.com/search/?text=Reebok+Training+%26+Gym+Shoes,2026-10-07,synthetic,flipkart:SHOE9ZZPWCGGZAWP
Amazon,7129.0,0.0,5.0,7134.0,False,https://www.amazon.in/s?k=Reebok+Training+%26+Gym+Shoes,2026-10-07,synthetic,flipkart:SHOE9ZZPWCGGZAWP
Amazon,999.0,0.0,5.0,1004.0,True,https://www.amazon.in/s?k=Lily+Loafers,2026-10-07,synthetic,flipkart:SHOEBG79YJZD9C33
Flipkart,1049.0,0.0,3.0,1052.0,True,https://www.flipkart.com/search?q=Lily+Loafers,2026-10-07,synthetic_history,flipkart:SHOEBG79YJZD9C33
Myntra,1119.0,0.0,0.0,1119.0,True,https://www.google.com/search?q=site%3Amyntra.com+Lily+Loafers,2026-10-07,synthetic,flipkart:SHOEBG79YJZD9C33
Meesho,899.0,0.0,0.0,899.0,False,https://www.meesho.com/search?q=Lily+Loafers,2026-10-07,synthetic,flipkart:SHOEBG79YJZD9C33
Tata CLiQ,999.0,0.0,0.0,999.0,False,https://www.tatacliq.com/search/?searchCategory=all&text=Lily+Loafers,2026-10-07,synthetic,flipkart:SHOEBG79YJZD9C33
Ajio,1069.0,0.0,0.0,1069.0,False,https://www.ajio.com/search/?text=Lily+Loafers,2026-10-07,synthetic,flipkart:SHOEBG79YJZD9C33
Tata CLiQ,2189.0,0.0,0.0,2189.0,True,https://www.tatacliq.com/search/?searchCategory=all&text=Metro+Women+Flats,2026-10-07,synthetic,flipkart:SNDECS3EYTMGYU3F
Flipkart,2489.0,0.0,3.0,2492.0,True,https://www.flipkart.com/search?q=Metro+Women+Flats,2026-10-07,synthetic_history,flipkart:SNDECS3EYTMGYU3F
Amazon,2549.0,0.0,5.0,2554.0,True,https://www.amazon.in/s?k=Metro+Women+Flats,2026-10-07,synthetic,flipkart:SNDECS3EYTMGYU3F
Myntra,2719.0,0.0,0.0,2719.0,True,https://www.google.com/search?q=site%3Amyntra.com+Metro+Women+Flats,2026-10-07,synthetic,flipkart:SNDECS3EYTMGYU3F
Meesho,2079.0,0.0,0.0,2079.0,False,https://www.meesho.com/search?q=Metro+Women+Flats,2026-10-07,synthetic,flipkart:SNDECS3EYTMGYU3F
Ajio,2919.0,0.0,0.0,2919.0,False,https://www.ajio.com/search/?text=Metro+Women+Flats,2026-10-07,synthetic,flipkart:SNDECS3EYTMGYU3F
Flipkart,2639.0,0.0,3.0,2642.0,True,https://www.flipkart.com/search?q=FEET+FLOW+Women+Flats,2026-10-07,synthetic_history,flipkart:SNDEGH3HWXFBXZJX
Amazon,2649.0,0.0,5.0,2654.0,True,https://www.amazon.in/s?k=FEET+FLOW+Women+Flats,2026-10-07,synthetic,flipkart:SNDEGH3HWXFBXZJX
Meesho,1789.0,0.0,0.0,1789.0,False,https://www.meesho.com/search?q=FEET+FLOW+Women+Flats,2026-10-07,synthetic,flipkart:SNDEGH3HWXFBXZJX
Ajio,2629.0,0.0,0.0,2629.0,False,https://www.ajio.com/search/?text=FEET+FLOW+Women+Flats,2026-10-07,synthetic,flipkart:SNDEGH3HWXFBXZJX
Myntra,2769.0,0.0,0.0,2769.0,False,https://www.google.com/search?q=site%3Amyntra.com+FEET+FLOW+Women+Flats,2026-10-07,synthetic,flipkart:SNDEGH3HWXFBXZJX
Tata CLiQ,2779.0,0.0,0.0,2779.0,False,https://www.tatacliq.com/search/?searchCategory=all&text=FEET+FLOW+Women+Flats,2026-10-07,synthetic,flipkart:SNDEGH3HWXFBXZJX
Meesho,1829.0,0.0,0.0,1829.0,True,https://www.meesho.com/search?q=Delberto+Boots,2026-10-07,synthetic,flipkart:SHOEJMN3DJZCPH3H
Amazon,1979.0,0.0,5.0,1984.0,True,https://www.amazon.in/s?k=Delberto+Boots,2026-10-07,synthetic,flipkart:SHOEJMN3DJZCPH3H
Flipkart,2009.0,0.0,3.0,2012.0,True,https://www.flipkart.com/search?q=Delberto+Boots,2026-10-07,synthetic_history,flipkart:SHOEJMN3DJZCPH3H
Ajio,1989.0,0.0,0.0,1989.0,False,https://www.ajio.com/search/?text=Delberto+Boots,2026-10-07,synthetic,flipkart:SHOEJMN3DJZCPH3H
Myntra,2019.0,0.0,0.0,2019.0,False,https://www.google.com/search?q=site%3Amyntra.com+Delberto+Boots,2026-10-07,synthetic,flipkart:SHOEJMN3DJZCPH3H
Tata CLiQ,2099.0,0.0,0.0,2099.0,False,https://www.tatacliq.com/search/?searchCategory=all&text=Delberto+Boots,2026-10-07,synthetic,flipkart:SHOEJMN3DJZCPH3H
Ajio,1579.0,0.0,0.0,1579.0,True,https://www.ajio.com/search/?text=My+Foot+Women+Flats,2026-10-07,synthetic,flipkart:SNDEAN42F8EP8NAR
Myntra,1729.0,0.0,0.0,1729.0,True,https://www.google.com/search?q=site%3Amyntra.com+My+Foot+Women+Flats,2026-10-07,synthetic,flipkart:SNDEAN42F8EP8NAR
Meesho,1729.0,0.0,0.0,1729.0,True,https://www.meesho.com/search?q=My+Foot+Women+Flats,2026-10-07,synthetic,flipkart:SNDEAN42F8EP8NAR
Flipkart,1899.0,0.0,3.0,1902.0,True,https://www.flipkart.com/search?q=My+Foot+Women+Flats,2026-10-07,synthetic_history,flipkart:SNDEAN42F8EP8NAR
Amazon,1959.0,0.0,5.0,1964.0,True,https://www.amazon.in/s?k=My+Foot+Women+Flats,2026-10-07,synthetic,flipkart:SNDEAN42F8EP8NAR
Tata CLiQ,2129.0,0.0,0.0,2129.0,False,https://www.tatacliq.com/search/?searchCategory=all&text=My+Foot+Women+Flats,2026-10-07,synthetic,flipkart:SNDEAN42F8EP8NAR
Meesho,439.0,0.0,0.0,439.0,True,https://www.meesho.com/search?q=ETHICS+Running+Shoes,2026-10-07,synthetic,flipkart:SHOEJF5G5NAZ4EMG
Flipkart,529.0,0.0,3.0,532.0,True,https://www.flipkart.com/search?q=ETHICS+Running+Shoes,2026-10-07,synthetic_history,flipkart:SHOEJF5G5NAZ4EMG
Amazon,509.0,0.0,5.0,514.0,False,https://www.amazon.in/s?k=ETHICS+Running+Shoes,2026-10-07,synthetic,flipkart:SHOEJF5G5NAZ4EMG
Ajio,539.0,99.0,0.0,638.0,False,https://www.ajio.com/search/?text=ETHICS+Running+Shoes,2026-10-07,synthetic,flipkart:SHOEJF5G5NAZ4EMG
Myntra,549.0,99.0,0.0,648.0,False,https://www.google.com/search?q=site%3Amyntra.com+ETHICS+Running+Shoes,2026-10-07,synthetic,flipkart:SHOEJF5G5NAZ4EMG
Tata CLiQ,559.0,99.0,0.0,658.0,False,https://www.tatacliq.com/search/?searchCategory=all&text=ETHICS+Running+Shoes,2026-10-07,synthetic,flipkart:SHOEJF5G5NAZ4EMG
Flipkart,439.0,40.0,3.0,482.0,True,https://www.flipkart.com/search?q=Dolphin+Miles+Titanic+Heeled+Women+Wedges,2026-10-07,synthetic_history,flipkart:SNDE6W34GVRVHWQQ
Myntra,459.0,99.0,0.0,558.0,True,https://www.google.com/search?q=site%3Amyntra.com+Dolphin+Miles+Titanic+Heeled+Women+Wedges,2026-10-07,synthetic,flipkart:SNDE6W34GVRVHWQQ
Ajio,499.0,99.0,0.0,598.0,True,https://www.ajio.com/search/?text=Dolphin+Miles+Titanic+Heeled+Women+Wedges,2026-10-07,synthetic,flipkart:SNDE6W34GVRVHWQQ
Meesho,419.0,0.0,0.0,419.0,False,https://www.meesho.com/search?q=Dolphin+Miles+Titanic+Heeled+Women+Wedges,2026-10-07,synthetic,flipkart:SNDE6W34GVRVHWQQ
Amazon,429.0,40.0,5.0,474.0,False,https://www.amazon.in/s?k=Dolphin+Miles+Titanic+Heeled+Women+Wedges,2026-10-07,synthetic,flipkart:SNDE6W34GVRVHWQQ
Tata CLiQ,499.0,99.0,0.0,598.0,False,https://www.tatacliq.com/search/?searchCategory=all&text=Dolphin+Miles+Titanic+Heeled+Women+Wedges,2026-10-07,synthetic,flipkart:SNDE6W34GVRVHWQQ
Meesho,1379.0,0.0,0.0,1379.0,True,https://www.meesho.com/search?q=Marc+Loire+Women+Heels,2026-10-07,synthetic,flipkart:SNDE69H7RHFAUARF
Amazon,1469.0,0.0,5.0,1474.0,True,https://www.amazon.in/s?k=Marc+Loire+Women+Heels,2026-10-07,synthetic,flipkart:SNDE69H7RHFAUARF
Flipkart,1529.0,0.0,3.0,1532.0,True,https://www.flipkart.com/search?q=Marc+Loire+Women+Heels,2026-10-07,synthetic_history,flipkart:SNDE69H7RHFAUARF
Myntra,1429.0,0.0,0.0,1429.0,False,https://www.google.com/search?q=site%3Amyntra.com+Marc+Loire+Women+Heels,2026-10-07,synthetic,flipkart:SNDE69H7RHFAUARF
Tata CLiQ,1509.0,0.0,0.0,1509.0,False,https://www.tatacliq.com/search/?searchCategory=all&text=Marc+Loire+Women+Heels,2026-10-07,synthetic,flipkart:SNDE69H7RHFAUARF
Ajio,1849.0,0.0,0.0,1849.0,False,https://www.ajio.com/search/?text=Marc+Loire+Women+Heels,2026-10-07,synthetic,flipkart:SNDE69H7RHFAUARF
Ajio,1209.0,0.0,0.0,1209.0,True,https://www.ajio.com/search/?text=Versoba+Venetian+Roades+Loafers,2026-10-07,synthetic,flipkart:SHOE6PEHVTQKMYQK
Meesho,1219.0,0.0,0.0,1219.0,True,https://www.meesho.com/search?q=Versoba+Venetian+Roades+Loafers,2026-10-07,synthetic,flipkart:SHOE6PEHVTQKMYQK
Myntra,1249.0,0.0,0.0,1249.0,True,https://www.google.com/search?q=site%3Amyntra.com+Versoba+Venetian+Roades+Loafers,2026-10-07,synthetic,flipkart:SHOE6PEHVTQKMYQK
Amazon,1299.0,0.0,5.0,1304.0,True,https://www.amazon.in/s?k=Versoba+Venetian+Roades+Loafers,2026-10-07,synthetic,flipkart:SHOE6PEHVTQKMYQK
Flipkart,1329.0,0.0,3.0,1332.0,True,https://www.flipkart.com/search?q=Versoba+Venetian+Roades+Loafers,2026-10-07,synthetic_history,flipkart:SHOE6PEHVTQKMYQK
Tata CLiQ,1439.0,0.0,0.0,1439.0,True,https://www.tatacliq.com/search/?searchCategory=all&text=Versoba+Venetian+Roades+Loafers,2026-10-07,synthetic,flipkart:SHOE6PEHVTQKMYQK
Myntra,3929.0,0.0,0.0,3929.0,True,https://www.google.com/search?q=site%3Amyntra.com+Zoot24+Tan+Boots,2026-10-07,synthetic,flipkart:SHOE2DG2VBCCY2Y5
Flipkart,3979.0,0.0,3.0,3982.0,True,https://www.flipkart.com/search?q=Zoot24+Tan+Boots,2026-10-07,synthetic_history,flipkart:SHOE2DG2VBCCY2Y5
Amazon,4099.0,0.0,5.0,4104.0,True,https://www.amazon.in/s?k=Zoot24+Tan+Boots,2026-10-07,synthetic,flipkart:SHOE2DG2VBCCY2Y5
Meesho,3769.0,0.0,0.0,3769.0,False,https://www.meesho.com/search?q=Zoot24+Tan+Boots,2026-10-07,synthetic,flipkart:SHOE2DG2VBCCY2Y5
Tata CLiQ,3919.0,0.0,0.0,3919.0,False,https://www.tatacliq.com/search/?searchCategory=all&text=Zoot24+Tan+Boots,2026-10-07,synthetic,flipkart:SHOE2DG2VBCCY2Y5
Ajio,4059.0,0.0,0.0,4059.0,False,https://www.ajio.com/search/?text=Zoot24+Tan+Boots,2026-10-07,synthetic,flipkart:SHOE2DG2VBCCY2Y5
Flipkart,1119.0,0.0,3.0,1122.0,True,https://www.flipkart.com/search?q=Adorn+Women+Heels,2026-10-07,synthetic_history,flipkart:SNDEHZH4RXCE8AGJ
Meesho,1169.0,0.0,0.0,1169.0,True,https://www.meesho.com/search?q=Adorn+Women+Heels,2026-10-07,synthetic,flipkart:SNDEHZH4RXCE8AGJ
Amazon,1179.0,0.0,5.0,1184.0,True,https://www.amazon.in/s?k=Adorn+Women+Heels,2026-10-07,synthetic,flipkart:SNDEHZH4RXCE8AGJ
Ajio,1139.0,0.0,0.0,1139.0,False,https://www.ajio.com/search/?text=Adorn+Women+Heels,2026-10-07,synthetic,flipkart:SNDEHZH4RXCE8AGJ
Myntra,1179.0,0.0,0.0,1179.0,False,https://www.google.com/search?q=site%3Amyntra.com+Adorn+Women+Heels,2026-10-07,synthetic,flipkart:SNDEHZH4RXCE8AGJ
Tata CLiQ,1189.0,0.0,0.0,1189.0,False,https://www.tatacliq.com/search/?searchCategory=all&text=Adorn+Women+Heels,2026-10-07,synthetic,flipkart:SNDEHZH4RXCE8AGJ
Flipkart,849.0,0.0,3.0,852.0,True,https://www.flipkart.com/search?q=Myra+Loafers,2026-10-07,synthetic_history,flipkart:SHOEAMZZNMJH4UZM
Myntra,809.0,99.0,0.0,908.0,True,https://www.google.com/search?q=site%3Amyntra.com+Myra+Loafers,2026-10-07,synthetic,flipkart:SHOEAMZZNMJH4UZM
Ajio,859.0,99.0,0.0,958.0,True,https://www.ajio.com/search/?text=Myra+Loafers,2026-10-07,synthetic,flipkart:SHOEAMZZNMJH4UZM
Amazon,859.0,0.0,5.0,864.0,False,https://www.amazon.in/s?k=Myra+Loafers,2026-10-07,synthetic,flipkart:SHOEAMZZNMJH4UZM
Meesho,879.0,0.0,0.0,879.0,False,https://www.meesho.com/search?q=Myra+Loafers,2026-10-07,synthetic,flipkart:SHOEAMZZNMJH4UZM
Tata CLiQ,909.0,99.0,0.0,1008.0,False,https://www.tatacliq.com/search/?searchCategory=all&text=Myra+Loafers,2026-10-07,synthetic,flipkart:SHOEAMZZNMJH4UZM
Tata CLiQ,1029.0,0.0,0.0,1029.0,True,https://www.tatacliq.com/search/?searchCategory=all&text=BrandTrendz+Bellies,2026-10-07,synthetic,flipkart:SHOEG7NWZRWMCXQ9
Flipkart,1089.0,0.0,3.0,1092.0,True,https://www.flipkart.com/search?q=BrandTrendz+Bellies,2026-10-07,synthetic_history,flipkart:SHOEG7NWZRWMCXQ9
Meesho,1099.0,0.0,0.0,1099.0,True,https://www.meesho.com/search?q=BrandTrendz+Bellies,2026-10-07,synthetic,flipkart:SHOEG7NWZRWMCXQ9
Amazon,1119.0,0.0,5.0,1124.0,True,https://www.amazon.in/s?k=BrandTrendz+Bellies,2026-10-07,synthetic,flipkart:SHOEG7NWZRWMCXQ9
Myntra,1229.0,0.0,0.0,1229.0,True,https://www.google.com/search?q=site%3Amyntra.com+BrandTrendz+Bellies,2026-10-07,synthetic,flipkart:SHOEG7NWZRWMCXQ9
Ajio,999.0,0.0,0.0,999.0,False,https://www.ajio.com/search/?text=BrandTrendz+Bellies,2026-10-07,synthetic,flipkart:SHOEG7NWZRWMCXQ9
Ajio,1499.0,0.0,0.0,1499.0,True,https://www.ajio.com/search/?text=Faith+Leenise+100105+Women+Heels,2026-10-07,synthetic,flipkart:SNDEYGKYHFGMBHJS
Myntra,1509.0,0.0,0.0,1509.0,True,https://www.google.com/search?q=site%3Amyntra.com+Faith+Leenise+100105+Women+Heels,2026-10-07,synthetic,flipkart:SNDEYGKYHFGMBHJS
Flipkart,1539.0,0.0,3.0,1542.0,True,https://www.flipkart.com/search?q=Faith+Leenise+100105+Women+Heels,2026-10-07,synthetic_history,flipkart:SNDEYGKYHFGMBHJS
Tata CLiQ,1469.0,0.0,0.0,1469.0,False,https://www.tatacliq.com/search/?searchCategory=all&text=Faith+Leenise+100105+Women+Heels,2026-10-07,synthetic,flipkart:SNDEYGKYHFGMBHJS
Meesho,1489.0,0.0,0.0,1489.0,False,https://www.meesho.com/search?q=Faith+Leenise+100105+Women+Heels,2026-10-07,synthetic,flipkart:SNDEYGKYHFGMBHJS
Amazon,1559.0,0.0,5.0,1564.0,False,https://www.amazon.in/s?k=Faith+Leenise+100105+Women+Heels,2026-10-07,synthetic,flipkart:SNDEYGKYHFGMBHJS
Meesho,869.0,0.0,0.0,869.0,True,https://www.meesho.com/search?q=Kielz+Women+Wedges,2026-10-07,synthetic,flipkart:SNDEBPYZGKTW3PZJ
Flipkart,929.0,0.0,3.0,932.0,True,https://www.flipkart.com/search?q=Kielz+Women+Wedges,2026-10-07,synthetic_history,flipkart:SNDEBPYZGKTW3PZJ
Myntra,959.0,99.0,0.0,1058.0,True,https://www.google.com/search?q=site%3Amyntra.com+Kielz+Women+Wedges,2026-10-07,synthetic,flipkart:SNDEBPYZGKTW3PZJ
Amazon,919.0,0.0,5.0,924.0,False,https://www.amazon.in/s?k=Kielz+Women+Wedges,2026-10-07,synthetic,flipkart:SNDEBPYZGKTW3PZJ
Tata CLiQ,949.0,99.0,0.0,1048.0,False,https://www.tatacliq.com/search/?searchCategory=all&text=Kielz+Women+Wedges,2026-10-07,synthetic,flipkart:SNDEBPYZGKTW3PZJ
Ajio,979.0,99.0,0.0,1078.0,False,https://www.ajio.com/search/?text=Kielz+Women+Wedges,2026-10-07,synthetic,flipkart:SNDEBPYZGKTW3PZJ
Myntra,1129.0,0.0,0.0,1129.0,True,https://www.google.com/search?q=site%3Amyntra.com+Aashka+Women+Wedges,2026-10-07,synthetic,flipkart:SNDEY8PHWKQCADZD
Flipkart,1149.0,0.0,3.0,1152.0,True,https://www.flipkart.com/search?q=Aashka+Women+Wedges,2026-10-07,synthetic_history,flipkart:SNDEY8PHWKQCADZD
Amazon,1199.0,0.0,5.0,1204.0,True,https://www.amazon.in/s?k=Aashka+Women+Wedges,2026-10-07,synthetic,flipkart:SNDEY8PHWKQCADZD
Meesho,999.0,0.0,0.0,999.0,False,https://www.meesho.com/search?q=Aashka+Women+Wedges,2026-10-07,synthetic,flipkart:SNDEY8PHWKQCADZD
Tata CLiQ,1089.0,0.0,0.0,1089.0,False,https://www.tatacliq.com/search/?searchCategory=all&text=Aashka+Women+Wedges,2026-10-07,synthetic,flipkart:SNDEY8PHWKQCADZD
Ajio,1109.0,0.0,0.0,1109.0,False,https://www.ajio.com/search/?text=Aashka+Women+Wedges,2026-10-07,synthetic,flipkart:SNDEY8PHWKQCADZD
Meesho,579.0,0.0,0.0,579.0,True,https://www.meesho.com/search?q=Dolphin+Miles+Women+Wedges,2026-10-07,synthetic,flipkart:SNDE85CH2PN36BUZ
Flipkart,579.0,0.0,3.0,582.0,True,https://www.flipkart.com/search?q=Dolphin+Miles+Women+Wedges,2026-10-07,synthetic_history,flipkart:SNDE85CH2PN36BUZ
Amazon,599.0,0.0,5.0,604.0,True,https://www.amazon.in/s?k=Dolphin+Miles+Women+Wedges,2026-10-07,synthetic,flipkart:SNDE85CH2PN36BUZ
Tata CLiQ,569.0,99.0,0.0,668.0,True,https://www.tatacliq.com/search/?searchCategory=all&text=Dolphin+Miles+Women+Wedges,2026-10-07,synthetic,flipkart:SNDE85CH2PN36BUZ
Myntra,589.0,99.0,0.0,688.0,True,https://www.google.com/search?q=site%3Amyntra.com+Dolphin+Miles+Women+Wedges,2026-10-07,synthetic,flipkart:SNDE85CH2PN36BUZ
Ajio,569.0,99.0,0.0,668.0,False,https://www.ajio.com/search/?text=Dolphin+Miles+Women+Wedges,2026-10-07,synthetic,flipkart:SNDE85CH2PN36BUZ
Myntra,4119.0,0.0,0.0,4119.0,True,https://www.google.com/search?q=site%3Amyntra.com+Pinellii+Lettie+Handcrafted+Loafers,2026-10-07,synthetic,flipkart:SHOEBGHJZB2UKFC4
Ajio,4159.0,0.0,0.0,4159.0,True,https://www.ajio.com/search/?text=Pinellii+Lettie+Handcrafted+Loafers,2026-10-07,synthetic,flipkart:SHOEBGHJZB2UKFC4
Flipkart,4309.0,0.0,3.0,4312.0,True,https://www.flipkart.com/search?q=Pinellii+Lettie+Handcrafted+Loafers,2026-10-07,synthetic_history,flipkart:SHOEBGHJZB2UKFC4
Meesho,4399.0,0.0,0.0,4399.0,False,https://www.meesho.com/search?q=Pinellii+Lettie+Handcrafted+Loafers,2026-10-07,synthetic,flipkart:SHOEBGHJZB2UKFC4
Amazon,4439.0,0.0,5.0,4444.0,False,https://www.amazon.in/s?k=Pinellii+Lettie+Handcrafted+Loafers,2026-10-07,synthetic,flipkart:SHOEBGHJZB2UKFC4
Tata CLiQ,4529.0,0.0,0.0,4529.0,False,https://www.tatacliq.com/search/?searchCategory=all&text=Pinellii+Lettie+Handcrafted+Loafers,2026-10-07,synthetic,flipkart:SHOEBGHJZB2UKFC4
Meesho,1349.0,0.0,0.0,1349.0,True,https://www.meesho.com/search?q=Urban+Woods+Black+Women+Heels,2026-10-07,synthetic,flipkart:SNDE5PJGURDFBURG
Amazon,1409.0,0.0,5.0,1414.0,True,https://www.amazon.in/s?k=Urban+Woods+Black+Women+Heels,2026-10-07,synthetic,flipkart:SNDE5PJGURDFBURG
Tata CLiQ,1459.0,0.0,0.0,1459.0,True,https://www.tatacliq.com/search/?searchCategory=all&text=Urban+Woods+Black+Women+Heels,2026-10-07,synthetic,flipkart:SNDE5PJGURDFBURG
Flipkart,1479.0,0.0,3.0,1482.0,True,https://www.flipkart.com/search?q=Urban+Woods+Black+Women+Heels,2026-10-07,synthetic_history,flipkart:SNDE5PJGURDFBURG
Myntra,1549.0,0.0,0.0,1549.0,True,https://www.google.com/search?q=site%3Amyntra.com+Urban+Woods+Black+Women+Heels,2026-10-07,synthetic,flipkart:SNDE5PJGURDFBURG
Ajio,1629.0,0.0,0.0,1629.0,False,https://www.ajio.com/search/?text=Urban+Woods+Black+Women+Heels,2026-10-07,synthetic,flipkart:SNDE5PJGURDFBURG
Meesho,559.0,0.0,0.0,559.0,True,https://www.meesho.com/search?q=NAISHA+Women+Wedges,2026-10-07,synthetic,flipkart:SNDEJTAMJRYJEP8E
Amazon,649.0,0.0,5.0,654.0,True,https://www.amazon.in/s?k=NAISHA+Women+Wedges,2026-10-07,synthetic,flipkart:SNDEJTAMJRYJEP8E
Flipkart,689.0,0.0,3.0,692.0,True,https://www.flipkart.com/search?q=NAISHA+Women+Wedges,2026-10-07,synthetic_history,flipkart:SNDEJTAMJRYJEP8E
Myntra,719.0,99.0,0.0,818.0,True,https://www.google.com/search?q=site%3Amyntra.com+NAISHA+Women+Wedges,2026-10-07,synthetic,flipkart:SNDEJTAMJRYJEP8E
Ajio,699.0,99.0,0.0,798.0,False,https://www.ajio.com/search/?text=NAISHA+Women+Wedges,2026-10-07,synthetic,flipkart:SNDEJTAMJRYJEP8E
Tata CLiQ,699.0,99.0,0.0,798.0,False,https://www.tatacliq.com/search/?searchCategory=all&text=NAISHA+Women+Wedges,2026-10-07,synthetic,flipkart:SNDEJTAMJRYJEP8E
Meesho,4169.0,0.0,0.0,4169.0,True,https://www.meesho.com/search?q=Madden+Girl+Brando+Women+Flats,2026-10-07,synthetic,flipkart:SNDE6S7NRNHX762T
Flipkart,4369.0,0.0,3.0,4372.0,True,https://www.flipkart.com/search?q=Madden+Girl+Brando+Women+Flats,2026-10-07,synthetic_history,flipkart:SNDE6S7NRNHX762T
Amazon,4399.0,0.0,5.0,4404.0,True,https://www.amazon.in/s?k=Madden+Girl+Brando+Women+Flats,2026-10-07,synthetic,flipkart:SNDE6S7NRNHX762T
Myntra,4559.0,0.0,0.0,4559.0,True,https://www.google.com/search?q=site%3Amyntra.com+Madden+Girl+Brando+Women+Flats,2026-10-07,synthetic,flipkart:SNDE6S7NRNHX762T
Tata CLiQ,4689.0,0.0,0.0,4689.0,True,https://www.tatacliq.com/search/?searchCategory=all&text=Madden+Girl+Brando+Women+Flats,2026-10-07,synthetic,flipkart:SNDE6S7NRNHX762T
Ajio,4469.0,0.0,0.0,4469.0,False,https://www.ajio.com/search/?text=Madden+Girl+Brando+Women+Flats,2026-10-07,synthetic,flipkart:SNDE6S7NRNHX762T
Myntra,389.0,99.0,0.0,488.0,True,https://www.google.com/search?q=site%3Amyntra.com+Chazer,2026-10-07,synthetic,flipkart:SHOEGEV4TDKWVMAD
Amazon,499.0,0.0,5.0,504.0,True,https://www.amazon.in/s?k=Chazer,2026-10-07,synthetic,flipkart:SHOEGEV4TDKWVMAD
Flipkart,479.0,40.0,3.0,522.0,True,https://www.flipkart.com/search?q=Chazer,2026-10-07,synthetic_history,flipkart:SHOEGEV4TDKWVMAD
Tata CLiQ,509.0,99.0,0.0,608.0,True,https://www.tatacliq.com/search/?searchCategory=all&text=Chazer,2026-10-07,synthetic,flipkart:SHOEGEV4TDKWVMAD
Meesho,459.0,0.0,0.0,459.0,False,https://www.meesho.com/search?q=Chazer,2026-10-07,synthetic,flipkart:SHOEGEV4TDKWVMAD
Ajio,549.0,99.0,0.0,648.0,False,https://www.ajio.com/search/?text=Chazer,2026-10-07,synthetic,flipkart:SHOEGEV4TDKWVMAD
Amazon,1029.0,0.0,5.0,1034.0,True,https://www.amazon.in/s?k=Walk+Free+Natural+Beige+Loafers,2026-10-07,synthetic,flipkart:SHOE2FBZSHMWGNSJ
Flipkart,1039.0,0.0,3.0,1042.0,True,https://www.flipkart.com/search?q=Walk+Free+Natural+Beige+Loafers,2026-10-07,synthetic_history,flipkart:SHOE2FBZSHMWGNSJ
Ajio,1059.0,0.0,0.0,1059.0,True,https://www.ajio.com/search/?text=Walk+Free+Natural+Beige+Loafers,2026-10-07,synthetic,flipkart:SHOE2FBZSHMWGNSJ
Tata CLiQ,1119.0,0.0,0.0,1119.0,True,https://www.tatacliq.com/search/?searchCategory=all&text=Walk+Free+Natural+Beige+Loafers,2026-10-07,synthetic,flipkart:SHOE2FBZSHMWGNSJ
Meesho,899.0,0.0,0.0,899.0,False,https://www.meesho.com/search?q=Walk+Free+Natural+Beige+Loafers,2026-10-07,synthetic,flipkart:SHOE2FBZSHMWGNSJ
Myntra,1119.0,0.0,0.0,1119.0,False,https://www.google.com/search?q=site%3Amyntra.com+Walk+Free+Natural+Beige+Loafers,2026-10-07,synthetic,flipkart:SHOE2FBZSHMWGNSJ
Amazon,2369.0,0.0,5.0,2374.0,True,https://www.amazon.in/s?k=Allen+Solly+Sneakers,2026-10-07,synthetic,flipkart:SHOECUZYKWZF6RCN
Flipkart,2399.0,0.0,3.0,2402.0,True,https://www.flipkart.com/search?q=Allen+Solly+Sneakers,2026-10-07,synthetic_history,flipkart:SHOECUZYKWZF6RCN
Myntra,2519.0,0.0,0.0,2519.0,True,https://www.google.com/search?q=site%3Amyntra.com+Allen+Solly+Sneakers,2026-10-07,synthetic,flipkart:SHOECUZYKWZF6RCN
Ajio,2559.0,0.0,0.0,2559.0,True,https://www.ajio.com/search/?text=Allen+Solly+Sneakers,2026-10-07,synthetic,flipkart:SHOECUZYKWZF6RCN
Tata CLiQ,2549.0,0.0,0.0,2549.0,False,https://www.tatacliq.com/search/?searchCategory=all&text=Allen+Solly+Sneakers,2026-10-07,synthetic,flipkart:SHOECUZYKWZF6RCN
Meesho,2769.0,0.0,0.0,2769.0,False,https://www.meesho.com/search?q=Allen+Solly+Sneakers,2026-10-07,synthetic,flipkart:SHOECUZYKWZF6RCN
Amazon,1879.0,0.0,5.0,1884.0,True,https://www.amazon.in/s?k=Blue+Parrot+Women+Wedges,2026-10-07,synthetic,flipkart:SNDE8F3S7QHTHPVG
Flipkart,1889.0,0.0,3.0,1892.0,True,https://www.flipkart.com/search?q=Blue+Parrot+Women+Wedges,2026-10-07,synthetic_history,flipkart:SNDE8F3S7QHTHPVG
Tata CLiQ,2189.0,0.0,0.0,2189.0,True,https://www.tatacliq.com/search/?searchCategory=all&text=Blue+Parrot+Women+Wedges,2026-10-07,synthetic,flipkart:SNDE8F3S7QHTHPVG
Myntra,2229.0,0.0,0.0,2229.0,True,https://www.google.com/search?q=site%3Amyntra.com+Blue+Parrot+Women+Wedges,2026-10-07,synthetic,flipkart:SNDE8F3S7QHTHPVG
Ajio,1699.0,0.0,0.0,1699.0,False,https://www.ajio.com/search/?text=Blue+Parrot+Women+Wedges,2026-10-07,synthetic,flipkart:SNDE8F3S7QHTHPVG
Meesho,1749.0,0.0,0.0,1749.0,False,https://www.meesho.com/search?q=Blue+Parrot+Women+Wedges,2026-10-07,synthetic,flipkart:SNDE8F3S7QHTHPVG
Meesho,2519.0,0.0,0.0,2519.0,True,https://www.meesho.com/search?q=Kanvas+Women+Heels,2026-10-07,synthetic,flipkart:SNDEHYEZSDKCDQ3J
Ajio,2669.0,0.0,0.0,2669.0,True,https://www.ajio.com/search/?text=Kanvas+Women+Heels,2026-10-07,synthetic,flipkart:SNDEHYEZSDKCDQ3J
Flipkart,3029.0,0.0,3.0,3032.0,True,https://www.flipkart.com/search?q=Kanvas+Women+Heels,2026-10-07,synthetic_history,flipkart:SNDEHYEZSDKCDQ3J
Myntra,3049.0,0.0,0.0,3049.0,True,https://www.google.com/search?q=site%3Amyntra.com+Kanvas+Women+Heels,2026-10-07,synthetic,flipkart:SNDEHYEZSDKCDQ3J
Tata CLiQ,2729.0,0.0,0.0,2729.0,False,https://www.tatacliq.com/search/?searchCategory=all&text=Kanvas+Women+Heels,2026-10-07,synthetic,flipkart:SNDEHYEZSDKCDQ3J
Amazon,3009.0,0.0,5.0,3014.0,False,https://www.amazon.in/s?k=Kanvas+Women+Heels,2026-10-07,synthetic,flipkart:SNDEHYEZSDKCDQ3J
Meesho,1039.0,0.0,0.0,1039.0,True,https://www.meesho.com/search?q=Do+Bhai+Blue+Loafers+Loafers,2026-10-07,synthetic,flipkart:SHODX5QPXCXZZQHC
Myntra,1069.0,0.0,0.0,1069.0,True,https://www.google.com/search?q=site%3Amyntra.com+Do+Bhai+Blue+Loafers+Loafers,2026-10-07,synthetic,flipkart:SHODX5QPXCXZZQHC
Amazon,1069.0,0.0,5.0,1074.0,True,https://www.amazon.in/s?k=Do+Bhai+Blue+Loafers+Loafers,2026-10-07,synthetic,flipkart:SHODX5QPXCXZZQHC
Flipkart,1079.0,0.0,3.0,1082.0,True,https://www.flipkart.com/search?q=Do+Bhai+Blue+Loafers+Loafers,2026-10-07,synthetic_history,flipkart:SHODX5QPXCXZZQHC
Ajio,1039.0,0.0,0.0,1039.0,False,https://www.ajio.com/search/?text=Do+Bhai+Blue+Loafers+Loafers,2026-10-07,synthetic,flipkart:SHODX5QPXCXZZQHC
Tata CLiQ,1059.0,0.0,0.0,1059.0,False,https://www.tatacliq.com/search/?searchCategory=all&text=Do+Bhai+Blue+Loafers+Loafers,2026-10-07,synthetic,flipkart:SHODX5QPXCXZZQHC
Myntra,2209.0,0.0,0.0,2209.0,True,https://www.google.com/search?q=site%3Amyntra.com+Metro+Men+Sandals,2026-10-07,synthetic,flipkart:SNDEJKRZRSNSGFM7
Flipkart,2219.0,0.0,3.0,2222.0,True,https://www.flipkart.com/search?q=Metro+Men+Sandals,2026-10-07,synthetic_history,flipkart:SNDEJKRZRSNSGFM7
Amazon,2239.0,0.0,5.0,2244.0,True,https://www.amazon.in/s?k=Metro+Men+Sandals,2026-10-07,synthetic,flipkart:SNDEJKRZRSNSGFM7
Ajio,2279.0,0.0,0.0,2279.0,True,https://www.ajio.com/search/?text=Metro+Men+Sandals,2026-10-07,synthetic,flipkart:SNDEJKRZRSNSGFM7
Tata CLiQ,2229.0,0.0,0.0,2229.0,False,https://www.tatacliq.com/search/?searchCategory=all&text=Metro+Men+Sandals,2026-10-07,synthetic,flipkart:SNDEJKRZRSNSGFM7
Meesho,2389.0,0.0,0.0,2389.0,False,https://www.meesho.com/search?q=Metro+Men+Sandals,2026-10-07,synthetic,flipkart:SNDEJKRZRSNSGFM7
Amazon,569.0,0.0,5.0,574.0,True,https://www.amazon.in/s?k=RAJSAHI+Party+Wear,2026-10-07,synthetic,flipkart:SHOEGSNVQN4HAGV2
Flipkart,589.0,0.0,3.0,592.0,True,https://www.flipkart.com/search?q=RAJSAHI+Party+Wear,2026-10-07,synthetic_history,flipkart:SHOEGSNVQN4HAGV2
Myntra,519.0,99.0,0.0,618.0,True,https://www.google.com/search?q=site%3Amyntra.com+RAJSAHI+Party+Wear,2026-10-07,synthetic,flipkart:SHOEGSNVQN4HAGV2
Tata CLiQ,549.0,99.0,0.0,648.0,True,https://www.tatacliq.com/search/?searchCategory=all&text=RAJSAHI+Party+Wear,2026-10-07,synthetic,flipkart:SHOEGSNVQN4HAGV2
Ajio,619.0,99.0,0.0,718.0,True,https://www.ajio.com/search/?text=RAJSAHI+Party+Wear,2026-10-07,synthetic,flipkart:SHOEGSNVQN4HAGV2
Meesho,509.0,0.0,0.0,509.0,False,https://www.meesho.com/search?q=RAJSAHI+Party+Wear,2026-10-07,synthetic,flipkart:SHOEGSNVQN4HAGV2
Ajio,2789.0,0.0,0.0,2789.0,True,https://www.ajio.com/search/?text=Niremo+Up+To+The+Minute+Loafers,2026-10-07,synthetic,flipkart:SHOE6KNBNJ98N78B
Flipkart,3119.0,0.0,3.0,3122.0,True,https://www.flipkart.com/search?q=Niremo+Up+To+The+Minute+Loafers,2026-10-07,synthetic_history,flipkart:SHOE6KNBNJ98N78B
Myntra,3159.0,0.0,0.0,3159.0,True,https://www.google.com/search?q=site%3Amyntra.com+Niremo+Up+To+The+Minute+Loafers,2026-10-07,synthetic,flipkart:SHOE6KNBNJ98N78B
Amazon,3219.0,0.0,5.0,3224.0,True,https://www.amazon.in/s?k=Niremo+Up+To+The+Minute+Loafers,2026-10-07,synthetic,flipkart:SHOE6KNBNJ98N78B
Tata CLiQ,3439.0,0.0,0.0,3439.0,True,https://www.tatacliq.com/search/?searchCategory=all&text=Niremo+Up+To+The+Minute+Loafers,2026-10-07,synthetic,flipkart:SHOE6KNBNJ98N78B
Meesho,2719.0,0.0,0.0,2719.0,False,https://www.meesho.com/search?q=Niremo+Up+To+The+Minute+Loafers,2026-10-07,synthetic,flipkart:SHOE6KNBNJ98N78B
Meesho,3979.0,0.0,0.0,3979.0,True,https://www.meesho.com/search?q=Adidas+Women+Sports+Sandals,2026-10-07,synthetic,flipkart:SNDEE2JSJSF3UTVG
Amazon,4329.0,0.0,5.0,4334.0,True,https://www.amazon.in/s?k=Adidas+Women+Sports+Sandals,2026-10-07,synthetic,flipkart:SNDEE2JSJSF3UTVG
Flipkart,4589.0,0.0,3.0,4592.0,True,https://www.flipkart.com/search?q=Adidas+Women+Sports+Sandals,2026-10-07,synthetic_history,flipkart:SNDEE2JSJSF3UTVG
Tata CLiQ,4719.0,0.0,0.0,4719.0,True,https://www.tatacliq.com/search/?searchCategory=all&text=Adidas+Women+Sports+Sandals,2026-10-07,synthetic,flipkart:SNDEE2JSJSF3UTVG
Ajio,4079.0,0.0,0.0,4079.0,False,https://www.ajio.com/search/?text=Adidas+Women+Sports+Sandals,2026-10-07,synthetic,flipkart:SNDEE2JSJSF3UTVG
Myntra,4089.0,0.0,0.0,4089.0,False,https://www.google.com/search?q=site%3Amyntra.com+Adidas+Women+Sports+Sandals,2026-10-07,synthetic,flipkart:SNDEE2JSJSF3UTVG
Meesho,939.0,0.0,0.0,939.0,True,https://www.meesho.com/search?q=Klaur+Melbourne+Bellies,2026-10-07,synthetic,flipkart:SHOEHXHVYRDGRZG3
Amazon,959.0,0.0,5.0,964.0,True,https://www.amazon.in/s?k=Klaur+Melbourne+Bellies,2026-10-07,synthetic,flipkart:SHOEHXHVYRDGRZG3
Myntra,1009.0,0.0,0.0,1009.0,True,https://www.google.com/search?q=site%3Amyntra.com+Klaur+Melbourne+Bellies,2026-10-07,synthetic,flipkart:SHOEHXHVYRDGRZG3
Flipkart,1029.0,0.0,3.0,1032.0,True,https://www.flipkart.com/search?q=Klaur+Melbourne+Bellies,2026-10-07,synthetic_history,flipkart:SHOEHXHVYRDGRZG3
Tata CLiQ,1119.0,0.0,0.0,1119.0,True,https://www.tatacliq.com/search/?searchCategory=all&text=Klaur+Melbourne+Bellies,2026-10-07,synthetic,flipkart:SHOEHXHVYRDGRZG3
Ajio,979.0,99.0,0.0,1078.0,False,https://www.ajio.com/search/?text=Klaur+Melbourne+Bellies,2026-10-07,synthetic,flipkart:SHOEHXHVYRDGRZG3
Flipkart,2919.0,0.0,3.0,2922.0,True,https://www.flipkart.com/search?q=Chicopee+Women+Flats,2026-10-07,synthetic_history,flipkart:SNDEBGYMXGTC7BUG
Amazon,2949.0,0.0,5.0,2954.0,True,https://www.amazon.in/s?k=Chicopee+Women+Flats,2026-10-07,synthetic,flipkart:SNDEBGYMXGTC7BUG
Tata CLiQ,3179.0,0.0,0.0,3179.0,True,https://www.tatacliq.com/search/?searchCategory=all&text=Chicopee+Women+Flats,2026-10-07,synthetic,flipkart:SNDEBGYMXGTC7BUG
Myntra,3189.0,0.0,0.0,3189.0,True,https://www.google.com/search?q=site%3Amyntra.com+Chicopee+Women+Flats,2026-10-07,synthetic,flipkart:SNDEBGYMXGTC7BUG
Meesho,2649.0,0.0,0.0,2649.0,False,https://www.meesho.com/search?q=Chicopee+Women+Flats,2026-10-07,synthetic,flipkart:SNDEBGYMXGTC7BUG
Ajio,3089.0,0.0,0.0,3089.0,False,https://www.ajio.com/search/?text=Chicopee+Women+Flats,2026-10-07,synthetic,flipkart:SNDEBGYMXGTC7BUG
Meesho,349.0,0.0,0.0,349.0,True,https://www.meesho.com/search?q=Rajesh+Digital+I+Love+You-46+Ceramic+Mug,2026-10-07,synthetic,flipkart:MUGE8NZC8ZHZPNFF
Flipkart,359.0,40.0,3.0,402.0,True,https://www.flipkart.com/search?q=Rajesh+Digital+I+Love+You-46+Ceramic+Mug,2026-10-07,synthetic_history,flipkart:MUGE8NZC8ZHZPNFF
Amazon,369.0,40.0,5.0,414.0,True,https://www.amazon.in/s?k=Rajesh+Digital+I+Love+You-46+Ceramic+Mug,2026-10-07,synthetic,flipkart:MUGE8NZC8ZHZPNFF
Reliance Digital,359.0,0.0,0.0,359.0,False,https://www.reliancedigital.in/search?q=Rajesh+Digital+I+Love+You-46+Ceramic+Mug,2026-10-07,synthetic,flipkart:MUGE8NZC8ZHZPNFF
Croma,369.0,0.0,0.0,369.0,False,https://www.google.com/search?q=site%3Acroma.com+Rajesh+Digital+I+Love+You-46+Ceramic+Mug,2026-10-07,synthetic,flipkart:MUGE8NZC8ZHZPNFF
Reliance Digital,1649.0,0.0,0.0,1649.0,True,https://www.reliancedigital.in/search?q=Nikunj+Abstract+Cushions+Cover,2026-10-07,synthetic,flipkart:CPCECSABG58X5KHG
Flipkart,1689.0,0.0,3.0,1692.0,True,https://www.flipkart.com/search?q=Nikunj+Abstract+Cushions+Cover,2026-10-07,synthetic_history,flipkart:CPCECSABG58X5KHG
Amazon,1699.0,0.0,5.0,1704.0,True,https://www.amazon.in/s?k=Nikunj+Abstract+Cushions+Cover,2026-10-07,synthetic,flipkart:CPCECSABG58X5KHG
Meesho,1629.0,0.0,0.0,1629.0,False,https://www.meesho.com/search?q=Nikunj+Abstract+Cushions+Cover,2026-10-07,synthetic,flipkart:CPCECSABG58X5KHG
Croma,1869.0,0.0,0.0,1869.0,False,https://www.google.com/search?q=site%3Acroma.com+Nikunj+Abstract+Cushions+Cover,2026-10-07,synthetic,flipkart:CPCECSABG58X5KHG
Meesho,319.0,0.0,0.0,319.0,True,https://www.meesho.com/search?q=Amore+Square+Wood+Coaster+Set,2026-10-07,synthetic,flipkart:COAE7KYXE2QEW5YZ
Reliance Digital,369.0,0.0,0.0,369.0,True,https://www.reliancedigital.in/search?q=Amore+Square+Wood+Coaster+Set,2026-10-07,synthetic,flipkart:COAE7KYXE2QEW5YZ
Amazon,339.0,40.0,5.0,384.0,True,https://www.amazon.in/s?k=Amore+Square+Wood+Coaster+Set,2026-10-07,synthetic,flipkart:COAE7KYXE2QEW5YZ
Flipkart,349.0,40.0,3.0,392.0,True,https://www.flipkart.com/search?q=Amore+Square+Wood+Coaster+Set,2026-10-07,synthetic_history,flipkart:COAE7KYXE2QEW5YZ
Croma,379.0,0.0,0.0,379.0,False,https://www.google.com/search?q=site%3Acroma.com+Amore+Square+Wood+Coaster+Set,2026-10-07,synthetic,flipkart:COAE7KYXE2QEW5YZ
Meesho,649.0,0.0,0.0,649.0,True,https://www.meesho.com/search?q=Tescoma+Presto+Wheel+Pizza+Cutter,2026-10-07,synthetic,flipkart:PACDZUDMCHKDHGXA
Flipkart,779.0,0.0,3.0,782.0,True,https://www.flipkart.com/search?q=Tescoma+Presto+Wheel+Pizza+Cutter,2026-10-07,synthetic_history,flipkart:PACDZUDMCHKDHGXA
Amazon,839.0,0.0,5.0,844.0,True,https://www.amazon.in/s?k=Tescoma+Presto+Wheel+Pizza+Cutter,2026-10-07,synthetic,flipkart:PACDZUDMCHKDHGXA
Croma,769.0,0.0,0.0,769.0,False,https://www.google.com/search?q=site%3Acroma.com+Tescoma+Presto+Wheel+Pizza+Cutter,2026-10-07,synthetic,flipkart:PACDZUDMCHKDHGXA
Reliance Digital,779.0,0.0,0.0,779.0,False,https://www.reliancedigital.in/search?q=Tescoma+Presto+Wheel+Pizza+Cutter,2026-10-07,synthetic,flipkart:PACDZUDMCHKDHGXA
Meesho,1729.0,0.0,0.0,1729.0,True,https://www.meesho.com/search?q=eCraftIndia+Floral+Queen+Dohar+Multicolor,2026-10-07,synthetic,flipkart:BLAEAKRGNTVFY69D
Flipkart,1839.0,0.0,3.0,1842.0,True,https://www.flipkart.com/search?q=eCraftIndia+Floral+Queen+Dohar+Multicolor,2026-10-07,synthetic_history,flipkart:BLAEAKRGNTVFY69D
Amazon,1839.0,0.0,5.0,1844.0,True,https://www.amazon.in/s?k=eCraftIndia+Floral+Queen+Dohar+Multicolor,2026-10-07,synthetic,flipkart:BLAEAKRGNTVFY69D
Reliance Digital,1939.0,0.0,0.0,1939.0,True,https://www.reliancedigital.in/search?q=eCraftIndia+Floral+Queen+Dohar+Multicolor,2026-10-07,synthetic,flipkart:BLAEAKRGNTVFY69D
Croma,1939.0,0.0,0.0,1939.0,False,https://www.google.com/search?q=site%3Acroma.com+eCraftIndia+Floral+Queen+Dohar+Multicolor,2026-10-07,synthetic,flipkart:BLAEAKRGNTVFY69D
Croma,429.0,0.0,0.0,429.0,True,https://www.google.com/search?q=site%3Acroma.com+Printland+PMR1834+Ceramic+Mug,2026-10-07,synthetic,flipkart:MUGEBFGF4ZDPGTZZ
Flipkart,419.0,40.0,3.0,462.0,True,https://www.flipkart.com/search?q=Printland+PMR1834+Ceramic+Mug,2026-10-07,synthetic_history,flipkart:MUGEBFGF4ZDPGTZZ
Amazon,429.0,40.0,5.0,474.0,True,https://www.amazon.in/s?k=Printland+PMR1834+Ceramic+Mug,2026-10-07,synthetic,flipkart:MUGEBFGF4ZDPGTZZ
Meesho,399.0,0.0,0.0,399.0,False,https://www.meesho.com/search?q=Printland+PMR1834+Ceramic+Mug,2026-10-07,synthetic,flipkart:MUGEBFGF4ZDPGTZZ
Reliance Digital,419.0,0.0,0.0,419.0,False,https://www.reliancedigital.in/search?q=Printland+PMR1834+Ceramic+Mug,2026-10-07,synthetic,flipkart:MUGEBFGF4ZDPGTZZ
Amazon,2579.0,0.0,5.0,2584.0,True,https://www.amazon.in/s?k=Sapatos+Plain+Single+Dohar+Black,2026-10-07,synthetic,flipkart:BLAEEDEGBXDH8BCG
Flipkart,2669.0,0.0,3.0,2672.0,True,https://www.flipkart.com/search?q=Sapatos+Plain+Single+Dohar+Black,2026-10-07,synthetic_history,flipkart:BLAEEDEGBXDH8BCG
Reliance Digital,2789.0,0.0,0.0,2789.0,False,https://www.reliancedigital.in/search?q=Sapatos+Plain+Single+Dohar+Black,2026-10-07,synthetic,flipkart:BLAEEDEGBXDH8BCG
Croma,2829.0,0.0,0.0,2829.0,False,https://www.google.com/search?q=site%3Acroma.com+Sapatos+Plain+Single+Dohar+Black,2026-10-07,synthetic,flipkart:BLAEEDEGBXDH8BCG
Meesho,2969.0,0.0,0.0,2969.0,False,https://www.meesho.com/search?q=Sapatos+Plain+Single+Dohar+Black,2026-10-07,synthetic,flipkart:BLAEEDEGBXDH8BCG
Meesho,699.0,0.0,0.0,699.0,True,https://www.meesho.com/search?q=Aroma+Comfort+Polyester+Brown+Self+Design+Eyelet+Long+Door+Curtain,2026-10-07,synthetic,flipkart:CRNEG8DDPSWTHEMH
Amazon,719.0,0.0,5.0,724.0,True,https://www.amazon.in/s?k=Aroma+Comfort+Polyester+Brown+Self+Design+Eyelet+Long+Door+Curtain,2026-10-07,synthetic,flipkart:CRNEG8DDPSWTHEMH
Flipkart,739.0,0.0,3.0,742.0,True,https://www.flipkart.com/search?q=Aroma+Comfort+Polyester+Brown+Self+Design+Eyelet+Long+Door+Curtain,2026-10-07,synthetic_history,flipkart:CRNEG8DDPSWTHEMH
Reliance Digital,759.0,0.0,0.0,759.0,True,https://www.reliancedigital.in/search?q=Aroma+Comfort+Polyester+Brown+Self+Design+Eyelet+Long+Door+Curtain,2026-10-07,synthetic,flipkart:CRNEG8DDPSWTHEMH
Croma,789.0,0.0,0.0,789.0,True,https://www.google.com/search?q=site%3Acroma.com+Aroma+Comfort+Polyester+Brown+Self+Design+Eyelet+Long+Door+Curtain,2026-10-07,synthetic,flipkart:CRNEG8DDPSWTHEMH
Flipkart,2609.0,0.0,3.0,2612.0,True,https://www.flipkart.com/search?q=Riva+Carpets+Cotton+Free+Bath+Mat+Classic+Loop+Shag+Bathmat_RI-527,2026-10-07,synthetic_history,flipkart:MATEB88TYRSSX8SH
Amazon,2629.0,0.0,5.0,2634.0,True,https://www.amazon.in/s?k=Riva+Carpets+Cotton+Free+Bath+Mat+Classic+Loop+Shag+Bathmat_RI-527,2026-10-07,synthetic,flipkart:MATEB88TYRSSX8SH
Reliance Digital,2699.0,0.0,0.0,2699.0,True,https://www.reliancedigital.in/search?q=Riva+Carpets+Cotton+Free+Bath+Mat+Classic+Loop+Shag+Bathmat_RI-527,2026-10-07,synthetic,flipkart:MATEB88TYRSSX8SH
Croma,2729.0,0.0,0.0,2729.0,True,https://www.google.com/search?q=site%3Acroma.com+Riva+Carpets+Cotton+Free+Bath+Mat+Classic+Loop+Shag+Bathmat_RI-527,2026-10-07,synthetic,flipkart:MATEB88TYRSSX8SH
Meesho,2359.0,0.0,0.0,2359.0,False,https://www.meesho.com/search?q=Riva+Carpets+Cotton+Free+Bath+Mat+Classic+Loop+Shag+Bathmat_RI-527,2026-10-07,synthetic,flipkart:MATEB88TYRSSX8SH
Croma,85.0,0.0,0.0,85.0,True,https://www.google.com/search?q=site%3Acroma.com+Sam+Rolling+Pizza+Cutter,2026-10-07,synthetic,flipkart:PACED7HVHJQHDZQC
Reliance Digital,89.0,0.0,0.0,89.0,True,https://www.reliancedigital.in/search?q=Sam+Rolling+Pizza+Cutter,2026-10-07,synthetic,flipkart:PACED7HVHJQHDZQC
Flipkart,84.0,40.0,3.0,127.0,True,https://www.flipkart.com/search?q=Sam+Rolling+Pizza+Cutter,2026-10-07,synthetic_history,flipkart:PACED7HVHJQHDZQC
Meesho,77.0,0.0,0.0,77.0,False,https://www.meesho.com/search?q=Sam+Rolling+Pizza+Cutter,2026-10-07,synthetic,flipkart:PACED7HVHJQHDZQC
Amazon,83.0,40.0,5.0,128.0,False,https://www.amazon.in/s?k=Sam+Rolling+Pizza+Cutter,2026-10-07,synthetic,flipkart:PACED7HVHJQHDZQC
Meesho,1679.0,0.0,0.0,1679.0,True,https://www.meesho.com/search?q=Rajrang+Floral+Cushions+Cover,2026-10-07,synthetic,flipkart:CPCEBS8ZRY7DHFGG
Reliance Digital,2039.0,0.0,0.0,2039.0,True,https://www.reliancedigital.in/search?q=Rajrang+Floral+Cushions+Cover,2026-10-07,synthetic,flipkart:CPCEBS8ZRY7DHFGG
Flipkart,2069.0,0.0,3.0,2072.0,True,https://www.flipkart.com/search?q=Rajrang+Floral+Cushions+Cover,2026-10-07,synthetic_history,flipkart:CPCEBS8ZRY7DHFGG
Amazon,2099.0,0.0,5.0,2104.0,True,https://www.amazon.in/s?k=Rajrang+Floral+Cushions+Cover,2026-10-07,synthetic,flipkart:CPCEBS8ZRY7DHFGG
Croma,2129.0,0.0,0.0,2129.0,True,https://www.google.com/search?q=site%3Acroma.com+Rajrang+Floral+Cushions+Cover,2026-10-07,synthetic,flipkart:CPCEBS8ZRY7DHFGG
Flipkart,479.0,40.0,3.0,522.0,True,https://www.flipkart.com/search?q=Printland+PMBA1274+Ceramic+Mug,2026-10-07,synthetic_history,flipkart:MUGEACY8VKKQ6GJ4
Amazon,519.0,0.0,5.0,524.0,True,https://www.amazon.in/s?k=Printland+PMBA1274+Ceramic+Mug,2026-10-07,synthetic,flipkart:MUGEACY8VKKQ6GJ4
Meesho,379.0,0.0,0.0,379.0,False,https://www.meesho.com/search?q=Printland+PMBA1274+Ceramic+Mug,2026-10-07,synthetic,flipkart:MUGEACY8VKKQ6GJ4
Croma,489.0,0.0,0.0,489.0,False,https://www.google.com/search?q=site%3Acroma.com+Printland+PMBA1274+Ceramic+Mug,2026-10-07,synthetic,flipkart:MUGEACY8VKKQ6GJ4
Reliance Digital,529.0,0.0,0.0,529.0,False,https://www.reliancedigital.in/search?q=Printland+PMBA1274+Ceramic+Mug,2026-10-07,synthetic,flipkart:MUGEACY8VKKQ6GJ4
Meesho,199.0,0.0,0.0,199.0,True,https://www.meesho.com/search?q=Prithish+Pscychological+Illusions+Design+6+Ceramic+Mug,2026-10-07,synthetic,flipkart:MUGE7DUFF4VTYCQM
Croma,239.0,0.0,0.0,239.0,True,https://www.google.com/search?q=site%3Acroma.com+Prithish+Pscychological+Illusions+Design+6+Ceramic+Mug,2026-10-07,synthetic,flipkart:MUGE7DUFF4VTYCQM
Reliance Digital,239.0,0.0,0.0,239.0,True,https://www.reliancedigital.in/search?q=Prithish+Pscychological+Illusions+Design+6+Ceramic+Mug,2026-10-07,synthetic,flipkart:MUGE7DUFF4VTYCQM
Amazon,219.0,40.0,5.0,264.0,True,https://www.amazon.in/s?k=Prithish+Pscychological+Illusions+Design+6+Ceramic+Mug,2026-10-07,synthetic,flipkart:MUGE7DUFF4VTYCQM
Flipkart,229.0,40.0,3.0,272.0,True,https://www.flipkart.com/search?q=Prithish+Pscychological+Illusions+Design+6+Ceramic+Mug,2026-10-07,synthetic_history,flipkart:MUGE7DUFF4VTYCQM
Croma,349.0,0.0,0.0,349.0,True,https://www.google.com/search?q=site%3Acroma.com+BFT+9+W+LED+Bulb,2026-10-07,synthetic,flipkart:BLBEJR23HPEFFCGH
Amazon,339.0,40.0,5.0,384.0,True,https://www.amazon.in/s?k=BFT+9+W+LED+Bulb,2026-10-07,synthetic,flipkart:BLBEJR23HPEFFCGH
Flipkart,349.0,40.0,3.0,392.0,True,https://www.flipkart.com/search?q=BFT+9+W+LED+Bulb,2026-10-07,synthetic_history,flipkart:BLBEJR23HPEFFCGH
Meesho,349.0,0.0,0.0,349.0,False,https://www.meesho.com/search?q=BFT+9+W+LED+Bulb,2026-10-07,synthetic,flipkart:BLBEJR23HPEFFCGH
Reliance Digital,389.0,0.0,0.0,389.0,False,https://www.reliancedigital.in/search?q=BFT+9+W+LED+Bulb,2026-10-07,synthetic,flipkart:BLBEJR23HPEFFCGH
Meesho,269.0,0.0,0.0,269.0,True,https://www.meesho.com/search?q=Victor+8+W+LED+Bulb,2026-10-07,synthetic,flipkart:BLBEA2D83ZJDBEX4
Reliance Digital,359.0,0.0,0.0,359.0,True,https://www.reliancedigital.in/search?q=Victor+8+W+LED+Bulb,2026-10-07,synthetic,flipkart:BLBEA2D83ZJDBEX4
Flipkart,339.0,40.0,3.0,382.0,True,https://www.flipkart.com/search?q=Victor+8+W+LED+Bulb,2026-10-07,synthetic_history,flipkart:BLBEA2D83ZJDBEX4
Amazon,349.0,40.0,5.0,394.0,True,https://www.amazon.in/s?k=Victor+8+W+LED+Bulb,2026-10-07,synthetic,flipkart:BLBEA2D83ZJDBEX4
Croma,369.0,0.0,0.0,369.0,False,https://www.google.com/search?q=site%3Acroma.com+Victor+8+W+LED+Bulb,2026-10-07,synthetic,flipkart:BLBEA2D83ZJDBEX4
Amazon,709.0,0.0,5.0,714.0,True,https://www.amazon.in/s?k=Kalash+Kadhai+3.5+L,2026-10-07,synthetic,flipkart:PTPE62XBPSEHCQCR
Flipkart,739.0,0.0,3.0,742.0,True,https://www.flipkart.com/search?q=Kalash+Kadhai+3.5+L,2026-10-07,synthetic_history,flipkart:PTPE62XBPSEHCQCR
Croma,759.0,0.0,0.0,759.0,True,https://www.google.com/search?q=site%3Acroma.com+Kalash+Kadhai+3.5+L,2026-10-07,synthetic,flipkart:PTPE62XBPSEHCQCR
Reliance Digital,789.0,0.0,0.0,789.0,True,https://www.reliancedigital.in/search?q=Kalash+Kadhai+3.5+L,2026-10-07,synthetic,flipkart:PTPE62XBPSEHCQCR
Meesho,559.0,0.0,0.0,559.0,False,https://www.meesho.com/search?q=Kalash+Kadhai+3.5+L,2026-10-07,synthetic,flipkart:PTPE62XBPSEHCQCR
Amazon,739.0,0.0,5.0,744.0,True,https://www.amazon.in/s?k=Good+Night+Cotton+Floral+King+sized+Double+Bedsheet,2026-10-07,synthetic,flipkart:BDSEJTHQJSEAEEJZ
Meesho,779.0,0.0,0.0,779.0,True,https://www.meesho.com/search?q=Good+Night+Cotton+Floral+King+sized+Double+Bedsheet,2026-10-07,synthetic,flipkart:BDSEJTHQJSEAEEJZ
Flipkart,789.0,0.0,3.0,792.0,True,https://www.flipkart.com/search?q=Good+Night+Cotton+Floral+King+sized+Double+Bedsheet,2026-10-07,synthetic_history,flipkart:BDSEJTHQJSEAEEJZ
Reliance Digital,829.0,0.0,0.0,829.0,True,https://www.reliancedigital.in/search?q=Good+Night+Cotton+Floral+King+sized+Double+Bedsheet,2026-10-07,synthetic,flipkart:BDSEJTHQJSEAEEJZ
Croma,839.0,0.0,0.0,839.0,False,https://www.google.com/search?q=site%3Acroma.com+Good+Night+Cotton+Floral+King+sized+Double+Bedsheet,2026-10-07,synthetic,flipkart:BDSEJTHQJSEAEEJZ
Meesho,499.0,0.0,0.0,499.0,True,https://www.meesho.com/search?q=Printland+PMR1193+Ceramic+Mug,2026-10-07,synthetic,flipkart:MUGEACY8FADKRHPW
Croma,509.0,0.0,0.0,509.0,True,https://www.google.com/search?q=site%3Acroma.com+Printland+PMR1193+Ceramic+Mug,2026-10-07,synthetic,flipkart:MUGEACY8FADKRHPW
Flipkart,509.0,0.0,3.0,512.0,True,https://www.flipkart.com/search?q=Printland+PMR1193+Ceramic+Mug,2026-10-07,synthetic_history,flipkart:MUGEACY8FADKRHPW
Amazon,509.0,0.0,5.0,514.0,True,https://www.amazon.in/s?k=Printland+PMR1193+Ceramic+Mug,2026-10-07,synthetic,flipkart:MUGEACY8FADKRHPW
Reliance Digital,559.0,0.0,0.0,559.0,True,https://www.reliancedigital.in/search?q=Printland+PMR1193+Ceramic+Mug,2026-10-07,synthetic,flipkart:MUGEACY8FADKRHPW
Amazon,1839.0,0.0,5.0,1844.0,True,https://www.amazon.in/s?k=Rajrang+Floral+Cushions+Cover,2026-10-07,synthetic,flipkart:CPCEBS8ZZHECSSZW
Flipkart,1849.0,0.0,3.0,1852.0,True,https://www.flipkart.com/search?q=Rajrang+Floral+Cushions+Cover,2026-10-07,synthetic_history,flipkart:CPCEBS8ZZHECSSZW
Reliance Digital,1919.0,0.0,0.0,1919.0,True,https://www.reliancedigital.in/search?q=Rajrang+Floral+Cushions+Cover,2026-10-07,synthetic,flipkart:CPCEBS8ZZHECSSZW
Meesho,1779.0,0.0,0.0,1779.0,False,https://www.meesho.com/search?q=Rajrang+Floral+Cushions+Cover,2026-10-07,synthetic,flipkart:CPCEBS8ZZHECSSZW
Croma,1859.0,0.0,0.0,1859.0,False,https://www.google.com/search?q=site%3Acroma.com+Rajrang+Floral+Cushions+Cover,2026-10-07,synthetic,flipkart:CPCEBS8ZZHECSSZW
Meesho,1359.0,0.0,0.0,1359.0,True,https://www.meesho.com/search?q=Onlinemaniya+Abstract+Single+Quilts+%26+Comforters+Multicolor,2026-10-07,synthetic,flipkart:BLAE4H9UWEUNZKN8
Flipkart,1469.0,0.0,3.0,1472.0,True,https://www.flipkart.com/search?q=Onlinemaniya+Abstract+Single+Quilts+%26+Comforters+Multicolor,2026-10-07,synthetic_history,flipkart:BLAE4H9UWEUNZKN8
Amazon,1489.0,0.0,5.0,1494.0,True,https://www.amazon.in/s?k=Onlinemaniya+Abstract+Single+Quilts+%26+Comforters+Multicolor,2026-10-07,synthetic,flipkart:BLAE4H9UWEUNZKN8
Reliance Digital,1509.0,0.0,0.0,1509.0,True,https://www.reliancedigital.in/search?q=Onlinemaniya+Abstract+Single+Quilts+%26+Comforters+Multicolor,2026-10-07,synthetic,flipkart:BLAE4H9UWEUNZKN8
Croma,1619.0,0.0,0.0,1619.0,False,https://www.google.com/search?q=site%3Acroma.com+Onlinemaniya+Abstract+Single+Quilts+%26+Comforters+Multicolor,2026-10-07,synthetic,flipkart:BLAE4H9UWEUNZKN8
Reliance Digital,259.0,0.0,0.0,259.0,True,https://www.reliancedigital.in/search?q=Prithish+Be+Calm.Stay+Chill.+Good+Vibes.+Ceramic+Mug,2026-10-07,synthetic,flipkart:MUGEBJ7XAFVH25VD
Flipkart,239.0,40.0,3.0,282.0,True,https://www.flipkart.com/search?q=Prithish+Be+Calm.Stay+Chill.+Good+Vibes.+Ceramic+Mug,2026-10-07,synthetic_history,flipkart:MUGEBJ7XAFVH25VD
Amazon,259.0,40.0,5.0,304.0,True,https://www.amazon.in/s?k=Prithish+Be+Calm.Stay+Chill.+Good+Vibes.+Ceramic+Mug,2026-10-07,synthetic,flipkart:MUGEBJ7XAFVH25VD
Meesho,229.0,0.0,0.0,229.0,False,https://www.meesho.com/search?q=Prithish+Be+Calm.Stay+Chill.+Good+Vibes.+Ceramic+Mug,2026-10-07,synthetic,flipkart:MUGEBJ7XAFVH25VD
Croma,239.0,0.0,0.0,239.0,False,https://www.google.com/search?q=site%3Acroma.com+Prithish+Be+Calm.Stay+Chill.+Good+Vibes.+Ceramic+Mug,2026-10-07,synthetic,flipkart:MUGEBJ7XAFVH25VD
Amazon,3149.0,0.0,5.0,3154.0,True,https://www.amazon.in/s?k=Paradise+Plain+Single+Electric+Blanket+Green,2026-10-07,synthetic,flipkart:BLAECUHKDRQZWGXF
Flipkart,3189.0,0.0,3.0,3192.0,True,https://www.flipkart.com/search?q=Paradise+Plain+Single+Electric+Blanket+Green,2026-10-07,synthetic_history,flipkart:BLAECUHKDRQZWGXF
Croma,3239.0,0.0,0.0,3239.0,False,https://www.google.com/search?q=site%3Acroma.com+Paradise+Plain+Single+Electric+Blanket+Green,2026-10-07,synthetic,flipkart:BLAECUHKDRQZWGXF
Reliance Digital,3329.0,0.0,0.0,3329.0,False,https://www.reliancedigital.in/search?q=Paradise+Plain+Single+Electric+Blanket+Green,2026-10-07,synthetic,flipkart:BLAECUHKDRQZWGXF
Meesho,3399.0,0.0,0.0,3399.0,False,https://www.meesho.com/search?q=Paradise+Plain+Single+Electric+Blanket+Green,2026-10-07,synthetic,flipkart:BLAECUHKDRQZWGXF
Meesho,1409.0,0.0,0.0,1409.0,True,https://www.meesho.com/search?q=Rajrang+Floral+Cushions+Cover,2026-10-07,synthetic,flipkart:CPCE8666AZZTSQM8
Amazon,1799.0,0.0,5.0,1804.0,True,https://www.amazon.in/s?k=Rajrang+Floral+Cushions+Cover,2026-10-07,synthetic,flipkart:CPCE8666AZZTSQM8
Flipkart,1819.0,0.0,3.0,1822.0,True,https://www.flipkart.com/search?q=Rajrang+Floral+Cushions+Cover,2026-10-07,synthetic_history,flipkart:CPCE8666AZZTSQM8
Reliance Digital,1849.0,0.0,0.0,1849.0,True,https://www.reliancedigital.in/search?q=Rajrang+Floral+Cushions+Cover,2026-10-07,synthetic,flipkart:CPCE8666AZZTSQM8
Croma,1899.0,0.0,0.0,1899.0,False,https://www.google.com/search?q=site%3Acroma.com+Rajrang+Floral+Cushions+Cover,2026-10-07,synthetic,flipkart:CPCE8666AZZTSQM8
Meesho,419.0,0.0,0.0,419.0,True,https://www.meesho.com/search?q=Printland+PMR1034+Ceramic+Mug,2026-10-07,synthetic,flipkart:MUGEBFGF6FCZ8YQH
Croma,469.0,0.0,0.0,469.0,True,https://www.google.com/search?q=site%3Acroma.com+Printland+PMR1034+Ceramic+Mug,2026-10-07,synthetic,flipkart:MUGEBFGF6FCZ8YQH
Reliance Digital,469.0,0.0,0.0,469.0,True,https://www.reliancedigital.in/search?q=Printland+PMR1034+Ceramic+Mug,2026-10-07,synthetic,flipkart:MUGEBFGF6FCZ8YQH
Flipkart,449.0,40.0,3.0,492.0,True,https://www.flipkart.com/search?q=Printland+PMR1034+Ceramic+Mug,2026-10-07,synthetic_history,flipkart:MUGEBFGF6FCZ8YQH
Amazon,459.0,40.0,5.0,504.0,True,https://www.amazon.in/s?k=Printland+PMR1034+Ceramic+Mug,2026-10-07,synthetic,flipkart:MUGEBFGF6FCZ8YQH
Flipkart,2359.0,0.0,3.0,2362.0,True,https://www.flipkart.com/search?q=Sapatos+Striped+Single+Duvet+White+%26+Purple,2026-10-07,synthetic_history,flipkart:BLAEEJGJWZJFAFXF
Meesho,2149.0,0.0,0.0,2149.0,False,https://www.meesho.com/search?q=Sapatos+Striped+Single+Duvet+White+%26+Purple,2026-10-07,synthetic,flipkart:BLAEEJGJWZJFAFXF
Reliance Digital,2349.0,0.0,0.0,2349.0,False,https://www.reliancedigital.in/search?q=Sapatos+Striped+Single+Duvet+White+%26+Purple,2026-10-07,synthetic,flipkart:BLAEEJGJWZJFAFXF
Croma,2479.0,0.0,0.0,2479.0,False,https://www.google.com/search?q=site%3Acroma.com+Sapatos+Striped+Single+Duvet+White+%26+Purple,2026-10-07,synthetic,flipkart:BLAEEJGJWZJFAFXF
Amazon,2519.0,0.0,5.0,2524.0,False,https://www.amazon.in/s?k=Sapatos+Striped+Single+Duvet+White+%26+Purple,2026-10-07,synthetic,flipkart:BLAEEJGJWZJFAFXF
Amazon,1219.0,0.0,5.0,1224.0,True,https://www.amazon.in/s?k=Welhouse+Floral+Cushions+Cover,2026-10-07,synthetic,flipkart:CPCECHAPUTYFU9WF
Flipkart,1249.0,0.0,3.0,1252.0,True,https://www.flipkart.com/search?q=Welhouse+Floral+Cushions+Cover,2026-10-07,synthetic_history,flipkart:CPCECHAPUTYFU9WF
Reliance Digital,1319.0,0.0,0.0,1319.0,True,https://www.reliancedigital.in/search?q=Welhouse+Floral+Cushions+Cover,2026-10-07,synthetic,flipkart:CPCECHAPUTYFU9WF
Meesho,1069.0,0.0,0.0,1069.0,False,https://www.meesho.com/search?q=Welhouse+Floral+Cushions+Cover,2026-10-07,synthetic,flipkart:CPCECHAPUTYFU9WF
Croma,1289.0,0.0,0.0,1289.0,False,https://www.google.com/search?q=site%3Acroma.com+Welhouse+Floral+Cushions+Cover,2026-10-07,synthetic,flipkart:CPCECHAPUTYFU9WF
Reliance Digital,1429.0,0.0,0.0,1429.0,True,https://www.reliancedigital.in/search?q=Valtellina+Abstract+Double+Blanket+Brown,2026-10-07,synthetic,flipkart:BLAEEDSGY6APNYWQ
Flipkart,1509.0,0.0,3.0,1512.0,True,https://www.flipkart.com/search?q=Valtellina+Abstract+Double+Blanket+Brown,2026-10-07,synthetic_history,flipkart:BLAEEDSGY6APNYWQ
Amazon,1519.0,0.0,5.0,1524.0,True,https://www.amazon.in/s?k=Valtellina+Abstract+Double+Blanket+Brown,2026-10-07,synthetic,flipkart:BLAEEDSGY6APNYWQ
Meesho,1349.0,0.0,0.0,1349.0,False,https://www.meesho.com/search?q=Valtellina+Abstract+Double+Blanket+Brown,2026-10-07,synthetic,flipkart:BLAEEDSGY6APNYWQ
Croma,1519.0,0.0,0.0,1519.0,False,https://www.google.com/search?q=site%3Acroma.com+Valtellina+Abstract+Double+Blanket+Brown,2026-10-07,synthetic,flipkart:BLAEEDSGY6APNYWQ
Amazon,2159.0,0.0,5.0,2164.0,True,https://www.amazon.in/s?k=HomeeHub+Polyester+Multicolor+Self+Design+Eyelet+Door+Curtain,2026-10-07,synthetic,flipkart:CRNEE84JYAYUQEHB
Flipkart,2319.0,0.0,3.0,2322.0,True,https://www.flipkart.com/search?q=HomeeHub+Polyester+Multicolor+Self+Design+Eyelet+Door+Curtain,2026-10-07,synthetic_history,flipkart:CRNEE84JYAYUQEHB
Croma,2419.0,0.0,0.0,2419.0,True,https://www.google.com/search?q=site%3Acroma.com+HomeeHub+Polyester+Multicolor+Self+Design+Eyelet+Door+Curtain,2026-10-07,synthetic,flipkart:CRNEE84JYAYUQEHB
Meesho,2049.0,0.0,0.0,2049.0,False,https://www.meesho.com/search?q=HomeeHub+Polyester+Multicolor+Self+Design+Eyelet+Door+Curtain,2026-10-07,synthetic,flipkart:CRNEE84JYAYUQEHB
Reliance Digital,2349.0,0.0,0.0,2349.0,False,https://www.reliancedigital.in/search?q=HomeeHub+Polyester+Multicolor+Self+Design+Eyelet+Door+Curtain,2026-10-07,synthetic,flipkart:CRNEE84JYAYUQEHB
Flipkart,1969.0,0.0,3.0,1972.0,True,https://www.flipkart.com/search?q=Sapatos+Plain+Single+Duvet+White,2026-10-07,synthetic_history,flipkart:BLAEEDGBQZFXHG5W
Amazon,2099.0,0.0,5.0,2104.0,True,https://www.amazon.in/s?k=Sapatos+Plain+Single+Duvet+White,2026-10-07,synthetic,flipkart:BLAEEDGBQZFXHG5W
Meesho,1689.0,0.0,0.0,1689.0,False,https://www.meesho.com/search?q=Sapatos+Plain+Single+Duvet+White,2026-10-07,synthetic,flipkart:BLAEEDGBQZFXHG5W
Reliance Digital,1959.0,0.0,0.0,1959.0,False,https://www.reliancedigital.in/search?q=Sapatos+Plain+Single+Duvet+White,2026-10-07,synthetic,flipkart:BLAEEDGBQZFXHG5W
Croma,2129.0,0.0,0.0,2129.0,False,https://www.google.com/search?q=site%3Acroma.com+Sapatos+Plain+Single+Duvet+White,2026-10-07,synthetic,flipkart:BLAEEDGBQZFXHG5W
Croma,389.0,0.0,0.0,389.0,True,https://www.google.com/search?q=site%3Acroma.com+Prithish+My+Wife+Has+The+Best+Husband+Double+Color+Ceramic+Mug,2026-10-07,synthetic,flipkart:MUGECJZ2DTFF8KJA
Reliance Digital,389.0,0.0,0.0,389.0,True,https://www.reliancedigital.in/search?q=Prithish+My+Wife+Has+The+Best+Husband+Double+Color+Ceramic+Mug,2026-10-07,synthetic,flipkart:MUGECJZ2DTFF8KJA
Flipkart,379.0,40.0,3.0,422.0,True,https://www.flipkart.com/search?q=Prithish+My+Wife+Has+The+Best+Husband+Double+Color+Ceramic+Mug,2026-10-07,synthetic_history,flipkart:MUGECJZ2DTFF8KJA
Amazon,419.0,40.0,5.0,464.0,True,https://www.amazon.in/s?k=Prithish+My+Wife+Has+The+Best+Husband+Double+Color+Ceramic+Mug,2026-10-07,synthetic,flipkart:MUGECJZ2DTFF8KJA
Meesho,379.0,0.0,0.0,379.0,False,https://www.meesho.com/search?q=Prithish+My+Wife+Has+The+Best+Husband+Double+Color+Ceramic+Mug,2026-10-07,synthetic,flipkart:MUGECJZ2DTFF8KJA
Meesho,1169.0,0.0,0.0,1169.0,True,https://www.meesho.com/search?q=Trident+Cotton+Bath+Towel,2026-10-07,synthetic,flipkart:BTWEYXGCCHGW72PE
Amazon,1309.0,0.0,5.0,1314.0,True,https://www.amazon.in/s?k=Trident+Cotton+Bath+Towel,2026-10-07,synthetic,flipkart:BTWEYXGCCHGW72PE
Flipkart,1349.0,0.0,3.0,1352.0,True,https://www.flipkart.com/search?q=Trident+Cotton+Bath+Towel,2026-10-07,synthetic_history,flipkart:BTWEYXGCCHGW72PE
Reliance Digital,1429.0,0.0,0.0,1429.0,True,https://www.reliancedigital.in/search?q=Trident+Cotton+Bath+Towel,2026-10-07,synthetic,flipkart:BTWEYXGCCHGW72PE
Croma,1439.0,0.0,0.0,1439.0,False,https://www.google.com/search?q=site%3Acroma.com+Trident+Cotton+Bath+Towel,2026-10-07,synthetic,flipkart:BTWEYXGCCHGW72PE
Meesho,529.0,0.0,0.0,529.0,True,https://www.meesho.com/search?q=Prithish+I%27m+A+Mom.+What%27S+Your+Superpower%3F+Multicoloured+Bubbles+Black+Ceramic+,2026-10-07,synthetic,flipkart:MUGE5PZ6HEKU5YN8
Reliance Digital,609.0,0.0,0.0,609.0,True,https://www.reliancedigital.in/search?q=Prithish+I%27m+A+Mom.+What%27S+Your+Superpower%3F+Multicoloured+Bubbles+Black+Ceramic+,2026-10-07,synthetic,flipkart:MUGE5PZ6HEKU5YN8
Flipkart,609.0,0.0,3.0,612.0,True,https://www.flipkart.com/search?q=Prithish+I%27m+A+Mom.+What%27S+Your+Superpower%3F+Multicoloured+Bubbles+Black+Ceramic+,2026-10-07,synthetic_history,flipkart:MUGE5PZ6HEKU5YN8
Amazon,639.0,0.0,5.0,644.0,True,https://www.amazon.in/s?k=Prithish+I%27m+A+Mom.+What%27S+Your+Superpower%3F+Multicoloured+Bubbles+Black+Ceramic+,2026-10-07,synthetic,flipkart:MUGE5PZ6HEKU5YN8
Croma,659.0,0.0,0.0,659.0,True,https://www.google.com/search?q=site%3Acroma.com+Prithish+I%27m+A+Mom.+What%27S+Your+Superpower%3F+Multicoloured+Bubbles+Black+Ceramic+,2026-10-07,synthetic,flipkart:MUGE5PZ6HEKU5YN8
Amazon,1109.0,0.0,5.0,1114.0,True,https://www.amazon.in/s?k=Aroma+Comfort+Polyester+Purple+Printed+Eyelet+Long+Door+Curtain,2026-10-07,synthetic,flipkart:CRNEG8D8Z8MCHKRR
Flipkart,1119.0,0.0,3.0,1122.0,True,https://www.flipkart.com/search?q=Aroma+Comfort+Polyester+Purple+Printed+Eyelet+Long+Door+Curtain,2026-10-07,synthetic_history,flipkart:CRNEG8D8Z8MCHKRR
Meesho,969.0,0.0,0.0,969.0,False,https://www.meesho.com/search?q=Aroma+Comfort+Polyester+Purple+Printed+Eyelet+Long+Door+Curtain,2026-10-07,synthetic,flipkart:CRNEG8D8Z8MCHKRR
Croma,1139.0,0.0,0.0,1139.0,False,https://www.google.com/search?q=site%3Acroma.com+Aroma+Comfort+Polyester+Purple+Printed+Eyelet+Long+Door+Curtain,2026-10-07,synthetic,flipkart:CRNEG8D8Z8MCHKRR
Reliance Digital,1209.0,0.0,0.0,1209.0,False,https://www.reliancedigital.in/search?q=Aroma+Comfort+Polyester+Purple+Printed+Eyelet+Long+Door+Curtain,2026-10-07,synthetic,flipkart:CRNEG8D8Z8MCHKRR
Meesho,1359.0,0.0,0.0,1359.0,True,https://www.meesho.com/search?q=CookAid+Stainless+Steel+with+Lid+Kadhai+1.2+L,2026-10-07,synthetic,flipkart:PTPDVPEXZACXZW3H
Croma,1549.0,0.0,0.0,1549.0,True,https://www.google.com/search?q=site%3Acroma.com+CookAid+Stainless+Steel+with+Lid+Kadhai+1.2+L,2026-10-07,synthetic,flipkart:PTPDVPEXZACXZW3H
Amazon,1559.0,0.0,5.0,1564.0,True,https://www.amazon.in/s?k=CookAid+Stainless+Steel+with+Lid+Kadhai+1.2+L,2026-10-07,synthetic,flipkart:PTPDVPEXZACXZW3H
Flipkart,1579.0,0.0,3.0,1582.0,True,https://www.flipkart.com/search?q=CookAid+Stainless+Steel+with+Lid+Kadhai+1.2+L,2026-10-07,synthetic_history,flipkart:PTPDVPEXZACXZW3H
Reliance Digital,1659.0,0.0,0.0,1659.0,True,https://www.reliancedigital.in/search?q=CookAid+Stainless+Steel+with+Lid+Kadhai+1.2+L,2026-10-07,synthetic,flipkart:PTPDVPEXZACXZW3H
Meesho,619.0,0.0,0.0,619.0,True,https://www.meesho.com/search?q=Remtex+Export+Cartoon+Single+Dohar+Multicolor,2026-10-07,synthetic,flipkart:BLAEG2BDYCYDNW6X
Flipkart,769.0,0.0,3.0,772.0,True,https://www.flipkart.com/search?q=Remtex+Export+Cartoon+Single+Dohar+Multicolor,2026-10-07,synthetic_history,flipkart:BLAEG2BDYCYDNW6X
Amazon,789.0,0.0,5.0,794.0,True,https://www.amazon.in/s?k=Remtex+Export+Cartoon+Single+Dohar+Multicolor,2026-10-07,synthetic,flipkart:BLAEG2BDYCYDNW6X
Reliance Digital,799.0,0.0,0.0,799.0,True,https://www.reliancedigital.in/search?q=Remtex+Export+Cartoon+Single+Dohar+Multicolor,2026-10-07,synthetic,flipkart:BLAEG2BDYCYDNW6X
Croma,839.0,0.0,0.0,839.0,True,https://www.google.com/search?q=site%3Acroma.com+Remtex+Export+Cartoon+Single+Dohar+Multicolor,2026-10-07,synthetic,flipkart:BLAEG2BDYCYDNW6X
Reliance Digital,1759.0,0.0,0.0,1759.0,True,https://www.reliancedigital.in/search?q=Black+Stallion+Jumbo+Jet+-+without+lid+Kadhai+7.5+L,2026-10-07,synthetic,flipkart:PTPDYVTRGWG2GGHU
Flipkart,1789.0,0.0,3.0,1792.0,True,https://www.flipkart.com/search?q=Black+Stallion+Jumbo+Jet+-+without+lid+Kadhai+7.5+L,2026-10-07,synthetic_history,flipkart:PTPDYVTRGWG2GGHU
Amazon,1789.0,0.0,5.0,1794.0,True,https://www.amazon.in/s?k=Black+Stallion+Jumbo+Jet+-+without+lid+Kadhai+7.5+L,2026-10-07,synthetic,flipkart:PTPDYVTRGWG2GGHU
Meesho,1479.0,0.0,0.0,1479.0,False,https://www.meesho.com/search?q=Black+Stallion+Jumbo+Jet+-+without+lid+Kadhai+7.5+L,2026-10-07,synthetic,flipkart:PTPDYVTRGWG2GGHU
Croma,1799.0,0.0,0.0,1799.0,False,https://www.google.com/search?q=site%3Acroma.com+Black+Stallion+Jumbo+Jet+-+without+lid+Kadhai+7.5+L,2026-10-07,synthetic,flipkart:PTPDYVTRGWG2GGHU
Meesho,349.0,0.0,0.0,349.0,True,https://www.meesho.com/search?q=meSleep+Abstract+Cushions+Cover,2026-10-07,synthetic,flipkart:CPCE8HXMPKA8PJ99
Croma,379.0,0.0,0.0,379.0,True,https://www.google.com/search?q=site%3Acroma.com+meSleep+Abstract+Cushions+Cover,2026-10-07,synthetic,flipkart:CPCE8HXMPKA8PJ99
Reliance Digital,379.0,0.0,0.0,379.0,True,https://www.reliancedigital.in/search?q=meSleep+Abstract+Cushions+Cover,2026-10-07,synthetic,flipkart:CPCE8HXMPKA8PJ99
Amazon,359.0,40.0,5.0,404.0,True,https://www.amazon.in/s?k=meSleep+Abstract+Cushions+Cover,2026-10-07,synthetic,flipkart:CPCE8HXMPKA8PJ99
Flipkart,369.0,40.0,3.0,412.0,True,https://www.flipkart.com/search?q=meSleep+Abstract+Cushions+Cover,2026-10-07,synthetic_history,flipkart:CPCE8HXMPKA8PJ99
Flipkart,1409.0,0.0,3.0,1412.0,True,https://www.flipkart.com/search?q=Aroma+Comfort+Polyester+Blue+Floral+Eyelet+Long+Door+Curtain,2026-10-07,synthetic_history,flipkart:CRNEFPYY4NH4XGWP
Amazon,1439.0,0.0,5.0,1444.0,True,https://www.amazon.in/s?k=Aroma+Comfort+Polyester+Blue+Floral+Eyelet+Long+Door+Curtain,2026-10-07,synthetic,flipkart:CRNEFPYY4NH4XGWP
Meesho,1389.0,0.0,0.0,1389.0,False,https://www.meesho.com/search?q=Aroma+Comfort+Polyester+Blue+Floral+Eyelet+Long+Door+Curtain,2026-10-07,synthetic,flipkart:CRNEFPYY4NH4XGWP
Reliance Digital,1429.0,0.0,0.0,1429.0,False,https://www.reliancedigital.in/search?q=Aroma+Comfort+Polyester+Blue+Floral+Eyelet+Long+Door+Curtain,2026-10-07,synthetic,flipkart:CRNEFPYY4NH4XGWP
Croma,1469.0,0.0,0.0,1469.0,False,https://www.google.com/search?q=site%3Acroma.com+Aroma+Comfort+Polyester+Blue+Floral+Eyelet+Long+Door+Curtain,2026-10-07,synthetic,flipkart:CRNEFPYY4NH4XGWP
Amazon,1179.0,0.0,5.0,1184.0,True,https://www.amazon.in/s?k=Rustic+India+Geometric+Cushions+Cover,2026-10-07,synthetic,flipkart:CPCEBYA6UYMFQRJY
Flipkart,1209.0,0.0,3.0,1212.0,True,https://www.flipkart.com/search?q=Rustic+India+Geometric+Cushions+Cover,2026-10-07,synthetic_history,flipkart:CPCEBYA6UYMFQRJY
Reliance Digital,1249.0,0.0,0.0,1249.0,True,https://www.reliancedigital.in/search?q=Rustic+India+Geometric+Cushions+Cover,2026-10-07,synthetic,flipkart:CPCEBYA6UYMFQRJY
Croma,1289.0,0.0,0.0,1289.0,True,https://www.google.com/search?q=site%3Acroma.com+Rustic+India+Geometric+Cushions+Cover,2026-10-07,synthetic,flipkart:CPCEBYA6UYMFQRJY
Meesho,1349.0,0.0,0.0,1349.0,False,https://www.meesho.com/search?q=Rustic+India+Geometric+Cushions+Cover,2026-10-07,synthetic,flipkart:CPCEBYA6UYMFQRJY
Reliance Digital,279.0,0.0,0.0,279.0,True,https://www.reliancedigital.in/search?q=Rockmantra+Car+112+Ceramic+Mug,2026-10-07,synthetic,flipkart:MUGEAGGKHU2G6PT8
Amazon,259.0,40.0,5.0,304.0,True,https://www.amazon.in/s?k=Rockmantra+Car+112+Ceramic+Mug,2026-10-07,synthetic,flipkart:MUGEAGGKHU2G6PT8
Flipkart,269.0,40.0,3.0,312.0,True,https://www.flipkart.com/search?q=Rockmantra+Car+112+Ceramic+Mug,2026-10-07,synthetic_history,flipkart:MUGEAGGKHU2G6PT8
Croma,289.0,0.0,0.0,289.0,False,https://www.google.com/search?q=site%3Acroma.com+Rockmantra+Car+112+Ceramic+Mug,2026-10-07,synthetic,flipkart:MUGEAGGKHU2G6PT8
Meesho,309.0,0.0,0.0,309.0,False,https://www.meesho.com/search?q=Rockmantra+Car+112+Ceramic+Mug,2026-10-07,synthetic,flipkart:MUGEAGGKHU2G6PT8
Amazon,319.0,40.0,5.0,364.0,True,https://www.amazon.in/s?k=Creative+Width+Decor+Small+Vinyl+Sticker+Sticker,2026-10-07,synthetic,flipkart:STIE6JA4UNR5RK4S
Flipkart,329.0,40.0,3.0,372.0,True,https://www.flipkart.com/search?q=Creative+Width+Decor+Small+Vinyl+Sticker+Sticker,2026-10-07,synthetic_history,flipkart:STIE6JA4UNR5RK4S
Meesho,279.0,0.0,0.0,279.0,False,https://www.meesho.com/search?q=Creative+Width+Decor+Small+Vinyl+Sticker+Sticker,2026-10-07,synthetic,flipkart:STIE6JA4UNR5RK4S
Flipkart,1249.0,0.0,3.0,1252.0,True,https://www.flipkart.com/search?q=Anmol+Cotton+Collapsible+Wardrobe,2026-10-07,synthetic_history,flipkart:CWDEGKMAD2BWGAWR
Amazon,1259.0,0.0,5.0,1264.0,True,https://www.amazon.in/s?k=Anmol+Cotton+Collapsible+Wardrobe,2026-10-07,synthetic,flipkart:CWDEGKMAD2BWGAWR
Meesho,1069.0,0.0,0.0,1069.0,False,https://www.meesho.com/search?q=Anmol+Cotton+Collapsible+Wardrobe,2026-10-07,synthetic,flipkart:CWDEGKMAD2BWGAWR
Flipkart,439.0,40.0,3.0,482.0,True,https://www.flipkart.com/search?q=Unique+Design+Brass+Handpump+Showpiece++-++23+cm,2026-10-07,synthetic_history,flipkart:SHIE8M4ZWWF7EKN4
Amazon,449.0,40.0,5.0,494.0,True,https://www.amazon.in/s?k=Unique+Design+Brass+Handpump+Showpiece++-++23+cm,2026-10-07,synthetic,flipkart:SHIE8M4ZWWF7EKN4
Meesho,469.0,0.0,0.0,469.0,False,https://www.meesho.com/search?q=Unique+Design+Brass+Handpump+Showpiece++-++23+cm,2026-10-07,synthetic,flipkart:SHIE8M4ZWWF7EKN4
Meesho,599.0,0.0,0.0,599.0,True,https://www.meesho.com/search?q=Digilight+590+inch+White%2C+Yellow%2C+Red+Rice+Lights,2026-10-07,synthetic,flipkart:RCLEYW4QNCRVHCGC
Flipkart,749.0,0.0,3.0,752.0,True,https://www.flipkart.com/search?q=Digilight+590+inch+White%2C+Yellow%2C+Red+Rice+Lights,2026-10-07,synthetic_history,flipkart:RCLEYW4QNCRVHCGC
Amazon,789.0,0.0,5.0,794.0,True,https://www.amazon.in/s?k=Digilight+590+inch+White%2C+Yellow%2C+Red+Rice+Lights,2026-10-07,synthetic,flipkart:RCLEYW4QNCRVHCGC
Flipkart,629.0,0.0,3.0,632.0,True,https://www.flipkart.com/search?q=Digilight+590+inch+Green%2C+Blue%2C+Yellow+Rice+Lights,2026-10-07,synthetic_history,flipkart:RCLEYW4QNGHANNYH
Amazon,629.0,0.0,5.0,634.0,True,https://www.amazon.in/s?k=Digilight+590+inch+Green%2C+Blue%2C+Yellow+Rice+Lights,2026-10-07,synthetic,flipkart:RCLEYW4QNGHANNYH
Meesho,579.0,0.0,0.0,579.0,False,https://www.meesho.com/search?q=Digilight+590+inch+Green%2C+Blue%2C+Yellow+Rice+Lights,2026-10-07,synthetic,flipkart:RCLEYW4QNGHANNYH
Meesho,10169.0,0.0,0.0,10169.0,True,https://www.meesho.com/search?q=Hoopoe+Decor+Small+Wall+Sticker,2026-10-07,synthetic,flipkart:STIE67GJUZVM3ZR4
Flipkart,11409.0,0.0,3.0,11412.0,True,https://www.flipkart.com/search?q=Hoopoe+Decor+Small+Wall+Sticker,2026-10-07,synthetic_history,flipkart:STIE67GJUZVM3ZR4
Amazon,11479.0,0.0,5.0,11484.0,True,https://www.amazon.in/s?k=Hoopoe+Decor+Small+Wall+Sticker,2026-10-07,synthetic,flipkart:STIE67GJUZVM3ZR4
Flipkart,8689.0,0.0,3.0,8692.0,True,https://www.flipkart.com/search?q=GAGA+Canvas+Painting,2026-10-07,synthetic_history,flipkart:PTGEGUZFRVHMXTFH
Amazon,9139.0,0.0,5.0,9144.0,True,https://www.amazon.in/s?k=GAGA+Canvas+Painting,2026-10-07,synthetic,flipkart:PTGEGUZFRVHMXTFH
Meesho,6889.0,0.0,0.0,6889.0,False,https://www.meesho.com/search?q=GAGA+Canvas+Painting,2026-10-07,synthetic,flipkart:PTGEGUZFRVHMXTFH
Amazon,409.0,40.0,5.0,454.0,True,https://www.amazon.in/s?k=Rajrang+Carved+Pattern+Elephant+Showpiece++-++8+cm,2026-10-07,synthetic,flipkart:SHIEHFCXNRGJYZS5
Flipkart,429.0,40.0,3.0,472.0,True,https://www.flipkart.com/search?q=Rajrang+Carved+Pattern+Elephant+Showpiece++-++8+cm,2026-10-07,synthetic_history,flipkart:SHIEHFCXNRGJYZS5
Meesho,379.0,0.0,0.0,379.0,False,https://www.meesho.com/search?q=Rajrang+Carved+Pattern+Elephant+Showpiece++-++8+cm,2026-10-07,synthetic,flipkart:SHIEHFCXNRGJYZS5
Meesho,1999.0,0.0,0.0,1999.0,True,https://www.meesho.com/search?q=Pet+Club51+PC300+L+Pet+Bed,2026-10-07,synthetic,flipkart:PEBEDMZD7GYFPTCG
Flipkart,2239.0,0.0,3.0,2242.0,True,https://www.flipkart.com/search?q=Pet+Club51+PC300+L+Pet+Bed,2026-10-07,synthetic_history,flipkart:PEBEDMZD7GYFPTCG
Amazon,2419.0,0.0,5.0,2424.0,True,https://www.amazon.in/s?k=Pet+Club51+PC300+L+Pet+Bed,2026-10-07,synthetic,flipkart:PEBEDMZD7GYFPTCG
Meesho,389.0,0.0,0.0,389.0,True,https://www.meesho.com/search?q=Ravishing+Variety+Statue+Showpiece++-++17+cm,2026-10-07,synthetic,flipkart:SHIEA6YUJYA5MF7J
Amazon,519.0,0.0,5.0,524.0,True,https://www.amazon.in/s?k=Ravishing+Variety+Statue+Showpiece++-++17+cm,2026-10-07,synthetic,flipkart:SHIEA6YUJYA5MF7J
Flipkart,499.0,40.0,3.0,542.0,True,https://www.flipkart.com/search?q=Ravishing+Variety+Statue+Showpiece++-++17+cm,2026-10-07,synthetic_history,flipkart:SHIEA6YUJYA5MF7J
Flipkart,679.0,0.0,3.0,682.0,True,https://www.flipkart.com/search?q=Indigocart+Antique+Brass+Sand+Timer+Showpiece++-++10.16+cm,2026-10-07,synthetic_history,flipkart:SHIE834ZYF3EYSFT
Amazon,719.0,0.0,5.0,724.0,True,https://www.amazon.in/s?k=Indigocart+Antique+Brass+Sand+Timer+Showpiece++-++10.16+cm,2026-10-07,synthetic,flipkart:SHIE834ZYF3EYSFT
Meesho,599.0,0.0,0.0,599.0,False,https://www.meesho.com/search?q=Indigocart+Antique+Brass+Sand+Timer+Showpiece++-++10.16+cm,2026-10-07,synthetic,flipkart:SHIE834ZYF3EYSFT
Flipkart,1779.0,0.0,3.0,1782.0,True,https://www.flipkart.com/search?q=ABCD+Small+Bean+Bag++With+Foam+Filling,2026-10-07,synthetic_history,flipkart:BEBEGAREKEHWEHZS
Amazon,1779.0,0.0,5.0,1784.0,True,https://www.amazon.in/s?k=ABCD+Small+Bean+Bag++With+Foam+Filling,2026-10-07,synthetic,flipkart:BEBEGAREKEHWEHZS
Meesho,1579.0,0.0,0.0,1579.0,False,https://www.meesho.com/search?q=ABCD+Small+Bean+Bag++With+Foam+Filling,2026-10-07,synthetic,flipkart:BEBEGAREKEHWEHZS
Meesho,309.0,0.0,0.0,309.0,True,https://www.meesho.com/search?q=Scrap+Wood+Birdhouse+SURA-YELLOW-1+Bird+House,2026-10-07,synthetic,flipkart:BRHEDHHTFJFVFFCN
Flipkart,389.0,40.0,3.0,432.0,True,https://www.flipkart.com/search?q=Scrap+Wood+Birdhouse+SURA-YELLOW-1+Bird+House,2026-10-07,synthetic_history,flipkart:BRHEDHHTFJFVFFCN
Amazon,389.0,40.0,5.0,434.0,True,https://www.amazon.in/s?k=Scrap+Wood+Birdhouse+SURA-YELLOW-1+Bird+House,2026-10-07,synthetic,flipkart:BRHEDHHTFJFVFFCN
Meesho,719.0,0.0,0.0,719.0,True,https://www.meesho.com/search?q=SHOPOJ+Multicolor+Paper+Sky+Lantern,2026-10-07,synthetic,flipkart:LTNEHQSPYVUJVBT5
Amazon,769.0,0.0,5.0,774.0,True,https://www.amazon.in/s?k=SHOPOJ+Multicolor+Paper+Sky+Lantern,2026-10-07,synthetic,flipkart:LTNEHQSPYVUJVBT5
Flipkart,789.0,0.0,3.0,792.0,True,https://www.flipkart.com/search?q=SHOPOJ+Multicolor+Paper+Sky+Lantern,2026-10-07,synthetic_history,flipkart:LTNEHQSPYVUJVBT5
Meesho,1269.0,0.0,0.0,1269.0,True,https://www.meesho.com/search?q=Krg+Enterprises+Traditional+Chirag+Showpiece++-++7+cm,2026-10-07,synthetic,flipkart:SHIEAMGZFHYABMHB
Flipkart,1299.0,0.0,3.0,1302.0,True,https://www.flipkart.com/search?q=Krg+Enterprises+Traditional+Chirag+Showpiece++-++7+cm,2026-10-07,synthetic_history,flipkart:SHIEAMGZFHYABMHB
Amazon,1299.0,0.0,5.0,1304.0,True,https://www.amazon.in/s?k=Krg+Enterprises+Traditional+Chirag+Showpiece++-++7+cm,2026-10-07,synthetic,flipkart:SHIEAMGZFHYABMHB
Flipkart,739.0,0.0,3.0,742.0,True,https://www.flipkart.com/search?q=DeStudio+Tiny+Wall+Sticker,2026-10-07,synthetic_history,flipkart:STIEYZ5TS53XAZUR
Amazon,759.0,0.0,5.0,764.0,True,https://www.amazon.in/s?k=DeStudio+Tiny+Wall+Sticker,2026-10-07,synthetic,flipkart:STIEYZ5TS53XAZUR
Meesho,579.0,0.0,0.0,579.0,False,https://www.meesho.com/search?q=DeStudio+Tiny+Wall+Sticker,2026-10-07,synthetic,flipkart:STIEYZ5TS53XAZUR
Flipkart,929.0,0.0,3.0,932.0,True,https://www.flipkart.com/search?q=Shubham+Exports+Showpiece++-++28+cm,2026-10-07,synthetic_history,flipkart:SHIE4HQPBU8UBVW2
Amazon,949.0,0.0,5.0,954.0,True,https://www.amazon.in/s?k=Shubham+Exports+Showpiece++-++28+cm,2026-10-07,synthetic,flipkart:SHIE4HQPBU8UBVW2
Meesho,779.0,0.0,0.0,779.0,False,https://www.meesho.com/search?q=Shubham+Exports+Showpiece++-++28+cm,2026-10-07,synthetic,flipkart:SHIE4HQPBU8UBVW2
Meesho,2839.0,0.0,0.0,2839.0,True,https://www.meesho.com/search?q=Lal+Pet+Products+Lal1446+L+Pet+Bed,2026-10-07,synthetic,flipkart:PEBEBQCZYHEHTEZV
Flipkart,3309.0,0.0,3.0,3312.0,True,https://www.flipkart.com/search?q=Lal+Pet+Products+Lal1446+L+Pet+Bed,2026-10-07,synthetic_history,flipkart:PEBEBQCZYHEHTEZV
Amazon,3389.0,0.0,5.0,3394.0,True,https://www.amazon.in/s?k=Lal+Pet+Products+Lal1446+L+Pet+Bed,2026-10-07,synthetic,flipkart:PEBEBQCZYHEHTEZV
Meesho,1499.0,0.0,0.0,1499.0,True,https://www.meesho.com/search?q=Art+Godaam+Mask+Showpiece++-++40+cm,2026-10-07,synthetic,flipkart:SHIE8WMZ2KHZWZKZ
Amazon,1559.0,0.0,5.0,1564.0,True,https://www.amazon.in/s?k=Art+Godaam+Mask+Showpiece++-++40+cm,2026-10-07,synthetic,flipkart:SHIE8WMZ2KHZWZKZ
Flipkart,1589.0,0.0,3.0,1592.0,True,https://www.flipkart.com/search?q=Art+Godaam+Mask+Showpiece++-++40+cm,2026-10-07,synthetic_history,flipkart:SHIE8WMZ2KHZWZKZ
Meesho,579.0,0.0,0.0,579.0,True,https://www.meesho.com/search?q=DeStudio+Small+Wall+Sticker,2026-10-07,synthetic,flipkart:STIEEHYKCHDXQGFW
Flipkart,629.0,0.0,3.0,632.0,True,https://www.flipkart.com/search?q=DeStudio+Small+Wall+Sticker,2026-10-07,synthetic_history,flipkart:STIEEHYKCHDXQGFW
Amazon,659.0,0.0,5.0,664.0,True,https://www.amazon.in/s?k=DeStudio+Small+Wall+Sticker,2026-10-07,synthetic,flipkart:STIEEHYKCHDXQGFW
Flipkart,2409.0,0.0,3.0,2412.0,True,https://www.flipkart.com/search?q=Pet+Club51+PC293+M+Pet+Bed,2026-10-07,synthetic_history,flipkart:PEBEDMZDUGZXURZK
Amazon,2579.0,0.0,5.0,2584.0,True,https://www.amazon.in/s?k=Pet+Club51+PC293+M+Pet+Bed,2026-10-07,synthetic,flipkart:PEBEDMZDUGZXURZK
Meesho,1939.0,0.0,0.0,1939.0,False,https://www.meesho.com/search?q=Pet+Club51+PC293+M+Pet+Bed,2026-10-07,synthetic,flipkart:PEBEDMZDUGZXURZK
Meesho,1679.0,0.0,0.0,1679.0,True,https://www.meesho.com/search?q=Blacksmith+Analog+Wall+Clock,2026-10-07,synthetic,flipkart:WCKE2TFF4ZYGXUMH
Flipkart,1719.0,0.0,3.0,1722.0,True,https://www.flipkart.com/search?q=Blacksmith+Analog+Wall+Clock,2026-10-07,synthetic_history,flipkart:WCKE2TFF4ZYGXUMH
Amazon,1719.0,0.0,5.0,1724.0,True,https://www.amazon.in/s?k=Blacksmith+Analog+Wall+Clock,2026-10-07,synthetic,flipkart:WCKE2TFF4ZYGXUMH
Flipkart,2769.0,0.0,3.0,2772.0,True,https://www.flipkart.com/search?q=Tallenge+Christmas+Collection+-+Nativity+Art+-+Gallery+Wrap+Canvas+Painting,2026-10-07,synthetic_history,flipkart:PTGEDZBHHZKKGTFZ
Amazon,2829.0,0.0,5.0,2834.0,True,https://www.amazon.in/s?k=Tallenge+Christmas+Collection+-+Nativity+Art+-+Gallery+Wrap+Canvas+Painting,2026-10-07,synthetic,flipkart:PTGEDZBHHZKKGTFZ
Meesho,2339.0,0.0,0.0,2339.0,False,https://www.meesho.com/search?q=Tallenge+Christmas+Collection+-+Nativity+Art+-+Gallery+Wrap+Canvas+Painting,2026-10-07,synthetic,flipkart:PTGEDZBHHZKKGTFZ
Amazon,559.0,0.0,5.0,564.0,True,https://www.amazon.in/s?k=Thoughtroad+Small+PAPER+Sticker,2026-10-07,synthetic,flipkart:STIEGXE2ZDEDQRBA
Flipkart,609.0,0.0,3.0,612.0,True,https://www.flipkart.com/search?q=Thoughtroad+Small+PAPER+Sticker,2026-10-07,synthetic_history,flipkart:STIEGXE2ZDEDQRBA
Meesho,579.0,0.0,0.0,579.0,False,https://www.meesho.com/search?q=Thoughtroad+Small+PAPER+Sticker,2026-10-07,synthetic,flipkart:STIEGXE2ZDEDQRBA
Meesho,939.0,0.0,0.0,939.0,True,https://www.meesho.com/search?q=Tiedribbons+We+Love+Mom+Tile+Showpiece++-++28+cm,2026-10-07,synthetic,flipkart:SHIE6ZSBWKWVVNB2
Flipkart,1009.0,0.0,3.0,1012.0,True,https://www.flipkart.com/search?q=Tiedribbons+We+Love+Mom+Tile+Showpiece++-++28+cm,2026-10-07,synthetic_history,flipkart:SHIE6ZSBWKWVVNB2
Amazon,1049.0,0.0,5.0,1054.0,True,https://www.amazon.in/s?k=Tiedribbons+We+Love+Mom+Tile+Showpiece++-++28+cm,2026-10-07,synthetic,flipkart:SHIE6ZSBWKWVVNB2
Flipkart,6769.0,0.0,3.0,6772.0,True,https://www.flipkart.com/search?q=Surface+180+Set+of+2+Rajasthani+Wooden+Watch+Man+With+Hand+Painting+Showpiece++-,2026-10-07,synthetic_history,flipkart:SHIE8N77ZEBQHFWU
Amazon,7199.0,0.0,5.0,7204.0,True,https://www.amazon.in/s?k=Surface+180+Set+of+2+Rajasthani+Wooden+Watch+Man+With+Hand+Painting+Showpiece++-,2026-10-07,synthetic,flipkart:SHIE8N77ZEBQHFWU
Meesho,5989.0,0.0,0.0,5989.0,False,https://www.meesho.com/search?q=Surface+180+Set+of+2+Rajasthani+Wooden+Watch+Man+With+Hand+Painting+Showpiece++-,2026-10-07,synthetic,flipkart:SHIE8N77ZEBQHFWU
Amazon,2829.0,0.0,5.0,2834.0,True,https://www.amazon.in/s?k=Avenue+Analog+Wall+Clock,2026-10-07,synthetic,flipkart:WCKEC8AG8EYWFSA7
Flipkart,3029.0,0.0,3.0,3032.0,True,https://www.flipkart.com/search?q=Avenue+Analog+Wall+Clock,2026-10-07,synthetic_history,flipkart:WCKEC8AG8EYWFSA7
Meesho,2529.0,0.0,0.0,2529.0,False,https://www.meesho.com/search?q=Avenue+Analog+Wall+Clock,2026-10-07,synthetic,flipkart:WCKEC8AG8EYWFSA7
Flipkart,749.0,0.0,3.0,752.0,True,https://www.flipkart.com/search?q=Tiedribbons+Beautifull+Mom+Gifts+Tile+Showpiece++-++28+cm,2026-10-07,synthetic_history,flipkart:SHIE6ZSBGF3GZZFF
Amazon,759.0,0.0,5.0,764.0,True,https://www.amazon.in/s?k=Tiedribbons+Beautifull+Mom+Gifts+Tile+Showpiece++-++28+cm,2026-10-07,synthetic,flipkart:SHIE6ZSBGF3GZZFF
Meesho,689.0,0.0,0.0,689.0,False,https://www.meesho.com/search?q=Tiedribbons+Beautifull+Mom+Gifts+Tile+Showpiece++-++28+cm,2026-10-07,synthetic,flipkart:SHIE6ZSBGF3GZZFF
Flipkart,629.0,0.0,3.0,632.0,True,https://www.flipkart.com/search?q=DeStudio+Tiny+Wall+Sticker,2026-10-07,synthetic_history,flipkart:STIEYZ5TNP4EPSV9
Amazon,689.0,0.0,5.0,694.0,True,https://www.amazon.in/s?k=DeStudio+Tiny+Wall+Sticker,2026-10-07,synthetic,flipkart:STIEYZ5TNP4EPSV9
Meesho,619.0,0.0,0.0,619.0,False,https://www.meesho.com/search?q=DeStudio+Tiny+Wall+Sticker,2026-10-07,synthetic,flipkart:STIEYZ5TNP4EPSV9
Meesho,7399.0,0.0,0.0,7399.0,True,https://www.meesho.com/search?q=Exotic+India+Vaishnava+Symbols+-+Shankha+And+Chakra+Showpiece++-++37+cm,2026-10-07,synthetic,flipkart:SHIE6G82KNDJUCAQ
Amazon,9099.0,0.0,5.0,9104.0,True,https://www.amazon.in/s?k=Exotic+India+Vaishnava+Symbols+-+Shankha+And+Chakra+Showpiece++-++37+cm,2026-10-07,synthetic,flipkart:SHIE6G82KNDJUCAQ
Flipkart,9449.0,0.0,3.0,9452.0,True,https://www.flipkart.com/search?q=Exotic+India+Vaishnava+Symbols+-+Shankha+And+Chakra+Showpiece++-++37+cm,2026-10-07,synthetic_history,flipkart:SHIE6G82KNDJUCAQ
Meesho,949.0,0.0,0.0,949.0,True,https://www.meesho.com/search?q=SignKraft+Showpiece++-++30+cm,2026-10-07,synthetic,flipkart:SHIECMGF5WTA2WGG
Amazon,949.0,0.0,5.0,954.0,True,https://www.amazon.in/s?k=SignKraft+Showpiece++-++30+cm,2026-10-07,synthetic,flipkart:SHIECMGF5WTA2WGG
Flipkart,959.0,0.0,3.0,962.0,True,https://www.flipkart.com/search?q=SignKraft+Showpiece++-++30+cm,2026-10-07,synthetic_history,flipkart:SHIECMGF5WTA2WGG
Amazon,1069.0,0.0,5.0,1074.0,True,https://www.amazon.in/s?k=The+Crystal+Jewel+Chakra+colour+Bonded+Pyramid+Showpiece++-++4+cm,2026-10-07,synthetic,flipkart:SHIE7TUJZATVAYVB
Flipkart,1149.0,0.0,3.0,1152.0,True,https://www.flipkart.com/search?q=The+Crystal+Jewel+Chakra+colour+Bonded+Pyramid+Showpiece++-++4+cm,2026-10-07,synthetic_history,flipkart:SHIE7TUJZATVAYVB
Meesho,1049.0,0.0,0.0,1049.0,False,https://www.meesho.com/search?q=The+Crystal+Jewel+Chakra+colour+Bonded+Pyramid+Showpiece++-++4+cm,2026-10-07,synthetic,flipkart:SHIE7TUJZATVAYVB
Amazon,819.0,0.0,5.0,824.0,True,https://www.amazon.in/s?k=Miracle+Retail+Bonsai+Wild+Plant+Artificial+Plant++with+Pot,2026-10-07,synthetic,flipkart:ARPEG54NHHJDT9FZ
Flipkart,849.0,0.0,3.0,852.0,True,https://www.flipkart.com/search?q=Miracle+Retail+Bonsai+Wild+Plant+Artificial+Plant++with+Pot,2026-10-07,synthetic_history,flipkart:ARPEG54NHHJDT9FZ
Meesho,709.0,0.0,0.0,709.0,False,https://www.meesho.com/search?q=Miracle+Retail+Bonsai+Wild+Plant+Artificial+Plant++with+Pot,2026-10-07,synthetic,flipkart:ARPEG54NHHJDT9FZ
Amazon,459.0,40.0,5.0,504.0,True,https://www.amazon.in/s?k=NEHP+NEH003+Showpiece++-++7.62+cm,2026-10-07,synthetic,flipkart:SHIEFFFPDETWTWZR
Flipkart,479.0,40.0,3.0,522.0,True,https://www.flipkart.com/search?q=NEHP+NEH003+Showpiece++-++7.62+cm,2026-10-07,synthetic_history,flipkart:SHIEFFFPDETWTWZR
Meesho,379.0,0.0,0.0,379.0,False,https://www.meesho.com/search?q=NEHP+NEH003+Showpiece++-++7.62+cm,2026-10-07,synthetic,flipkart:SHIEFFFPDETWTWZR
Flipkart,3339.0,0.0,3.0,3342.0,True,https://www.flipkart.com/search?q=Petshop7+PS7DB0025+L+Pet+Bed,2026-10-07,synthetic_history,flipkart:PEBECZEHCCAZERYV
Amazon,3489.0,0.0,5.0,3494.0,True,https://www.amazon.in/s?k=Petshop7+PS7DB0025+L+Pet+Bed,2026-10-07,synthetic,flipkart:PEBECZEHCCAZERYV
Meesho,3179.0,0.0,0.0,3179.0,False,https://www.meesho.com/search?q=Petshop7+PS7DB0025+L+Pet+Bed,2026-10-07,synthetic,flipkart:PEBECZEHCCAZERYV
Amazon,10339.0,0.0,5.0,10344.0,True,https://www.amazon.in/s?k=Hoopoe+Decor+Large+Wall+Sticker,2026-10-07,synthetic,flipkart:STIEAE2Z8QXAZSD7
Flipkart,10739.0,0.0,3.0,10742.0,True,https://www.flipkart.com/search?q=Hoopoe+Decor+Large+Wall+Sticker,2026-10-07,synthetic_history,flipkart:STIEAE2Z8QXAZSD7
Meesho,11149.0,0.0,0.0,11149.0,False,https://www.meesho.com/search?q=Hoopoe+Decor+Large+Wall+Sticker,2026-10-07,synthetic,flipkart:STIEAE2Z8QXAZSD7
Meesho,6119.0,0.0,0.0,6119.0,True,https://www.meesho.com/search?q=Stonkraft+Musician+Brass+Figurine+Showpiece++-++15.5+cm,2026-10-07,synthetic,flipkart:SHIEBVT8KUWCDH2H
Flipkart,6479.0,0.0,3.0,6482.0,True,https://www.flipkart.com/search?q=Stonkraft+Musician+Brass+Figurine+Showpiece++-++15.5+cm,2026-10-07,synthetic_history,flipkart:SHIEBVT8KUWCDH2H
Amazon,6569.0,0.0,5.0,6574.0,True,https://www.amazon.in/s?k=Stonkraft+Musician+Brass+Figurine+Showpiece++-++15.5+cm,2026-10-07,synthetic,flipkart:SHIEBVT8KUWCDH2H
Flipkart,1439.0,0.0,3.0,1442.0,True,https://www.flipkart.com/search?q=Gifts+By+Meeta+Color%2C+Balloon+Holi+Combo,2026-10-07,synthetic_history,flipkart:HFCEGNQB9ZKQRGM7
Amazon,1459.0,0.0,5.0,1464.0,True,https://www.amazon.in/s?k=Gifts+By+Meeta+Color%2C+Balloon+Holi+Combo,2026-10-07,synthetic,flipkart:HFCEGNQB9ZKQRGM7
Meesho,1189.0,0.0,0.0,1189.0,False,https://www.meesho.com/search?q=Gifts+By+Meeta+Color%2C+Balloon+Holi+Combo,2026-10-07,synthetic,flipkart:HFCEGNQB9ZKQRGM7
Meesho,3479.0,0.0,0.0,3479.0,True,https://www.meesho.com/search?q=Prachin+Varaha+Laxmi+Sitting+Showpiece++-++11+cm,2026-10-07,synthetic,flipkart:SHIE3YW8AGHPXQZZ
Flipkart,4109.0,0.0,3.0,4112.0,True,https://www.flipkart.com/search?q=Prachin+Varaha+Laxmi+Sitting+Showpiece++-++11+cm,2026-10-07,synthetic_history,flipkart:SHIE3YW8AGHPXQZZ
Amazon,4289.0,0.0,5.0,4294.0,True,https://www.amazon.in/s?k=Prachin+Varaha+Laxmi+Sitting+Showpiece++-++11+cm,2026-10-07,synthetic,flipkart:SHIE3YW8AGHPXQZZ
Meesho,3729.0,0.0,0.0,3729.0,True,https://www.meesho.com/search?q=Nilkamal+CHR6020+Plastic+Outdoor+Chair,2026-10-07,synthetic,flipkart:OTCEHZP82FCAE88F
Flipkart,4009.0,0.0,3.0,4012.0,True,https://www.flipkart.com/search?q=Nilkamal+CHR6020+Plastic+Outdoor+Chair,2026-10-07,synthetic_history,flipkart:OTCEHZP82FCAE88F
Amazon,4389.0,0.0,5.0,4394.0,True,https://www.amazon.in/s?k=Nilkamal+CHR6020+Plastic+Outdoor+Chair,2026-10-07,synthetic,flipkart:OTCEHZP82FCAE88F
Flipkart,839.0,0.0,3.0,842.0,True,https://www.flipkart.com/search?q=Rejewel+Alloy+18K+Yellow+Gold+Bangle,2026-10-07,synthetic_history,flipkart:BBAEJMG2UDBF9DR9
Amazon,859.0,0.0,5.0,864.0,True,https://www.amazon.in/s?k=Rejewel+Alloy+18K+Yellow+Gold+Bangle,2026-10-07,synthetic,flipkart:BBAEJMG2UDBF9DR9
Meesho,759.0,0.0,0.0,759.0,False,https://www.meesho.com/search?q=Rejewel+Alloy+18K+Yellow+Gold+Bangle,2026-10-07,synthetic,flipkart:BBAEJMG2UDBF9DR9
Myntra,859.0,99.0,0.0,958.0,False,https://www.google.com/search?q=site%3Amyntra.com+Rejewel+Alloy+18K+Yellow+Gold+Bangle,2026-10-07,synthetic,flipkart:BBAEJMG2UDBF9DR9
Ajio,919.0,99.0,0.0,1018.0,False,https://www.ajio.com/search/?text=Rejewel+Alloy+18K+Yellow+Gold+Bangle,2026-10-07,synthetic,flipkart:BBAEJMG2UDBF9DR9
Flipkart,359.0,40.0,3.0,402.0,True,https://www.flipkart.com/search?q=Harp+Metal+Necklace,2026-10-07,synthetic_history,flipkart:NKCEFFFPMMZTGRPX
Amazon,379.0,40.0,5.0,424.0,True,https://www.amazon.in/s?k=Harp+Metal+Necklace,2026-10-07,synthetic,flipkart:NKCEFFFPMMZTGRPX
Meesho,299.0,0.0,0.0,299.0,False,https://www.meesho.com/search?q=Harp+Metal+Necklace,2026-10-07,synthetic,flipkart:NKCEFFFPMMZTGRPX
Ajio,359.0,99.0,0.0,458.0,False,https://www.ajio.com/search/?text=Harp+Metal+Necklace,2026-10-07,synthetic,flipkart:NKCEFFFPMMZTGRPX
Myntra,429.0,99.0,0.0,528.0,False,https://www.google.com/search?q=site%3Amyntra.com+Harp+Metal+Necklace,2026-10-07,synthetic,flipkart:NKCEFFFPMMZTGRPX
Flipkart,539.0,0.0,3.0,542.0,True,https://www.flipkart.com/search?q=X+Gold+India+Jhaler+Metal+Necklace,2026-10-07,synthetic_history,flipkart:NKCDZBE883VXZTZM
Amazon,559.0,0.0,5.0,564.0,True,https://www.amazon.in/s?k=X+Gold+India+Jhaler+Metal+Necklace,2026-10-07,synthetic,flipkart:NKCDZBE883VXZTZM
Myntra,689.0,99.0,0.0,788.0,True,https://www.google.com/search?q=site%3Amyntra.com+X+Gold+India+Jhaler+Metal+Necklace,2026-10-07,synthetic,flipkart:NKCDZBE883VXZTZM
Meesho,439.0,0.0,0.0,439.0,False,https://www.meesho.com/search?q=X+Gold+India+Jhaler+Metal+Necklace,2026-10-07,synthetic,flipkart:NKCDZBE883VXZTZM
Ajio,519.0,99.0,0.0,618.0,False,https://www.ajio.com/search/?text=X+Gold+India+Jhaler+Metal+Necklace,2026-10-07,synthetic,flipkart:NKCDZBE883VXZTZM
Flipkart,529.0,0.0,3.0,532.0,True,https://www.flipkart.com/search?q=Gia+White+Gold+Plated+Alloy%2C+Metal+Necklace,2026-10-07,synthetic_history,flipkart:NKCE9GY4SYA5JJW4
Amazon,529.0,0.0,5.0,534.0,True,https://www.amazon.in/s?k=Gia+White+Gold+Plated+Alloy%2C+Metal+Necklace,2026-10-07,synthetic,flipkart:NKCE9GY4SYA5JJW4
Myntra,519.0,99.0,0.0,618.0,True,https://www.google.com/search?q=site%3Amyntra.com+Gia+White+Gold+Plated+Alloy%2C+Metal+Necklace,2026-10-07,synthetic,flipkart:NKCE9GY4SYA5JJW4
Ajio,549.0,99.0,0.0,648.0,True,https://www.ajio.com/search/?text=Gia+White+Gold+Plated+Alloy%2C+Metal+Necklace,2026-10-07,synthetic,flipkart:NKCE9GY4SYA5JJW4
Meesho,459.0,0.0,0.0,459.0,False,https://www.meesho.com/search?q=Gia+White+Gold+Plated+Alloy%2C+Metal+Necklace,2026-10-07,synthetic,flipkart:NKCE9GY4SYA5JJW4
Meesho,899.0,0.0,0.0,899.0,True,https://www.meesho.com/search?q=Fab+Fashion+Alloy+Necklace,2026-10-07,synthetic,flipkart:NKCEC87SZTUM8SHS
Flipkart,949.0,0.0,3.0,952.0,True,https://www.flipkart.com/search?q=Fab+Fashion+Alloy+Necklace,2026-10-07,synthetic_history,flipkart:NKCEC87SZTUM8SHS
Amazon,959.0,0.0,5.0,964.0,True,https://www.amazon.in/s?k=Fab+Fashion+Alloy+Necklace,2026-10-07,synthetic,flipkart:NKCEC87SZTUM8SHS
Ajio,899.0,99.0,0.0,998.0,True,https://www.ajio.com/search/?text=Fab+Fashion+Alloy+Necklace,2026-10-07,synthetic,flipkart:NKCEC87SZTUM8SHS
Myntra,819.0,99.0,0.0,918.0,False,https://www.google.com/search?q=site%3Amyntra.com+Fab+Fashion+Alloy+Necklace,2026-10-07,synthetic,flipkart:NKCEC87SZTUM8SHS
Amazon,629.0,0.0,5.0,634.0,True,https://www.amazon.in/s?k=Vedika+Jewellery+Alloy+Bangle+Set,2026-10-07,synthetic,flipkart:BBAE9ZGYTBXF29KG
Flipkart,639.0,0.0,3.0,642.0,True,https://www.flipkart.com/search?q=Vedika+Jewellery+Alloy+Bangle+Set,2026-10-07,synthetic_history,flipkart:BBAE9ZGYTBXF29KG
Ajio,609.0,99.0,0.0,708.0,True,https://www.ajio.com/search/?text=Vedika+Jewellery+Alloy+Bangle+Set,2026-10-07,synthetic,flipkart:BBAE9ZGYTBXF29KG
Meesho,559.0,0.0,0.0,559.0,False,https://www.meesho.com/search?q=Vedika+Jewellery+Alloy+Bangle+Set,2026-10-07,synthetic,flipkart:BBAE9ZGYTBXF29KG
Myntra,609.0,99.0,0.0,708.0,False,https://www.google.com/search?q=site%3Amyntra.com+Vedika+Jewellery+Alloy+Bangle+Set,2026-10-07,synthetic,flipkart:BBAE9ZGYTBXF29KG
Flipkart,439.0,40.0,3.0,482.0,True,https://www.flipkart.com/search?q=Junk+Glass+Necklace,2026-10-07,synthetic_history,flipkart:NKCE4CSZUZWHUTFS
Amazon,449.0,40.0,5.0,494.0,True,https://www.amazon.in/s?k=Junk+Glass+Necklace,2026-10-07,synthetic,flipkart:NKCE4CSZUZWHUTFS
Meesho,509.0,0.0,0.0,509.0,True,https://www.meesho.com/search?q=Junk+Glass+Necklace,2026-10-07,synthetic,flipkart:NKCE4CSZUZWHUTFS
Myntra,499.0,99.0,0.0,598.0,True,https://www.google.com/search?q=site%3Amyntra.com+Junk+Glass+Necklace,2026-10-07,synthetic,flipkart:NKCE4CSZUZWHUTFS
Ajio,419.0,99.0,0.0,518.0,False,https://www.ajio.com/search/?text=Junk+Glass+Necklace,2026-10-07,synthetic,flipkart:NKCE4CSZUZWHUTFS
Flipkart,879.0,0.0,3.0,882.0,True,https://www.flipkart.com/search?q=Womens+Trendz+Alloy+Necklace,2026-10-07,synthetic_history,flipkart:NKCEYGTGCGQQZVSG
Amazon,919.0,0.0,5.0,924.0,True,https://www.amazon.in/s?k=Womens+Trendz+Alloy+Necklace,2026-10-07,synthetic,flipkart:NKCEYGTGCGQQZVSG
Myntra,879.0,99.0,0.0,978.0,True,https://www.google.com/search?q=site%3Amyntra.com+Womens+Trendz+Alloy+Necklace,2026-10-07,synthetic,flipkart:NKCEYGTGCGQQZVSG
Meesho,819.0,0.0,0.0,819.0,False,https://www.meesho.com/search?q=Womens+Trendz+Alloy+Necklace,2026-10-07,synthetic,flipkart:NKCEYGTGCGQQZVSG
Ajio,939.0,99.0,0.0,1038.0,False,https://www.ajio.com/search/?text=Womens+Trendz+Alloy+Necklace,2026-10-07,synthetic,flipkart:NKCEYGTGCGQQZVSG
Meesho,479.0,0.0,0.0,479.0,True,https://www.meesho.com/search?q=Voylla+Artificial+Classic+Plain+Yellow+Gold+Plated+Alloy+Necklace,2026-10-07,synthetic,flipkart:NKCE8E6YYVEUTNGY
Amazon,469.0,40.0,5.0,514.0,True,https://www.amazon.in/s?k=Voylla+Artificial+Classic+Plain+Yellow+Gold+Plated+Alloy+Necklace,2026-10-07,synthetic,flipkart:NKCE8E6YYVEUTNGY
Flipkart,479.0,40.0,3.0,522.0,True,https://www.flipkart.com/search?q=Voylla+Artificial+Classic+Plain+Yellow+Gold+Plated+Alloy+Necklace,2026-10-07,synthetic_history,flipkart:NKCE8E6YYVEUTNGY
Myntra,439.0,99.0,0.0,538.0,False,https://www.google.com/search?q=site%3Amyntra.com+Voylla+Artificial+Classic+Plain+Yellow+Gold+Plated+Alloy+Necklace,2026-10-07,synthetic,flipkart:NKCE8E6YYVEUTNGY
Ajio,489.0,99.0,0.0,588.0,False,https://www.ajio.com/search/?text=Voylla+Artificial+Classic+Plain+Yellow+Gold+Plated+Alloy+Necklace,2026-10-07,synthetic,flipkart:NKCE8E6YYVEUTNGY
Myntra,48049.0,0.0,0.0,48049.0,True,https://www.google.com/search?q=site%3Amyntra.com+Karatcraft+Linnea+Yellow+Gold+Diamond+18+K+Ring,2026-10-07,synthetic,flipkart:RNGE7M92QYXEPXGH
Meesho,49479.0,0.0,0.0,49479.0,True,https://www.meesho.com/search?q=Karatcraft+Linnea+Yellow+Gold+Diamond+18+K+Ring,2026-10-07,synthetic,flipkart:RNGE7M92QYXEPXGH
Amazon,54779.0,0.0,5.0,54784.0,True,https://www.amazon.in/s?k=Karatcraft+Linnea+Yellow+Gold+Diamond+18+K+Ring,2026-10-07,synthetic,flipkart:RNGE7M92QYXEPXGH
Flipkart,56269.0,0.0,3.0,56272.0,True,https://www.flipkart.com/search?q=Karatcraft+Linnea+Yellow+Gold+Diamond+18+K+Ring,2026-10-07,synthetic_history,flipkart:RNGE7M92QYXEPXGH
Ajio,62689.0,0.0,0.0,62689.0,False,https://www.ajio.com/search/?text=Karatcraft+Linnea+Yellow+Gold+Diamond+18+K+Ring,2026-10-07,synthetic,flipkart:RNGE7M92QYXEPXGH
Meesho,14689.0,0.0,0.0,14689.0,True,https://www.meesho.com/search?q=Araanz+by+Tribhovandas+Bhimji+Zaveri+Delhi+Gold+Diamond+18K+Yellow+Gold+18+K+Rin,2026-10-07,synthetic,flipkart:RNGECU4YGGXVGRMH
Flipkart,16309.0,0.0,3.0,16312.0,True,https://www.flipkart.com/search?q=Araanz+by+Tribhovandas+Bhimji+Zaveri+Delhi+Gold+Diamond+18K+Yellow+Gold+18+K+Rin,2026-10-07,synthetic_history,flipkart:RNGECU4YGGXVGRMH
Amazon,17339.0,0.0,5.0,17344.0,True,https://www.amazon.in/s?k=Araanz+by+Tribhovandas+Bhimji+Zaveri+Delhi+Gold+Diamond+18K+Yellow+Gold+18+K+Rin,2026-10-07,synthetic,flipkart:RNGECU4YGGXVGRMH
Ajio,15879.0,0.0,0.0,15879.0,False,https://www.ajio.com/search/?text=Araanz+by+Tribhovandas+Bhimji+Zaveri+Delhi+Gold+Diamond+18K+Yellow+Gold+18+K+Rin,2026-10-07,synthetic,flipkart:RNGECU4YGGXVGRMH
Myntra,16729.0,0.0,0.0,16729.0,False,https://www.google.com/search?q=site%3Amyntra.com+Araanz+by+Tribhovandas+Bhimji+Zaveri+Delhi+Gold+Diamond+18K+Yellow+Gold+18+K+Rin,2026-10-07,synthetic,flipkart:RNGECU4YGGXVGRMH
Flipkart,619.0,0.0,3.0,622.0,True,https://www.flipkart.com/search?q=Herbal+Jewellery+Cotton+Dori+Necklace,2026-10-07,synthetic_history,flipkart:NKCECFF6WBAYGMSG
Myntra,569.0,99.0,0.0,668.0,True,https://www.google.com/search?q=site%3Amyntra.com+Herbal+Jewellery+Cotton+Dori+Necklace,2026-10-07,synthetic,flipkart:NKCECFF6WBAYGMSG
Amazon,669.0,0.0,5.0,674.0,True,https://www.amazon.in/s?k=Herbal+Jewellery+Cotton+Dori+Necklace,2026-10-07,synthetic,flipkart:NKCECFF6WBAYGMSG
Meesho,599.0,0.0,0.0,599.0,False,https://www.meesho.com/search?q=Herbal+Jewellery+Cotton+Dori+Necklace,2026-10-07,synthetic,flipkart:NKCECFF6WBAYGMSG
Ajio,679.0,99.0,0.0,778.0,False,https://www.ajio.com/search/?text=Herbal+Jewellery+Cotton+Dori+Necklace,2026-10-07,synthetic,flipkart:NKCECFF6WBAYGMSG
Flipkart,619.0,0.0,3.0,622.0,True,https://www.flipkart.com/search?q=Jewel+Touch+Ivory+Magic+Alloy+Necklace,2026-10-07,synthetic_history,flipkart:NKCE83F3MBBAE7QM
Amazon,639.0,0.0,5.0,644.0,True,https://www.amazon.in/s?k=Jewel+Touch+Ivory+Magic+Alloy+Necklace,2026-10-07,synthetic,flipkart:NKCE83F3MBBAE7QM
Ajio,669.0,99.0,0.0,768.0,True,https://www.ajio.com/search/?text=Jewel+Touch+Ivory+Magic+Alloy+Necklace,2026-10-07,synthetic,flipkart:NKCE83F3MBBAE7QM
Myntra,699.0,99.0,0.0,798.0,True,https://www.google.com/search?q=site%3Amyntra.com+Jewel+Touch+Ivory+Magic+Alloy+Necklace,2026-10-07,synthetic,flipkart:NKCE83F3MBBAE7QM
Meesho,649.0,0.0,0.0,649.0,False,https://www.meesho.com/search?q=Jewel+Touch+Ivory+Magic+Alloy+Necklace,2026-10-07,synthetic,flipkart:NKCE83F3MBBAE7QM
Flipkart,509.0,0.0,3.0,512.0,True,https://www.flipkart.com/search?q=VK+Jewels+Reticular+Heart+Rhodium+Cubic+Zirconia+Alloy+Pendant,2026-10-07,synthetic_history,flipkart:PELEJWHBZZHFCF4H
Amazon,479.0,40.0,5.0,524.0,True,https://www.amazon.in/s?k=VK+Jewels+Reticular+Heart+Rhodium+Cubic+Zirconia+Alloy+Pendant,2026-10-07,synthetic,flipkart:PELEJWHBZZHFCF4H
Myntra,489.0,99.0,0.0,588.0,True,https://www.google.com/search?q=site%3Amyntra.com+VK+Jewels+Reticular+Heart+Rhodium+Cubic+Zirconia+Alloy+Pendant,2026-10-07,synthetic,flipkart:PELEJWHBZZHFCF4H
Ajio,519.0,99.0,0.0,618.0,True,https://www.ajio.com/search/?text=VK+Jewels+Reticular+Heart+Rhodium+Cubic+Zirconia+Alloy+Pendant,2026-10-07,synthetic,flipkart:PELEJWHBZZHFCF4H
Meesho,419.0,0.0,0.0,419.0,False,https://www.meesho.com/search?q=VK+Jewels+Reticular+Heart+Rhodium+Cubic+Zirconia+Alloy+Pendant,2026-10-07,synthetic,flipkart:PELEJWHBZZHFCF4H
Meesho,8679.0,0.0,0.0,8679.0,True,https://www.meesho.com/search?q=Avsar+Sachi+Gold+Diamond+18+K+Ring,2026-10-07,synthetic,flipkart:RNGEAWYFMVWZUEWE
Amazon,11299.0,0.0,5.0,11304.0,True,https://www.amazon.in/s?k=Avsar+Sachi+Gold+Diamond+18+K+Ring,2026-10-07,synthetic,flipkart:RNGEAWYFMVWZUEWE
Flipkart,11349.0,0.0,3.0,11352.0,True,https://www.flipkart.com/search?q=Avsar+Sachi+Gold+Diamond+18+K+Ring,2026-10-07,synthetic_history,flipkart:RNGEAWYFMVWZUEWE
Myntra,12149.0,0.0,0.0,12149.0,True,https://www.google.com/search?q=site%3Amyntra.com+Avsar+Sachi+Gold+Diamond+18+K+Ring,2026-10-07,synthetic,flipkart:RNGEAWYFMVWZUEWE
Ajio,12749.0,0.0,0.0,12749.0,True,https://www.ajio.com/search/?text=Avsar+Sachi+Gold+Diamond+18+K+Ring,2026-10-07,synthetic,flipkart:RNGEAWYFMVWZUEWE
Myntra,33959.0,0.0,0.0,33959.0,True,https://www.google.com/search?q=site%3Amyntra.com+Radiant+Bay+Solitaire+Charmer+Yellow+Gold+Diamond+18+K+Ring,2026-10-07,synthetic,flipkart:RNGEDAPTYHEUYHGH
Flipkart,37449.0,0.0,3.0,37452.0,True,https://www.flipkart.com/search?q=Radiant+Bay+Solitaire+Charmer+Yellow+Gold+Diamond+18+K+Ring,2026-10-07,synthetic_history,flipkart:RNGEDAPTYHEUYHGH
Amazon,40559.0,0.0,5.0,40564.0,True,https://www.amazon.in/s?k=Radiant+Bay+Solitaire+Charmer+Yellow+Gold+Diamond+18+K+Ring,2026-10-07,synthetic,flipkart:RNGEDAPTYHEUYHGH
Ajio,33329.0,0.0,0.0,33329.0,False,https://www.ajio.com/search/?text=Radiant+Bay+Solitaire+Charmer+Yellow+Gold+Diamond+18+K+Ring,2026-10-07,synthetic,flipkart:RNGEDAPTYHEUYHGH
Meesho,36289.0,0.0,0.0,36289.0,False,https://www.meesho.com/search?q=Radiant+Bay+Solitaire+Charmer+Yellow+Gold+Diamond+18+K+Ring,2026-10-07,synthetic,flipkart:RNGEDAPTYHEUYHGH
Amazon,759.0,0.0,5.0,764.0,True,https://www.amazon.in/s?k=BGS+Alloy+Cuff,2026-10-07,synthetic,flipkart:BBAEY9YKJHHPGZCE
Flipkart,779.0,0.0,3.0,782.0,True,https://www.flipkart.com/search?q=BGS+Alloy+Cuff,2026-10-07,synthetic_history,flipkart:BBAEY9YKJHHPGZCE
Myntra,779.0,99.0,0.0,878.0,True,https://www.google.com/search?q=site%3Amyntra.com+BGS+Alloy+Cuff,2026-10-07,synthetic,flipkart:BBAEY9YKJHHPGZCE
Meesho,619.0,0.0,0.0,619.0,False,https://www.meesho.com/search?q=BGS+Alloy+Cuff,2026-10-07,synthetic,flipkart:BBAEY9YKJHHPGZCE
Ajio,749.0,99.0,0.0,848.0,False,https://www.ajio.com/search/?text=BGS+Alloy+Cuff,2026-10-07,synthetic,flipkart:BBAEY9YKJHHPGZCE
Meesho,1379.0,0.0,0.0,1379.0,True,https://www.meesho.com/search?q=Anjan+Brass+Cubic+Zirconia+Yellow+Gold+Kada,2026-10-07,synthetic,flipkart:BBAE92YW6CR5FNDP
Ajio,1509.0,0.0,0.0,1509.0,True,https://www.ajio.com/search/?text=Anjan+Brass+Cubic+Zirconia+Yellow+Gold+Kada,2026-10-07,synthetic,flipkart:BBAE92YW6CR5FNDP
Amazon,1549.0,0.0,5.0,1554.0,True,https://www.amazon.in/s?k=Anjan+Brass+Cubic+Zirconia+Yellow+Gold+Kada,2026-10-07,synthetic,flipkart:BBAE92YW6CR5FNDP
Flipkart,1579.0,0.0,3.0,1582.0,True,https://www.flipkart.com/search?q=Anjan+Brass+Cubic+Zirconia+Yellow+Gold+Kada,2026-10-07,synthetic_history,flipkart:BBAE92YW6CR5FNDP
Myntra,1699.0,0.0,0.0,1699.0,True,https://www.google.com/search?q=site%3Amyntra.com+Anjan+Brass+Cubic+Zirconia+Yellow+Gold+Kada,2026-10-07,synthetic,flipkart:BBAE92YW6CR5FNDP
Flipkart,929.0,0.0,3.0,932.0,True,https://www.flipkart.com/search?q=Voylla+Metal%2C+Alloy+Necklace,2026-10-07,synthetic_history,flipkart:NKCDU4RZRCZGVHZC
Amazon,929.0,0.0,5.0,934.0,True,https://www.amazon.in/s?k=Voylla+Metal%2C+Alloy+Necklace,2026-10-07,synthetic,flipkart:NKCDU4RZRCZGVHZC
Myntra,859.0,99.0,0.0,958.0,True,https://www.google.com/search?q=site%3Amyntra.com+Voylla+Metal%2C+Alloy+Necklace,2026-10-07,synthetic,flipkart:NKCDU4RZRCZGVHZC
Meesho,839.0,0.0,0.0,839.0,False,https://www.meesho.com/search?q=Voylla+Metal%2C+Alloy+Necklace,2026-10-07,synthetic,flipkart:NKCDU4RZRCZGVHZC
Ajio,949.0,99.0,0.0,1048.0,False,https://www.ajio.com/search/?text=Voylla+Metal%2C+Alloy+Necklace,2026-10-07,synthetic,flipkart:NKCDU4RZRCZGVHZC
Flipkart,689.0,0.0,3.0,692.0,True,https://www.flipkart.com/search?q=Muchmore+Copper+Copper+Charm+Bracelet,2026-10-07,synthetic_history,flipkart:BBAED8NATZ4YMD95
Meesho,719.0,0.0,0.0,719.0,True,https://www.meesho.com/search?q=Muchmore+Copper+Copper+Charm+Bracelet,2026-10-07,synthetic,flipkart:BBAED8NATZ4YMD95
Amazon,719.0,0.0,5.0,724.0,True,https://www.amazon.in/s?k=Muchmore+Copper+Copper+Charm+Bracelet,2026-10-07,synthetic,flipkart:BBAED8NATZ4YMD95
Ajio,659.0,99.0,0.0,758.0,True,https://www.ajio.com/search/?text=Muchmore+Copper+Copper+Charm+Bracelet,2026-10-07,synthetic,flipkart:BBAED8NATZ4YMD95
Myntra,679.0,99.0,0.0,778.0,True,https://www.google.com/search?q=site%3Amyntra.com+Muchmore+Copper+Copper+Charm+Bracelet,2026-10-07,synthetic,flipkart:BBAED8NATZ4YMD95
Myntra,36169.0,0.0,0.0,36169.0,True,https://www.google.com/search?q=site%3Amyntra.com+Rakam+Gold+Emerald%2C+Diamond+14K+Rose+Gold+14+K+Ring,2026-10-07,synthetic,flipkart:RNGEFKMJVRY4MM43
Amazon,37289.0,0.0,5.0,37294.0,True,https://www.amazon.in/s?k=Rakam+Gold+Emerald%2C+Diamond+14K+Rose+Gold+14+K+Ring,2026-10-07,synthetic,flipkart:RNGEFKMJVRY4MM43
Flipkart,38369.0,0.0,3.0,38372.0,True,https://www.flipkart.com/search?q=Rakam+Gold+Emerald%2C+Diamond+14K+Rose+Gold+14+K+Ring,2026-10-07,synthetic_history,flipkart:RNGEFKMJVRY4MM43
Meesho,38899.0,0.0,0.0,38899.0,True,https://www.meesho.com/search?q=Rakam+Gold+Emerald%2C+Diamond+14K+Rose+Gold+14+K+Ring,2026-10-07,synthetic,flipkart:RNGEFKMJVRY4MM43
Ajio,40949.0,0.0,0.0,40949.0,True,https://www.ajio.com/search/?text=Rakam+Gold+Emerald%2C+Diamond+14K+Rose+Gold+14+K+Ring,2026-10-07,synthetic,flipkart:RNGEFKMJVRY4MM43
Myntra,699.0,99.0,0.0,798.0,True,https://www.google.com/search?q=site%3Amyntra.com+Jewelizer+Just+Like+Diamonds+Crystal+Yellow+Gold+Plated+Alloy+Necklace,2026-10-07,synthetic,flipkart:NKCEDH9ANZGDAUWG
Flipkart,819.0,0.0,3.0,822.0,True,https://www.flipkart.com/search?q=Jewelizer+Just+Like+Diamonds+Crystal+Yellow+Gold+Plated+Alloy+Necklace,2026-10-07,synthetic_history,flipkart:NKCEDH9ANZGDAUWG
Amazon,829.0,0.0,5.0,834.0,True,https://www.amazon.in/s?k=Jewelizer+Just+Like+Diamonds+Crystal+Yellow+Gold+Plated+Alloy+Necklace,2026-10-07,synthetic,flipkart:NKCEDH9ANZGDAUWG
Meesho,719.0,0.0,0.0,719.0,False,https://www.meesho.com/search?q=Jewelizer+Just+Like+Diamonds+Crystal+Yellow+Gold+Plated+Alloy+Necklace,2026-10-07,synthetic,flipkart:NKCEDH9ANZGDAUWG
Ajio,949.0,99.0,0.0,1048.0,False,https://www.ajio.com/search/?text=Jewelizer+Just+Like+Diamonds+Crystal+Yellow+Gold+Plated+Alloy+Necklace,2026-10-07,synthetic,flipkart:NKCEDH9ANZGDAUWG
Meesho,229.0,0.0,0.0,229.0,True,https://www.meesho.com/search?q=Trinketbag+Red+And+Green+Thread+And+Bead+Alloy+Dangle+Earring,2026-10-07,synthetic,flipkart:ERGDSBBCWXDACJWX
Flipkart,279.0,40.0,3.0,322.0,True,https://www.flipkart.com/search?q=Trinketbag+Red+And+Green+Thread+And+Bead+Alloy+Dangle+Earring,2026-10-07,synthetic_history,flipkart:ERGDSBBCWXDACJWX
Amazon,289.0,40.0,5.0,334.0,True,https://www.amazon.in/s?k=Trinketbag+Red+And+Green+Thread+And+Bead+Alloy+Dangle+Earring,2026-10-07,synthetic,flipkart:ERGDSBBCWXDACJWX
Myntra,309.0,99.0,0.0,408.0,True,https://www.google.com/search?q=site%3Amyntra.com+Trinketbag+Red+And+Green+Thread+And+Bead+Alloy+Dangle+Earring,2026-10-07,synthetic,flipkart:ERGDSBBCWXDACJWX
Ajio,309.0,99.0,0.0,408.0,True,https://www.ajio.com/search/?text=Trinketbag+Red+And+Green+Thread+And+Bead+Alloy+Dangle+Earring,2026-10-07,synthetic,flipkart:ERGDSBBCWXDACJWX
Ajio,37409.0,0.0,0.0,37409.0,True,https://www.ajio.com/search/?text=Radiant+Bay+Significant+Square+White+Gold+Diamond+18+K+Ring,2026-10-07,synthetic,flipkart:RNGEDAPXZ5CBHEZY
Flipkart,43919.0,0.0,3.0,43922.0,True,https://www.flipkart.com/search?q=Radiant+Bay+Significant+Square+White+Gold+Diamond+18+K+Ring,2026-10-07,synthetic_history,flipkart:RNGEDAPXZ5CBHEZY
Amazon,44819.0,0.0,5.0,44824.0,True,https://www.amazon.in/s?k=Radiant+Bay+Significant+Square+White+Gold+Diamond+18+K+Ring,2026-10-07,synthetic,flipkart:RNGEDAPXZ5CBHEZY
Myntra,47359.0,0.0,0.0,47359.0,True,https://www.google.com/search?q=site%3Amyntra.com+Radiant+Bay+Significant+Square+White+Gold+Diamond+18+K+Ring,2026-10-07,synthetic,flipkart:RNGEDAPXZ5CBHEZY
Meesho,37419.0,0.0,0.0,37419.0,False,https://www.meesho.com/search?q=Radiant+Bay+Significant+Square+White+Gold+Diamond+18+K+Ring,2026-10-07,synthetic,flipkart:RNGEDAPXZ5CBHEZY
Meesho,1849.0,0.0,0.0,1849.0,True,https://www.meesho.com/search?q=Vatsalya+Creation+Alloy+Jewel+Set,2026-10-07,synthetic,flipkart:JWSE92VHWFEFEQQN
Ajio,1939.0,0.0,0.0,1939.0,True,https://www.ajio.com/search/?text=Vatsalya+Creation+Alloy+Jewel+Set,2026-10-07,synthetic,flipkart:JWSE92VHWFEFEQQN
Flipkart,1999.0,0.0,3.0,2002.0,True,https://www.flipkart.com/search?q=Vatsalya+Creation+Alloy+Jewel+Set,2026-10-07,synthetic_history,flipkart:JWSE92VHWFEFEQQN
Myntra,2009.0,0.0,0.0,2009.0,True,https://www.google.com/search?q=site%3Amyntra.com+Vatsalya+Creation+Alloy+Jewel+Set,2026-10-07,synthetic,flipkart:JWSE92VHWFEFEQQN
Amazon,2039.0,0.0,5.0,2044.0,True,https://www.amazon.in/s?k=Vatsalya+Creation+Alloy+Jewel+Set,2026-10-07,synthetic,flipkart:JWSE92VHWFEFEQQN
Meesho,1979.0,0.0,0.0,1979.0,True,https://www.meesho.com/search?q=Surat+Diamonds+Ruby+Sterling+Silver+Pendant,2026-10-07,synthetic,flipkart:PELE2GVMDWFTYGYQ
Amazon,2099.0,0.0,5.0,2104.0,True,https://www.amazon.in/s?k=Surat+Diamonds+Ruby+Sterling+Silver+Pendant,2026-10-07,synthetic,flipkart:PELE2GVMDWFTYGYQ
Flipkart,2109.0,0.0,3.0,2112.0,True,https://www.flipkart.com/search?q=Surat+Diamonds+Ruby+Sterling+Silver+Pendant,2026-10-07,synthetic_history,flipkart:PELE2GVMDWFTYGYQ
Myntra,2449.0,0.0,0.0,2449.0,True,https://www.google.com/search?q=site%3Amyntra.com+Surat+Diamonds+Ruby+Sterling+Silver+Pendant,2026-10-07,synthetic,flipkart:PELE2GVMDWFTYGYQ
Ajio,2169.0,0.0,0.0,2169.0,False,https://www.ajio.com/search/?text=Surat+Diamonds+Ruby+Sterling+Silver+Pendant,2026-10-07,synthetic,flipkart:PELE2GVMDWFTYGYQ
Myntra,1049.0,0.0,0.0,1049.0,True,https://www.google.com/search?q=site%3Amyntra.com+Dancing+Girl+Alloy+Jewel+Set,2026-10-07,synthetic,flipkart:JWSEFR3BJZY9GM9Y
Ajio,1269.0,0.0,0.0,1269.0,True,https://www.ajio.com/search/?text=Dancing+Girl+Alloy+Jewel+Set,2026-10-07,synthetic,flipkart:JWSEFR3BJZY9GM9Y
Meesho,1289.0,0.0,0.0,1289.0,True,https://www.meesho.com/search?q=Dancing+Girl+Alloy+Jewel+Set,2026-10-07,synthetic,flipkart:JWSEFR3BJZY9GM9Y
Amazon,1359.0,0.0,5.0,1364.0,True,https://www.amazon.in/s?k=Dancing+Girl+Alloy+Jewel+Set,2026-10-07,synthetic,flipkart:JWSEFR3BJZY9GM9Y
Flipkart,1379.0,0.0,3.0,1382.0,True,https://www.flipkart.com/search?q=Dancing+Girl+Alloy+Jewel+Set,2026-10-07,synthetic_history,flipkart:JWSEFR3BJZY9GM9Y
Flipkart,839.0,0.0,3.0,842.0,True,https://www.flipkart.com/search?q=Tangerine+Crystal+Brooch,2026-10-07,synthetic_history,flipkart:BCHEF9ZE2EAVYCAU
Amazon,859.0,0.0,5.0,864.0,True,https://www.amazon.in/s?k=Tangerine+Crystal+Brooch,2026-10-07,synthetic,flipkart:BCHEF9ZE2EAVYCAU
Meesho,789.0,0.0,0.0,789.0,False,https://www.meesho.com/search?q=Tangerine+Crystal+Brooch,2026-10-07,synthetic,flipkart:BCHEF9ZE2EAVYCAU
Ajio,839.0,99.0,0.0,938.0,False,https://www.ajio.com/search/?text=Tangerine+Crystal+Brooch,2026-10-07,synthetic,flipkart:BCHEF9ZE2EAVYCAU
Myntra,869.0,99.0,0.0,968.0,False,https://www.google.com/search?q=site%3Amyntra.com+Tangerine+Crystal+Brooch,2026-10-07,synthetic,flipkart:BCHEF9ZE2EAVYCAU
Flipkart,939.0,0.0,3.0,942.0,True,https://www.flipkart.com/search?q=Indian+Charm+Multicolor+Ceramic+Beads+Ceramic+Necklace,2026-10-07,synthetic_history,flipkart:NKCE6NHRDTJMGSDG
Meesho,969.0,0.0,0.0,969.0,True,https://www.meesho.com/search?q=Indian+Charm+Multicolor+Ceramic+Beads+Ceramic+Necklace,2026-10-07,synthetic,flipkart:NKCE6NHRDTJMGSDG
Amazon,979.0,0.0,5.0,984.0,True,https://www.amazon.in/s?k=Indian+Charm+Multicolor+Ceramic+Beads+Ceramic+Necklace,2026-10-07,synthetic,flipkart:NKCE6NHRDTJMGSDG
Myntra,1019.0,0.0,0.0,1019.0,True,https://www.google.com/search?q=site%3Amyntra.com+Indian+Charm+Multicolor+Ceramic+Beads+Ceramic+Necklace,2026-10-07,synthetic,flipkart:NKCE6NHRDTJMGSDG
Ajio,1029.0,0.0,0.0,1029.0,False,https://www.ajio.com/search/?text=Indian+Charm+Multicolor+Ceramic+Beads+Ceramic+Necklace,2026-10-07,synthetic,flipkart:NKCE6NHRDTJMGSDG
Meesho,349.0,0.0,0.0,349.0,True,https://www.meesho.com/search?q=Voylla+Artifictial+Floral+Oxidised+Silver+Plated+Cotton+Dori+Necklace,2026-10-07,synthetic,flipkart:NKCE7MBR4QRBASDQ
Flipkart,329.0,40.0,3.0,372.0,True,https://www.flipkart.com/search?q=Voylla+Artifictial+Floral+Oxidised+Silver+Plated+Cotton+Dori+Necklace,2026-10-07,synthetic_history,flipkart:NKCE7MBR4QRBASDQ
Amazon,339.0,40.0,5.0,384.0,True,https://www.amazon.in/s?k=Voylla+Artifictial+Floral+Oxidised+Silver+Plated+Cotton+Dori+Necklace,2026-10-07,synthetic,flipkart:NKCE7MBR4QRBASDQ
Ajio,309.0,99.0,0.0,408.0,True,https://www.ajio.com/search/?text=Voylla+Artifictial+Floral+Oxidised+Silver+Plated+Cotton+Dori+Necklace,2026-10-07,synthetic,flipkart:NKCE7MBR4QRBASDQ
Myntra,339.0,99.0,0.0,438.0,True,https://www.google.com/search?q=site%3Amyntra.com+Voylla+Artifictial+Floral+Oxidised+Silver+Plated+Cotton+Dori+Necklace,2026-10-07,synthetic,flipkart:NKCE7MBR4QRBASDQ
Amazon,739.0,0.0,5.0,744.0,True,https://www.amazon.in/s?k=Gia+Exclusive+Pretty+Pink+Enamel%2C+Metal+Necklace,2026-10-07,synthetic,flipkart:NKCEBQ7CRZQSNHHZ
Meesho,749.0,0.0,0.0,749.0,True,https://www.meesho.com/search?q=Gia+Exclusive+Pretty+Pink+Enamel%2C+Metal+Necklace,2026-10-07,synthetic,flipkart:NKCEBQ7CRZQSNHHZ
Flipkart,749.0,0.0,3.0,752.0,True,https://www.flipkart.com/search?q=Gia+Exclusive+Pretty+Pink+Enamel%2C+Metal+Necklace,2026-10-07,synthetic_history,flipkart:NKCEBQ7CRZQSNHHZ
Myntra,799.0,99.0,0.0,898.0,True,https://www.google.com/search?q=site%3Amyntra.com+Gia+Exclusive+Pretty+Pink+Enamel%2C+Metal+Necklace,2026-10-07,synthetic,flipkart:NKCEBQ7CRZQSNHHZ
Ajio,739.0,99.0,0.0,838.0,False,https://www.ajio.com/search/?text=Gia+Exclusive+Pretty+Pink+Enamel%2C+Metal+Necklace,2026-10-07,synthetic,flipkart:NKCEBQ7CRZQSNHHZ
Meesho,509.0,0.0,0.0,509.0,True,https://www.meesho.com/search?q=Indian+Charm+Glass+Necklace,2026-10-07,synthetic,flipkart:NKCE8RB5BFGQYK4G
Flipkart,589.0,0.0,3.0,592.0,True,https://www.flipkart.com/search?q=Indian+Charm+Glass+Necklace,2026-10-07,synthetic_history,flipkart:NKCE8RB5BFGQYK4G
Amazon,589.0,0.0,5.0,594.0,True,https://www.amazon.in/s?k=Indian+Charm+Glass+Necklace,2026-10-07,synthetic,flipkart:NKCE8RB5BFGQYK4G
Myntra,579.0,99.0,0.0,678.0,True,https://www.google.com/search?q=site%3Amyntra.com+Indian+Charm+Glass+Necklace,2026-10-07,synthetic,flipkart:NKCE8RB5BFGQYK4G
Ajio,549.0,99.0,0.0,648.0,False,https://www.ajio.com/search/?text=Indian+Charm+Glass+Necklace,2026-10-07,synthetic,flipkart:NKCE8RB5BFGQYK4G
Flipkart,629.0,0.0,3.0,632.0,True,https://www.flipkart.com/search?q=Fashion+Pitaraa+Metal+Necklace,2026-10-07,synthetic_history,flipkart:NKCEBF56FWWZ35HR
Amazon,659.0,0.0,5.0,664.0,True,https://www.amazon.in/s?k=Fashion+Pitaraa+Metal+Necklace,2026-10-07,synthetic,flipkart:NKCEBF56FWWZ35HR
Myntra,589.0,99.0,0.0,688.0,True,https://www.google.com/search?q=site%3Amyntra.com+Fashion+Pitaraa+Metal+Necklace,2026-10-07,synthetic,flipkart:NKCEBF56FWWZ35HR
Ajio,609.0,99.0,0.0,708.0,True,https://www.ajio.com/search/?text=Fashion+Pitaraa+Metal+Necklace,2026-10-07,synthetic,flipkart:NKCEBF56FWWZ35HR
Meesho,529.0,0.0,0.0,529.0,False,https://www.meesho.com/search?q=Fashion+Pitaraa+Metal+Necklace,2026-10-07,synthetic,flipkart:NKCEBF56FWWZ35HR
Flipkart,1409.0,0.0,3.0,1412.0,True,https://www.flipkart.com/search?q=99HomeMart+Blue+Wondar+Pearl+Alloy+Necklace,2026-10-07,synthetic_history,flipkart:NKCE93H2ZTHJGFVS
Amazon,1479.0,0.0,5.0,1484.0,True,https://www.amazon.in/s?k=99HomeMart+Blue+Wondar+Pearl+Alloy+Necklace,2026-10-07,synthetic,flipkart:NKCE93H2ZTHJGFVS
Myntra,1509.0,0.0,0.0,1509.0,True,https://www.google.com/search?q=site%3Amyntra.com+99HomeMart+Blue+Wondar+Pearl+Alloy+Necklace,2026-10-07,synthetic,flipkart:NKCE93H2ZTHJGFVS
Meesho,1229.0,0.0,0.0,1229.0,False,https://www.meesho.com/search?q=99HomeMart+Blue+Wondar+Pearl+Alloy+Necklace,2026-10-07,synthetic,flipkart:NKCE93H2ZTHJGFVS
Ajio,1499.0,0.0,0.0,1499.0,False,https://www.ajio.com/search/?text=99HomeMart+Blue+Wondar+Pearl+Alloy+Necklace,2026-10-07,synthetic,flipkart:NKCE93H2ZTHJGFVS
Meesho,839.0,0.0,0.0,839.0,True,https://www.meesho.com/search?q=Sukkhi+Copper+Yellow+Gold+Bangle+Set,2026-10-07,synthetic,flipkart:BBADVRPJSSYQ9CG2
Flipkart,839.0,0.0,3.0,842.0,True,https://www.flipkart.com/search?q=Sukkhi+Copper+Yellow+Gold+Bangle+Set,2026-10-07,synthetic_history,flipkart:BBADVRPJSSYQ9CG2
Myntra,799.0,99.0,0.0,898.0,True,https://www.google.com/search?q=site%3Amyntra.com+Sukkhi+Copper+Yellow+Gold+Bangle+Set,2026-10-07,synthetic,flipkart:BBADVRPJSSYQ9CG2
Amazon,899.0,0.0,5.0,904.0,True,https://www.amazon.in/s?k=Sukkhi+Copper+Yellow+Gold+Bangle+Set,2026-10-07,synthetic,flipkart:BBADVRPJSSYQ9CG2
Ajio,849.0,99.0,0.0,948.0,False,https://www.ajio.com/search/?text=Sukkhi+Copper+Yellow+Gold+Bangle+Set,2026-10-07,synthetic,flipkart:BBADVRPJSSYQ9CG2
Amazon,629.0,0.0,5.0,634.0,True,https://www.amazon.in/s?k=Indian+Fashion+Guru+Artificial+Jewellery+Ceramic+Necklace,2026-10-07,synthetic,flipkart:NKCE49ATDNH39ZYR
Flipkart,639.0,0.0,3.0,642.0,True,https://www.flipkart.com/search?q=Indian+Fashion+Guru+Artificial+Jewellery+Ceramic+Necklace,2026-10-07,synthetic_history,flipkart:NKCE49ATDNH39ZYR
Myntra,579.0,99.0,0.0,678.0,True,https://www.google.com/search?q=site%3Amyntra.com+Indian+Fashion+Guru+Artificial+Jewellery+Ceramic+Necklace,2026-10-07,synthetic,flipkart:NKCE49ATDNH39ZYR
Ajio,649.0,99.0,0.0,748.0,True,https://www.ajio.com/search/?text=Indian+Fashion+Guru+Artificial+Jewellery+Ceramic+Necklace,2026-10-07,synthetic,flipkart:NKCE49ATDNH39ZYR
Meesho,529.0,0.0,0.0,529.0,False,https://www.meesho.com/search?q=Indian+Fashion+Guru+Artificial+Jewellery+Ceramic+Necklace,2026-10-07,synthetic,flipkart:NKCE49ATDNH39ZYR
Flipkart,209.0,40.0,3.0,252.0,True,https://www.flipkart.com/search?q=Voylla+Artificial+Simplicity+Plain+Silver+Plated+Alloy+Necklace,2026-10-07,synthetic_history,flipkart:NKCE9G2AM36WW4MX
Amazon,219.0,40.0,5.0,264.0,True,https://www.amazon.in/s?k=Voylla+Artificial+Simplicity+Plain+Silver+Plated+Alloy+Necklace,2026-10-07,synthetic,flipkart:NKCE9G2AM36WW4MX
Ajio,209.0,99.0,0.0,308.0,True,https://www.ajio.com/search/?text=Voylla+Artificial+Simplicity+Plain+Silver+Plated+Alloy+Necklace,2026-10-07,synthetic,flipkart:NKCE9G2AM36WW4MX
Myntra,219.0,99.0,0.0,318.0,True,https://www.google.com/search?q=site%3Amyntra.com+Voylla+Artificial+Simplicity+Plain+Silver+Plated+Alloy+Necklace,2026-10-07,synthetic,flipkart:NKCE9G2AM36WW4MX
Meesho,199.0,0.0,0.0,199.0,False,https://www.meesho.com/search?q=Voylla+Artificial+Simplicity+Plain+Silver+Plated+Alloy+Necklace,2026-10-07,synthetic,flipkart:NKCE9G2AM36WW4MX
Meesho,559.0,0.0,0.0,559.0,True,https://www.meesho.com/search?q=Imitzworld+Alloy+Necklace,2026-10-07,synthetic,flipkart:NKCEBUZ3TDYA3MSE
Amazon,559.0,0.0,5.0,564.0,True,https://www.amazon.in/s?k=Imitzworld+Alloy+Necklace,2026-10-07,synthetic,flipkart:NKCEBUZ3TDYA3MSE
Flipkart,579.0,0.0,3.0,582.0,True,https://www.flipkart.com/search?q=Imitzworld+Alloy+Necklace,2026-10-07,synthetic_history,flipkart:NKCEBUZ3TDYA3MSE
Myntra,639.0,99.0,0.0,738.0,True,https://www.google.com/search?q=site%3Amyntra.com+Imitzworld+Alloy+Necklace,2026-10-07,synthetic,flipkart:NKCEBUZ3TDYA3MSE
Ajio,619.0,99.0,0.0,718.0,False,https://www.ajio.com/search/?text=Imitzworld+Alloy+Necklace,2026-10-07,synthetic,flipkart:NKCEBUZ3TDYA3MSE
Amazon,949.0,0.0,5.0,954.0,True,https://www.amazon.in/s?k=Voylla+Yellow+Gold+Plated+Alloy+Necklace,2026-10-07,synthetic,flipkart:NKCEYM3BFYJ5N5KC
Meesho,979.0,0.0,0.0,979.0,True,https://www.meesho.com/search?q=Voylla+Yellow+Gold+Plated+Alloy+Necklace,2026-10-07,synthetic,flipkart:NKCEYM3BFYJ5N5KC
Flipkart,1029.0,0.0,3.0,1032.0,True,https://www.flipkart.com/search?q=Voylla+Yellow+Gold+Plated+Alloy+Necklace,2026-10-07,synthetic_history,flipkart:NKCEYM3BFYJ5N5KC
Myntra,999.0,99.0,0.0,1098.0,True,https://www.google.com/search?q=site%3Amyntra.com+Voylla+Yellow+Gold+Plated+Alloy+Necklace,2026-10-07,synthetic,flipkart:NKCEYM3BFYJ5N5KC
Ajio,1119.0,0.0,0.0,1119.0,True,https://www.ajio.com/search/?text=Voylla+Yellow+Gold+Plated+Alloy+Necklace,2026-10-07,synthetic,flipkart:NKCEYM3BFYJ5N5KC
Flipkart,859.0,0.0,3.0,862.0,True,https://www.flipkart.com/search?q=Itzmyfashion+Alloy+Necklace,2026-10-07,synthetic_history,flipkart:NKCE45SJXTBHBFPX
Amazon,879.0,0.0,5.0,884.0,True,https://www.amazon.in/s?k=Itzmyfashion+Alloy+Necklace,2026-10-07,synthetic,flipkart:NKCE45SJXTBHBFPX
Meesho,769.0,0.0,0.0,769.0,False,https://www.meesho.com/search?q=Itzmyfashion+Alloy+Necklace,2026-10-07,synthetic,flipkart:NKCE45SJXTBHBFPX
Ajio,819.0,99.0,0.0,918.0,False,https://www.ajio.com/search/?text=Itzmyfashion+Alloy+Necklace,2026-10-07,synthetic,flipkart:NKCE45SJXTBHBFPX
Myntra,919.0,99.0,0.0,1018.0,False,https://www.google.com/search?q=site%3Amyntra.com+Itzmyfashion+Alloy+Necklace,2026-10-07,synthetic,flipkart:NKCE45SJXTBHBFPX
Flipkart,419.0,40.0,3.0,462.0,True,https://www.flipkart.com/search?q=Surprise+Gifts+0024+Key+Chain,2026-10-07,synthetic_history,flipkart:KECEGZBJPQFGY2WW
Amazon,419.0,40.0,5.0,464.0,True,https://www.amazon.in/s?k=Surprise+Gifts+0024+Key+Chain,2026-10-07,synthetic,flipkart:KECEGZBJPQFGY2WW
Flipkart,289.0,40.0,3.0,332.0,True,https://www.flipkart.com/search?q=Alicia+Souza+Trees+%26+Plants+Badge,2026-10-07,synthetic_history,flipkart:BDEEGH3ZJZGEYMAJ
Amazon,289.0,40.0,5.0,334.0,True,https://www.amazon.in/s?k=Alicia+Souza+Trees+%26+Plants+Badge,2026-10-07,synthetic,flipkart:BDEEGH3ZJZGEYMAJ
Flipkart,519.0,0.0,3.0,522.0,True,https://www.flipkart.com/search?q=C+Kreul+Acrylic+Color+Bottle,2026-10-07,synthetic_history,flipkart:PTSEDFSU7AG7EJRZ
Amazon,519.0,0.0,5.0,524.0,True,https://www.amazon.in/s?k=C+Kreul+Acrylic+Color+Bottle,2026-10-07,synthetic,flipkart:PTSEDFSU7AG7EJRZ
Flipkart,359.0,40.0,3.0,402.0,True,https://www.flipkart.com/search?q=SHOPMANIA+DESIGNER+NOTEBOOK+A5+Notebook+Spiral+Bound,2026-10-07,synthetic_history,flipkart:DIAEJUCYZ4UQXQTN
Amazon,359.0,40.0,5.0,404.0,True,https://www.amazon.in/s?k=SHOPMANIA+DESIGNER+NOTEBOOK+A5+Notebook+Spiral+Bound,2026-10-07,synthetic,flipkart:DIAEJUCYZ4UQXQTN
Flipkart,339.0,40.0,3.0,382.0,True,https://www.flipkart.com/search?q=Palakz+Flower+Pouch+Art+Plush+Pencil+Box,2026-10-07,synthetic_history,flipkart:PBXE92ZYYZDEZDXZ
Amazon,359.0,40.0,5.0,404.0,True,https://www.amazon.in/s?k=Palakz+Flower+Pouch+Art+Plush+Pencil+Box,2026-10-07,synthetic,flipkart:PBXE92ZYYZDEZDXZ
Amazon,1629.0,0.0,5.0,1634.0,True,https://www.amazon.in/s?k=ShopMantra+Flower+Paintings+2015+Desk+Calendar,2026-10-07,synthetic,flipkart:CLDE2YKDGCRWRWMF
Flipkart,1649.0,0.0,3.0,1652.0,True,https://www.flipkart.com/search?q=ShopMantra+Flower+Paintings+2015+Desk+Calendar,2026-10-07,synthetic_history,flipkart:CLDE2YKDGCRWRWMF
Flipkart,739.0,0.0,3.0,742.0,True,https://www.flipkart.com/search?q=ShopMantra+Che+Guevara+Revolution+2015+Desk+Calendar,2026-10-07,synthetic_history,flipkart:CLDE34YVWAJ8ZN6R
Amazon,759.0,0.0,5.0,764.0,True,https://www.amazon.in/s?k=ShopMantra+Che+Guevara+Revolution+2015+Desk+Calendar,2026-10-07,synthetic,flipkart:CLDE34YVWAJ8ZN6R
Flipkart,699.0,0.0,3.0,702.0,True,https://www.flipkart.com/search?q=Ling+Song+Tree+Flowers+Art+Cloth+Pencil+Box,2026-10-07,synthetic_history,flipkart:PBXEB34ZWNXHWUGV
Amazon,689.0,0.0,5.0,694.0,False,https://www.amazon.in/s?k=Ling+Song+Tree+Flowers+Art+Cloth+Pencil+Box,2026-10-07,synthetic,flipkart:PBXEB34ZWNXHWUGV
Flipkart,1289.0,0.0,3.0,1292.0,True,https://www.flipkart.com/search?q=Pilot+Ball+Pen,2026-10-07,synthetic_history,flipkart:PENDDM4QZXWDD8AX
Amazon,1329.0,0.0,5.0,1334.0,True,https://www.amazon.in/s?k=Pilot+Ball+Pen,2026-10-07,synthetic,flipkart:PENDDM4QZXWDD8AX
Amazon,399.0,40.0,5.0,444.0,True,https://www.amazon.in/s?k=DISNEY+Art+Creation+Art+Set,2026-10-07,synthetic,flipkart:ARTEGVFDAZVRGHDD
Flipkart,409.0,40.0,3.0,452.0,True,https://www.flipkart.com/search?q=DISNEY+Art+Creation+Art+Set,2026-10-07,synthetic_history,flipkart:ARTEGVFDAZVRGHDD
Flipkart,189.0,40.0,3.0,232.0,True,https://www.flipkart.com/search?q=Tootpado+Art+Plastic+Punches+%26+Punching+Machines,2026-10-07,synthetic_history,flipkart:PPME8GJ4GQUJNDDE
Amazon,189.0,40.0,5.0,234.0,False,https://www.amazon.in/s?k=Tootpado+Art+Plastic+Punches+%26+Punching+Machines,2026-10-07,synthetic,flipkart:PPME8GJ4GQUJNDDE
Amazon,359.0,40.0,5.0,404.0,True,https://www.amazon.in/s?k=Ryka+Baby+Doll+Cartoon+Art+Rexine+Cloth+Pencil+Box,2026-10-07,synthetic,flipkart:PBXE9YWGS6S6HCQF
Flipkart,369.0,40.0,3.0,412.0,True,https://www.flipkart.com/search?q=Ryka+Baby+Doll+Cartoon+Art+Rexine+Cloth+Pencil+Box,2026-10-07,synthetic_history,flipkart:PBXE9YWGS6S6HCQF
Flipkart,1439.0,0.0,3.0,1442.0,True,https://www.flipkart.com/search?q=umda+Na+A5+Planner%2FOrganizer+Ring+Bound,2026-10-07,synthetic_history,flipkart:DIAEBYZFWTGNBASF
Amazon,1509.0,0.0,5.0,1514.0,True,https://www.amazon.in/s?k=umda+Na+A5+Planner%2FOrganizer+Ring+Bound,2026-10-07,synthetic,flipkart:DIAEBYZFWTGNBASF
Flipkart,979.0,0.0,3.0,982.0,True,https://www.flipkart.com/search?q=PTC+Mart+Unimass+Cartoon+Art+Plastic+Pencil+Box,2026-10-07,synthetic_history,flipkart:PBXEAP3SWFZRHZ6G
Amazon,999.0,0.0,5.0,1004.0,False,https://www.amazon.in/s?k=PTC+Mart+Unimass+Cartoon+Art+Plastic+Pencil+Box,2026-10-07,synthetic,flipkart:PBXEAP3SWFZRHZ6G
Flipkart,459.0,40.0,3.0,502.0,True,https://www.flipkart.com/search?q=Tootpado+Art+Plastic+Punches+%26+Punching+Machines,2026-10-07,synthetic_history,flipkart:PPME9UG9EYDHXVFB
Amazon,459.0,40.0,5.0,504.0,True,https://www.amazon.in/s?k=Tootpado+Art+Plastic+Punches+%26+Punching+Machines,2026-10-07,synthetic,flipkart:PPME9UG9EYDHXVFB
Flipkart,159.0,40.0,3.0,202.0,True,https://www.flipkart.com/search?q=Tootpado+Art+Plastic+Punches+%26+Punching+Machines,2026-10-07,synthetic_history,flipkart:PPMEAGSKWGGPWZXS
Amazon,179.0,40.0,5.0,224.0,True,https://www.amazon.in/s?k=Tootpado+Art+Plastic+Punches+%26+Punching+Machines,2026-10-07,synthetic,flipkart:PPMEAGSKWGGPWZXS
Amazon,279.0,40.0,5.0,324.0,True,https://www.amazon.in/s?k=ab+posters+minions+cartoons+Art+PVC+Pencil+Box,2026-10-07,synthetic,flipkart:PBXEJTJRMMZEBYGG
Flipkart,289.0,40.0,3.0,332.0,True,https://www.flipkart.com/search?q=ab+posters+minions+cartoons+Art+PVC+Pencil+Box,2026-10-07,synthetic_history,flipkart:PBXEJTJRMMZEBYGG
Flipkart,309.0,40.0,3.0,352.0,True,https://www.flipkart.com/search?q=Karta+Car+%26+Princess+Combo+Art+Plastic+Pencil+Boxes,2026-10-07,synthetic_history,flipkart:PBXEASGQ6YPXKQ4H
Amazon,319.0,40.0,5.0,364.0,True,https://www.amazon.in/s?k=Karta+Car+%26+Princess+Combo+Art+Plastic+Pencil+Boxes,2026-10-07,synthetic,flipkart:PBXEASGQ6YPXKQ4H
Flipkart,1729.0,0.0,3.0,1732.0,True,https://www.flipkart.com/search?q=Clairefontaine+Dazzle+Cover+-+21.3+x+14.7+cm+A5+Notebook+Case+Bound,2026-10-07,synthetic_history,flipkart:DIAE3GD7WCFGESBN
Amazon,1729.0,0.0,5.0,1734.0,True,https://www.amazon.in/s?k=Clairefontaine+Dazzle+Cover+-+21.3+x+14.7+cm+A5+Notebook+Case+Bound,2026-10-07,synthetic,flipkart:DIAE3GD7WCFGESBN
Flipkart,299.0,40.0,3.0,342.0,True,https://www.flipkart.com/search?q=O+Teddy+Toys+1+Compartments+Imported+Soft+Valvet+Pen+Stand,2026-10-07,synthetic_history,flipkart:DKOE4CHENGYZ5PEH
Amazon,299.0,40.0,5.0,344.0,True,https://www.amazon.in/s?k=O+Teddy+Toys+1+Compartments+Imported+Soft+Valvet+Pen+Stand,2026-10-07,synthetic,flipkart:DKOE4CHENGYZ5PEH
Flipkart,669.0,0.0,3.0,672.0,True,https://www.flipkart.com/search?q=Enwraps+Utility+Pouch+Vintage+Miniature+Bag+Abstract+Art+Cloth+Pencil+Box,2026-10-07,synthetic_history,flipkart:PBXEBQGHT5PYSDHM
Amazon,689.0,0.0,5.0,694.0,True,https://www.amazon.in/s?k=Enwraps+Utility+Pouch+Vintage+Miniature+Bag+Abstract+Art+Cloth+Pencil+Box,2026-10-07,synthetic,flipkart:PBXEBQGHT5PYSDHM
Flipkart,409.0,40.0,3.0,452.0,True,https://www.flipkart.com/search?q=vinay+1pen+%2B1+refille+Ball+Pen,2026-10-07,synthetic_history,flipkart:PENEH72ZSFBQVDJV
Amazon,409.0,40.0,5.0,454.0,True,https://www.amazon.in/s?k=vinay+1pen+%2B1+refille+Ball+Pen,2026-10-07,synthetic,flipkart:PENEH72ZSFBQVDJV
Flipkart,559.0,0.0,3.0,562.0,True,https://www.flipkart.com/search?q=Imported+Sports+Sipper+750+ml+Water+Bottle,2026-10-07,synthetic_history,flipkart:WBTEDVH6WXGPER53
Amazon,549.0,0.0,5.0,554.0,False,https://www.amazon.in/s?k=Imported+Sports+Sipper+750+ml+Water+Bottle,2026-10-07,synthetic,flipkart:WBTEDVH6WXGPER53
Flipkart,459.0,40.0,3.0,502.0,True,https://www.flipkart.com/search?q=AMY+Animated+Girl+World+A5+Notebook+Spiral+Bound,2026-10-07,synthetic_history,flipkart:DIAE7QHECTYZHUBE
Amazon,459.0,40.0,5.0,504.0,True,https://www.amazon.in/s?k=AMY+Animated+Girl+World+A5+Notebook+Spiral+Bound,2026-10-07,synthetic,flipkart:DIAE7QHECTYZHUBE
Flipkart,429.0,40.0,3.0,472.0,True,https://www.flipkart.com/search?q=Tootpado+Art+Plastic+Punches+%26+Punching+Machines,2026-10-07,synthetic_history,flipkart:PPME9UG9GDYRPKVJ
Amazon,429.0,40.0,5.0,474.0,True,https://www.amazon.in/s?k=Tootpado+Art+Plastic+Punches+%26+Punching+Machines,2026-10-07,synthetic,flipkart:PPME9UG9GDYRPKVJ
Amazon,1919.0,0.0,5.0,1924.0,True,https://www.amazon.in/s?k=Vency+creation+Waterproof+Multipurpose+Bag,2026-10-07,synthetic,flipkart:BAGEHQ64CJMVM5WY
Flipkart,2079.0,0.0,3.0,2082.0,True,https://www.flipkart.com/search?q=Vency+creation+Waterproof+Multipurpose+Bag,2026-10-07,synthetic_history,flipkart:BAGEHQ64CJMVM5WY
Flipkart,199.0,40.0,3.0,242.0,True,https://www.flipkart.com/search?q=FCS+Suzuki+Metal+Key+Chain,2026-10-07,synthetic_history,flipkart:CBRE24GEGUHRSZAQ
Amazon,219.0,40.0,5.0,264.0,True,https://www.amazon.in/s?k=FCS+Suzuki+Metal+Key+Chain,2026-10-07,synthetic,flipkart:CBRE24GEGUHRSZAQ
Flipkart,739.0,0.0,3.0,742.0,True,https://www.flipkart.com/search?q=Dolphin+gallery+No+No+Art+Plastic+Pencil+Boxes,2026-10-07,synthetic_history,flipkart:PBXECYZGYWAKWHK8
Amazon,749.0,0.0,5.0,754.0,True,https://www.amazon.in/s?k=Dolphin+gallery+No+No+Art+Plastic+Pencil+Boxes,2026-10-07,synthetic,flipkart:PBXECYZGYWAKWHK8
Amazon,329.0,40.0,5.0,374.0,True,https://www.amazon.in/s?k=ab+posters+Sofia+cartoons+Art+PVC+Pencil+Box,2026-10-07,synthetic,flipkart:PBXEJTJRCMZ2H7ZE
Flipkart,339.0,40.0,3.0,382.0,True,https://www.flipkart.com/search?q=ab+posters+Sofia+cartoons+Art+PVC+Pencil+Box,2026-10-07,synthetic_history,flipkart:PBXEJTJRCMZ2H7ZE
Flipkart,819.0,0.0,3.0,822.0,True,https://www.flipkart.com/search?q=Classmate+Adversity+causes+Regular+Notebook+Soft+Bound,2026-10-07,synthetic_history,flipkart:DIAECGQ7GY9U8SQF
Amazon,889.0,0.0,5.0,894.0,True,https://www.amazon.in/s?k=Classmate+Adversity+causes+Regular+Notebook+Soft+Bound,2026-10-07,synthetic,flipkart:DIAECGQ7GY9U8SQF
Flipkart,179.0,40.0,3.0,222.0,True,https://www.flipkart.com/search?q=Hm+International+Note+Book+A5+Diary+Hard+Bound,2026-10-07,synthetic_history,flipkart:DIAEEUAM8QXHB7BD
Amazon,179.0,40.0,5.0,224.0,False,https://www.amazon.in/s?k=Hm+International+Note+Book+A5+Diary+Hard+Bound,2026-10-07,synthetic,flipkart:DIAEEUAM8QXHB7BD
Flipkart,569.0,0.0,3.0,572.0,True,https://www.flipkart.com/search?q=Neo+Gold+Leaf+Fancy+School+Art+Cloth+Pencil+Box,2026-10-07,synthetic_history,flipkart:PBXEAT5YASJRMNG7
Amazon,579.0,0.0,5.0,584.0,True,https://www.amazon.in/s?k=Neo+Gold+Leaf+Fancy+School+Art+Cloth+Pencil+Box,2026-10-07,synthetic,flipkart:PBXEAT5YASJRMNG7
Amazon,529.0,0.0,5.0,534.0,True,https://www.amazon.in/s?k=BRECKEN+PAUL+DESIGNER+Ball+Pen,2026-10-07,synthetic,flipkart:PENEH98ST4JGHB2F
Flipkart,499.0,40.0,3.0,542.0,True,https://www.flipkart.com/search?q=BRECKEN+PAUL+DESIGNER+Ball+Pen,2026-10-07,synthetic_history,flipkart:PENEH98ST4JGHB2F
Flipkart,809.0,0.0,3.0,812.0,True,https://www.flipkart.com/search?q=Palakz+Magnetic+Bus+Art+Plastic+Pencil+Box,2026-10-07,synthetic_history,flipkart:PBXEAZ85KCZED6ST
Amazon,779.0,0.0,5.0,784.0,False,https://www.amazon.in/s?k=Palakz+Magnetic+Bus+Art+Plastic+Pencil+Box,2026-10-07,synthetic,flipkart:PBXEAZ85KCZED6ST
Amazon,2719.0,0.0,5.0,2724.0,True,https://www.amazon.in/s?k=Escoda+Filbert+Paint+Brushes,2026-10-07,synthetic,flipkart:PBREH6ZR9GDJGYEV
Flipkart,2739.0,0.0,3.0,2742.0,True,https://www.flipkart.com/search?q=Escoda+Filbert+Paint+Brushes,2026-10-07,synthetic_history,flipkart:PBREH6ZR9GDJGYEV
Flipkart,109.0,40.0,3.0,152.0,True,https://www.flipkart.com/search?q=Dhiyaa+Traders+Alphabet+R+Key+Chain,2026-10-07,synthetic_history,flipkart:KECEGTXHZPBZHZDX
Amazon,119.0,40.0,5.0,164.0,True,https://www.amazon.in/s?k=Dhiyaa+Traders+Alphabet+R+Key+Chain,2026-10-07,synthetic,flipkart:KECEGTXHZPBZHZDX
Flipkart,219.0,40.0,3.0,262.0,True,https://www.flipkart.com/search?q=vendout+RKB+Plain+Art+Cloth+Pencil+Box,2026-10-07,synthetic_history,flipkart:PBXE9CVJB7NVXVZQ
Amazon,219.0,40.0,5.0,264.0,True,https://www.amazon.in/s?k=vendout+RKB+Plain+Art+Cloth+Pencil+Box,2026-10-07,synthetic,flipkart:PBXE9CVJB7NVXVZQ
Flipkart,259.0,40.0,3.0,302.0,True,https://www.flipkart.com/search?q=SHOPMANIA+DESIGNER+NOTEBOOK+A5+Notebook+Spiral+Bound,2026-10-07,synthetic_history,flipkart:DIAEJUCFFWRXYACA
Amazon,279.0,40.0,5.0,324.0,True,https://www.amazon.in/s?k=SHOPMANIA+DESIGNER+NOTEBOOK+A5+Notebook+Spiral+Bound,2026-10-07,synthetic,flipkart:DIAEJUCFFWRXYACA
Flipkart,509.0,0.0,3.0,512.0,True,https://www.flipkart.com/search?q=PTC+Mart+Unimass+Cartoon+Art+Metal+Pencil+Box,2026-10-07,synthetic_history,flipkart:PBXEAP3SWQHG2QZE
Amazon,529.0,0.0,5.0,534.0,True,https://www.amazon.in/s?k=PTC+Mart+Unimass+Cartoon+Art+Metal+Pencil+Box,2026-10-07,synthetic,flipkart:PBXEAP3SWQHG2QZE
Flipkart,389.0,40.0,3.0,432.0,True,https://www.flipkart.com/search?q=AMY+3D+Ninja+Turtles+Fighters+with+There+Weapons+A5+Notebook+Spiral+Bound,2026-10-07,synthetic_history,flipkart:DIAE5DGHXZHKBYFG
Amazon,409.0,40.0,5.0,454.0,True,https://www.amazon.in/s?k=AMY+3D+Ninja+Turtles+Fighters+with+There+Weapons+A5+Notebook+Spiral+Bound,2026-10-07,synthetic,flipkart:DIAE5DGHXZHKBYFG
Meesho,359.0,0.0,0.0,359.0,True,https://www.meesho.com/search?q=Pawzone+Round+Stainless+Steel+Pet+Bowl,2026-10-07,synthetic,flipkart:PBLEGVWGHCGZCQFQ
Flipkart,339.0,40.0,3.0,382.0,True,https://www.flipkart.com/search?q=Pawzone+Round+Stainless+Steel+Pet+Bowl,2026-10-07,synthetic_history,flipkart:PBLEGVWGHCGZCQFQ
Amazon,369.0,40.0,5.0,414.0,False,https://www.amazon.in/s?k=Pawzone+Round+Stainless+Steel+Pet+Bowl,2026-10-07,synthetic,flipkart:PBLEGVWGHCGZCQFQ
Amazon,14359.0,0.0,5.0,14364.0,True,https://www.amazon.in/s?k=Bacteriophages%2C+Part+B,2026-10-07,synthetic,flipkart:DGBDNY38GJMFBBPF
Flipkart,14529.0,0.0,3.0,14532.0,True,https://www.flipkart.com/search?q=Bacteriophages%2C+Part+B,2026-10-07,synthetic_history,flipkart:DGBDNY38GJMFBBPF
Meesho,12229.0,0.0,0.0,12229.0,False,https://www.meesho.com/search?q=Bacteriophages%2C+Part+B,2026-10-07,synthetic,flipkart:DGBDNY38GJMFBBPF
Flipkart,639.0,0.0,3.0,642.0,True,https://www.flipkart.com/search?q=Fast+Italian+with+Elisabeth+Smith+%28Coursebook%29,2026-10-07,synthetic_history,flipkart:DGBDFG8PFWRBGZZV
Amazon,639.0,0.0,5.0,644.0,True,https://www.amazon.in/s?k=Fast+Italian+with+Elisabeth+Smith+%28Coursebook%29,2026-10-07,synthetic,flipkart:DGBDFG8PFWRBGZZV
Meesho,569.0,0.0,0.0,569.0,False,https://www.meesho.com/search?q=Fast+Italian+with+Elisabeth+Smith+%28Coursebook%29,2026-10-07,synthetic,flipkart:DGBDFG8PFWRBGZZV
Meesho,1979.0,0.0,0.0,1979.0,True,https://www.meesho.com/search?q=Magideal+Raincoat+for+Dog,2026-10-07,synthetic,flipkart:PEAEFZBGGMJFGJPP
Flipkart,2199.0,0.0,3.0,2202.0,True,https://www.flipkart.com/search?q=Magideal+Raincoat+for+Dog,2026-10-07,synthetic_history,flipkart:PEAEFZBGGMJFGJPP
Amazon,2249.0,0.0,5.0,2254.0,True,https://www.amazon.in/s?k=Magideal+Raincoat+for+Dog,2026-10-07,synthetic,flipkart:PEAEFZBGGMJFGJPP
Amazon,1429.0,0.0,5.0,1434.0,True,https://www.amazon.in/s?k=SRPC+BAOER+STARWALKER+EXECUTIVE+ROLLERBALL+Pen+Gift+Set,2026-10-07,synthetic,flipkart:PENEHEJ9S9HKGYVU
Flipkart,1449.0,0.0,3.0,1452.0,True,https://www.flipkart.com/search?q=SRPC+BAOER+STARWALKER+EXECUTIVE+ROLLERBALL+Pen+Gift+Set,2026-10-07,synthetic_history,flipkart:PENEHEJ9S9HKGYVU
Meesho,1199.0,0.0,0.0,1199.0,False,https://www.meesho.com/search?q=SRPC+BAOER+STARWALKER+EXECUTIVE+ROLLERBALL+Pen+Gift+Set,2026-10-07,synthetic,flipkart:PENEHEJ9S9HKGYVU
Flipkart,669.0,0.0,3.0,672.0,True,https://www.flipkart.com/search?q=Pawzone+Round+Stainless+Steel+Pet+Bowl,2026-10-07,synthetic_history,flipkart:PBLEGWQWGGFTPMKK
Amazon,669.0,0.0,5.0,674.0,True,https://www.amazon.in/s?k=Pawzone+Round+Stainless+Steel+Pet+Bowl,2026-10-07,synthetic,flipkart:PBLEGWQWGGFTPMKK
Meesho,569.0,0.0,0.0,569.0,False,https://www.meesho.com/search?q=Pawzone+Round+Stainless+Steel+Pet+Bowl,2026-10-07,synthetic,flipkart:PBLEGWQWGGFTPMKK
Amazon,349.0,40.0,5.0,394.0,True,https://www.amazon.in/s?k=The+Crazy+Me+1+Compartments+Eco-Friendly+leatherette+Pen+Stand,2026-10-07,synthetic,flipkart:DKOEGY7FA4JM94BG
Flipkart,359.0,40.0,3.0,402.0,True,https://www.flipkart.com/search?q=The+Crazy+Me+1+Compartments+Eco-Friendly+leatherette+Pen+Stand,2026-10-07,synthetic_history,flipkart:DKOEGY7FA4JM94BG
Meesho,329.0,0.0,0.0,329.0,False,https://www.meesho.com/search?q=The+Crazy+Me+1+Compartments+Eco-Friendly+leatherette+Pen+Stand,2026-10-07,synthetic,flipkart:DKOEGY7FA4JM94BG
Flipkart,6469.0,0.0,3.0,6472.0,True,https://www.flipkart.com/search?q=Zixtro+Bug,2026-10-07,synthetic_history,flipkart:SPBDWS88YYG4FCGE
Amazon,6809.0,0.0,5.0,6814.0,True,https://www.amazon.in/s?k=Zixtro+Bug,2026-10-07,synthetic,flipkart:SPBDWS88YYG4FCGE
Meesho,6149.0,0.0,0.0,6149.0,False,https://www.meesho.com/search?q=Zixtro+Bug,2026-10-07,synthetic,flipkart:SPBDWS88YYG4FCGE
Flipkart,249.0,40.0,3.0,292.0,True,https://www.flipkart.com/search?q=Pawzone+Round+Stainless+Steel+Pet+Bowl,2026-10-07,synthetic_history,flipkart:PBLEGVWGHJAZ3KVW
Meesho,249.0,0.0,0.0,249.0,False,https://www.meesho.com/search?q=Pawzone+Round+Stainless+Steel+Pet+Bowl,2026-10-07,synthetic,flipkart:PBLEGVWGHJAZ3KVW
Amazon,249.0,40.0,5.0,294.0,False,https://www.amazon.in/s?k=Pawzone+Round+Stainless+Steel+Pet+Bowl,2026-10-07,synthetic,flipkart:PBLEGVWGHJAZ3KVW
Flipkart,369.0,40.0,3.0,412.0,True,https://www.flipkart.com/search?q=Four+Paws+Sweats+for+Cat%2C+Dog,2026-10-07,synthetic_history,flipkart:PEAEETEJMJZ75EVG
Amazon,369.0,40.0,5.0,414.0,True,https://www.amazon.in/s?k=Four+Paws+Sweats+for+Cat%2C+Dog,2026-10-07,synthetic,flipkart:PEAEETEJMJZ75EVG
Meesho,339.0,0.0,0.0,339.0,False,https://www.meesho.com/search?q=Four+Paws+Sweats+for+Cat%2C+Dog,2026-10-07,synthetic,flipkart:PEAEETEJMJZ75EVG
Flipkart,639.0,0.0,3.0,642.0,True,https://www.flipkart.com/search?q=clickforsign+Avoid+Contanimation+Wash+your+Hands+Emergency+Sign,2026-10-07,synthetic_history,flipkart:EMSEDSHQGFK6TF5F
Meesho,529.0,0.0,0.0,529.0,False,https://www.meesho.com/search?q=clickforsign+Avoid+Contanimation+Wash+your+Hands+Emergency+Sign,2026-10-07,synthetic,flipkart:EMSEDSHQGFK6TF5F
Amazon,659.0,0.0,5.0,664.0,False,https://www.amazon.in/s?k=clickforsign+Avoid+Contanimation+Wash+your+Hands+Emergency+Sign,2026-10-07,synthetic,flipkart:EMSEDSHQGFK6TF5F
Meesho,459.0,0.0,0.0,459.0,True,https://www.meesho.com/search?q=Creative+Spinach+Blue+Lion+Fish+Aquarium+Toy+Silicone+Rubber+Toy+For+Fish,2026-10-07,synthetic,flipkart:PTYEDMT4FRUDXZCP
Flipkart,529.0,0.0,3.0,532.0,True,https://www.flipkart.com/search?q=Creative+Spinach+Blue+Lion+Fish+Aquarium+Toy+Silicone+Rubber+Toy+For+Fish,2026-10-07,synthetic_history,flipkart:PTYEDMT4FRUDXZCP
Amazon,539.0,0.0,5.0,544.0,True,https://www.amazon.in/s?k=Creative+Spinach+Blue+Lion+Fish+Aquarium+Toy+Silicone+Rubber+Toy+For+Fish,2026-10-07,synthetic,flipkart:PTYEDMT4FRUDXZCP
Amazon,6309.0,0.0,5.0,6314.0,True,https://www.amazon.in/s?k=Particles+and+Fundamental+Interactions%3A+Supplements%2C+Problems+and+Solutions,2026-10-07,synthetic,flipkart:DGBDTCRFCVWWTPWW
Flipkart,6479.0,0.0,3.0,6482.0,True,https://www.flipkart.com/search?q=Particles+and+Fundamental+Interactions%3A+Supplements%2C+Problems+and+Solutions,2026-10-07,synthetic_history,flipkart:DGBDTCRFCVWWTPWW
Meesho,6359.0,0.0,0.0,6359.0,False,https://www.meesho.com/search?q=Particles+and+Fundamental+Interactions%3A+Supplements%2C+Problems+and+Solutions,2026-10-07,synthetic,flipkart:DGBDTCRFCVWWTPWW
Meesho,309.0,0.0,0.0,309.0,True,https://www.meesho.com/search?q=Pawzone+Round+Stainless+Steel+Pet+Bowl,2026-10-07,synthetic,flipkart:PBLEGWQWEQKPXDHT
Flipkart,389.0,40.0,3.0,432.0,True,https://www.flipkart.com/search?q=Pawzone+Round+Stainless+Steel+Pet+Bowl,2026-10-07,synthetic_history,flipkart:PBLEGWQWEQKPXDHT
Amazon,389.0,40.0,5.0,434.0,True,https://www.amazon.in/s?k=Pawzone+Round+Stainless+Steel+Pet+Bowl,2026-10-07,synthetic,flipkart:PBLEGWQWEQKPXDHT
Meesho,979.0,0.0,0.0,979.0,True,https://www.meesho.com/search?q=Royal+Canin+Maxi+Starter+1kg+Vegetable+Dog+Food,2026-10-07,synthetic,flipkart:PFDEG3AHQ4SBVDQB
Amazon,1089.0,0.0,5.0,1094.0,True,https://www.amazon.in/s?k=Royal+Canin+Maxi+Starter+1kg+Vegetable+Dog+Food,2026-10-07,synthetic,flipkart:PFDEG3AHQ4SBVDQB
Flipkart,1139.0,0.0,3.0,1142.0,True,https://www.flipkart.com/search?q=Royal+Canin+Maxi+Starter+1kg+Vegetable+Dog+Food,2026-10-07,synthetic_history,flipkart:PFDEG3AHQ4SBVDQB
Flipkart,1109.0,0.0,3.0,1112.0,True,https://www.flipkart.com/search?q=The+Discarded+Image%3A+An+Introduction+to+Medieval+and+Renaissance+Literature,2026-10-07,synthetic_history,flipkart:DGBDYKHZK8VHHAZN
Meesho,1019.0,0.0,0.0,1019.0,False,https://www.meesho.com/search?q=The+Discarded+Image%3A+An+Introduction+to+Medieval+and+Renaissance+Literature,2026-10-07,synthetic,flipkart:DGBDYKHZK8VHHAZN
Amazon,1109.0,0.0,5.0,1114.0,False,https://www.amazon.in/s?k=The+Discarded+Image%3A+An+Introduction+to+Medieval+and+Renaissance+Literature,2026-10-07,synthetic,flipkart:DGBDYKHZK8VHHAZN
Flipkart,249.0,40.0,3.0,292.0,True,https://www.flipkart.com/search?q=Kennel+Rubber+Dumbell+With+Bell+-+Small+Rubber+Rubber+Toy+For+Dog,2026-10-07,synthetic_history,flipkart:PTYEA6SFGD4X8NAR
Amazon,249.0,40.0,5.0,294.0,True,https://www.amazon.in/s?k=Kennel+Rubber+Dumbell+With+Bell+-+Small+Rubber+Rubber+Toy+For+Dog,2026-10-07,synthetic,flipkart:PTYEA6SFGD4X8NAR
Meesho,239.0,0.0,0.0,239.0,False,https://www.meesho.com/search?q=Kennel+Rubber+Dumbell+With+Bell+-+Small+Rubber+Rubber+Toy+For+Dog,2026-10-07,synthetic,flipkart:PTYEA6SFGD4X8NAR
Flipkart,409.0,40.0,3.0,452.0,True,https://www.flipkart.com/search?q=Pawzone+Round+Stainless+Steel+Pet+Bowl,2026-10-07,synthetic_history,flipkart:PBLEGVWGMZKMCNEU
Meesho,379.0,0.0,0.0,379.0,False,https://www.meesho.com/search?q=Pawzone+Round+Stainless+Steel+Pet+Bowl,2026-10-07,synthetic,flipkart:PBLEGVWGMZKMCNEU
Amazon,389.0,40.0,5.0,434.0,False,https://www.amazon.in/s?k=Pawzone+Round+Stainless+Steel+Pet+Bowl,2026-10-07,synthetic,flipkart:PBLEGVWGMZKMCNEU
Amazon,1049.0,0.0,5.0,1054.0,True,https://www.amazon.in/s?k=Rs+Electrical+RS-8500+Top+Filter+3+in+1+More+Function+Power+Aquarium+Filter,2026-10-07,synthetic,flipkart:AQFEF4Q84KDGNGAF
Flipkart,1069.0,0.0,3.0,1072.0,True,https://www.flipkart.com/search?q=Rs+Electrical+RS-8500+Top+Filter+3+in+1+More+Function+Power+Aquarium+Filter,2026-10-07,synthetic_history,flipkart:AQFEF4Q84KDGNGAF
Meesho,1069.0,0.0,0.0,1069.0,False,https://www.meesho.com/search?q=Rs+Electrical+RS-8500+Top+Filter+3+in+1+More+Function+Power+Aquarium+Filter,2026-10-07,synthetic,flipkart:AQFEF4Q84KDGNGAF
Amazon,4149.0,0.0,5.0,4154.0,True,https://www.amazon.in/s?k=Petto+Raincoat+for+Dog%2C+Cat,2026-10-07,synthetic,flipkart:PEAEGBRCQMFYTPU4
Flipkart,4189.0,0.0,3.0,4192.0,True,https://www.flipkart.com/search?q=Petto+Raincoat+for+Dog%2C+Cat,2026-10-07,synthetic_history,flipkart:PEAEGBRCQMFYTPU4
Meesho,3489.0,0.0,0.0,3489.0,False,https://www.meesho.com/search?q=Petto+Raincoat+for+Dog%2C+Cat,2026-10-07,synthetic,flipkart:PEAEGBRCQMFYTPU4
Amazon,3899.0,0.0,5.0,3904.0,True,https://www.amazon.in/s?k=Stamin+Mass+Gainers,2026-10-07,synthetic,flipkart:PSLEAVTQQXEXZYYZ
Flipkart,3929.0,0.0,3.0,3932.0,True,https://www.flipkart.com/search?q=Stamin+Mass+Gainers,2026-10-07,synthetic_history,flipkart:PSLEAVTQQXEXZYYZ
Meesho,3309.0,0.0,0.0,3309.0,False,https://www.meesho.com/search?q=Stamin+Mass+Gainers,2026-10-07,synthetic,flipkart:PSLEAVTQQXEXZYYZ
Amazon,2779.0,0.0,5.0,2784.0,True,https://www.amazon.in/s?k=Freedom+of+Establishment+and+Private+International+Law+for+Corporations,2026-10-07,synthetic,flipkart:DGBDMKJ9GYNA3RRH
Flipkart,2809.0,0.0,3.0,2812.0,True,https://www.flipkart.com/search?q=Freedom+of+Establishment+and+Private+International+Law+for+Corporations,2026-10-07,synthetic_history,flipkart:DGBDMKJ9GYNA3RRH
Meesho,2459.0,0.0,0.0,2459.0,False,https://www.meesho.com/search?q=Freedom+of+Establishment+and+Private+International+Law+for+Corporations,2026-10-07,synthetic,flipkart:DGBDMKJ9GYNA3RRH
Meesho,21479.0,0.0,0.0,21479.0,True,https://www.meesho.com/search?q=Advances+in+Immunology,2026-10-07,synthetic,flipkart:DGBDNY3ACA6PBK5X
Amazon,24439.0,0.0,5.0,24444.0,True,https://www.amazon.in/s?k=Advances+in+Immunology,2026-10-07,synthetic,flipkart:DGBDNY3ACA6PBK5X
Flipkart,25529.0,0.0,3.0,25532.0,True,https://www.flipkart.com/search?q=Advances+in+Immunology,2026-10-07,synthetic_history,flipkart:DGBDNY3ACA6PBK5X
Meesho,169.0,0.0,0.0,169.0,True,https://www.meesho.com/search?q=Pawzone+Rubber+Rubber+Toy+For+Dog,2026-10-07,synthetic,flipkart:PTYEE5HGHDENG7GY
Flipkart,159.0,40.0,3.0,202.0,True,https://www.flipkart.com/search?q=Pawzone+Rubber+Rubber+Toy+For+Dog,2026-10-07,synthetic_history,flipkart:PTYEE5HGHDENG7GY
Amazon,169.0,40.0,5.0,214.0,False,https://www.amazon.in/s?k=Pawzone+Rubber+Rubber+Toy+For+Dog,2026-10-07,synthetic,flipkart:PTYEE5HGHDENG7GY
Amazon,14209.0,0.0,5.0,14214.0,True,https://www.amazon.in/s?k=Masculinities+in+a+Global+Era,2026-10-07,synthetic,flipkart:DGBDTDF5NZDPRXHS
Flipkart,14929.0,0.0,3.0,14932.0,True,https://www.flipkart.com/search?q=Masculinities+in+a+Global+Era,2026-10-07,synthetic_history,flipkart:DGBDTDF5NZDPRXHS
Meesho,12799.0,0.0,0.0,12799.0,False,https://www.meesho.com/search?q=Masculinities+in+a+Global+Era,2026-10-07,synthetic,flipkart:DGBDTDF5NZDPRXHS
Flipkart,689.0,0.0,3.0,692.0,True,https://www.flipkart.com/search?q=Pawzone+Round+Stainless+Steel+Pet+Bowl,2026-10-07,synthetic_history,flipkart:PBLEGWQWYXZ8MHA8
Amazon,749.0,0.0,5.0,754.0,True,https://www.amazon.in/s?k=Pawzone+Round+Stainless+Steel+Pet+Bowl,2026-10-07,synthetic,flipkart:PBLEGWQWYXZ8MHA8
Meesho,739.0,0.0,0.0,739.0,False,https://www.meesho.com/search?q=Pawzone+Round+Stainless+Steel+Pet+Bowl,2026-10-07,synthetic,flipkart:PBLEGWQWYXZ8MHA8
Meesho,449.0,0.0,0.0,449.0,True,https://www.meesho.com/search?q=Four+Paws+oval+Plastic+Pet+Bowl+%26+Bottle,2026-10-07,synthetic,flipkart:PBLEJ5RFGVCAMZRG
Flipkart,479.0,40.0,3.0,522.0,True,https://www.flipkart.com/search?q=Four+Paws+oval+Plastic+Pet+Bowl+%26+Bottle,2026-10-07,synthetic_history,flipkart:PBLEJ5RFGVCAMZRG
Amazon,489.0,40.0,5.0,534.0,True,https://www.amazon.in/s?k=Four+Paws+oval+Plastic+Pet+Bowl+%26+Bottle,2026-10-07,synthetic,flipkart:PBLEJ5RFGVCAMZRG
Flipkart,1069.0,0.0,3.0,1072.0,True,https://www.flipkart.com/search?q=Proence+Weight+Gainers%2C+Mass+Gainers,2026-10-07,synthetic_history,flipkart:PSLEAVTQRYZP3YVG
Amazon,1129.0,0.0,5.0,1134.0,True,https://www.amazon.in/s?k=Proence+Weight+Gainers%2C+Mass+Gainers,2026-10-07,synthetic,flipkart:PSLEAVTQRYZP3YVG
Meesho,1099.0,0.0,0.0,1099.0,False,https://www.meesho.com/search?q=Proence+Weight+Gainers%2C+Mass+Gainers,2026-10-07,synthetic,flipkart:PSLEAVTQRYZP3YVG
Meesho,589.0,0.0,0.0,589.0,True,https://www.meesho.com/search?q=ABEEZ+Boys%2C+Men%2C+Girls,2026-10-07,synthetic,flipkart:WTBEJZNYZESBJZRT
Amazon,649.0,0.0,5.0,654.0,True,https://www.amazon.in/s?k=ABEEZ+Boys%2C+Men%2C+Girls,2026-10-07,synthetic,flipkart:WTBEJZNYZESBJZRT
Flipkart,659.0,0.0,3.0,662.0,True,https://www.flipkart.com/search?q=ABEEZ+Boys%2C+Men%2C+Girls,2026-10-07,synthetic_history,flipkart:WTBEJZNYZESBJZRT
Meesho,269.0,0.0,0.0,269.0,True,https://www.meesho.com/search?q=Ocean+Free+Sponge+Aquarium+Filter,2026-10-07,synthetic,flipkart:AQFEBFC6H27WZW58
Flipkart,289.0,40.0,3.0,332.0,True,https://www.flipkart.com/search?q=Ocean+Free+Sponge+Aquarium+Filter,2026-10-07,synthetic_history,flipkart:AQFEBFC6H27WZW58
Amazon,299.0,40.0,5.0,344.0,True,https://www.amazon.in/s?k=Ocean+Free+Sponge+Aquarium+Filter,2026-10-07,synthetic,flipkart:AQFEBFC6H27WZW58
Meesho,549.0,0.0,0.0,549.0,True,https://www.meesho.com/search?q=Complete+Italian+%28Learn+Italian+with+Teach+Yourself%29%3A+Enhanced+eBook%3A+New+editio,2026-10-07,synthetic,flipkart:DGBDFGE4UJQDEZSJ
Flipkart,549.0,0.0,3.0,552.0,True,https://www.flipkart.com/search?q=Complete+Italian+%28Learn+Italian+with+Teach+Yourself%29%3A+Enhanced+eBook%3A+New+editio,2026-10-07,synthetic_history,flipkart:DGBDFGE4UJQDEZSJ
Amazon,559.0,0.0,5.0,564.0,True,https://www.amazon.in/s?k=Complete+Italian+%28Learn+Italian+with+Teach+Yourself%29%3A+Enhanced+eBook%3A+New+editio,2026-10-07,synthetic,flipkart:DGBDFGE4UJQDEZSJ
Meesho,309.0,0.0,0.0,309.0,True,https://www.meesho.com/search?q=Four+Paws+Round+Plastic+Pet+Bottle,2026-10-07,synthetic,flipkart:PBLEJ5RHSYYSVA7X
Amazon,349.0,40.0,5.0,394.0,True,https://www.amazon.in/s?k=Four+Paws+Round+Plastic+Pet+Bottle,2026-10-07,synthetic,flipkart:PBLEJ5RHSYYSVA7X
Flipkart,359.0,40.0,3.0,402.0,True,https://www.flipkart.com/search?q=Four+Paws+Round+Plastic+Pet+Bottle,2026-10-07,synthetic_history,flipkart:PBLEJ5RHSYYSVA7X
Meesho,839.0,0.0,0.0,839.0,True,https://www.meesho.com/search?q=Snug+Hug+Jute+Chew+Toy+For+Dog,2026-10-07,synthetic,flipkart:PTYEAF59EF4Q9R7M
Amazon,859.0,0.0,5.0,864.0,True,https://www.amazon.in/s?k=Snug+Hug+Jute+Chew+Toy+For+Dog,2026-10-07,synthetic,flipkart:PTYEAF59EF4Q9R7M
Flipkart,889.0,0.0,3.0,892.0,True,https://www.flipkart.com/search?q=Snug+Hug+Jute+Chew+Toy+For+Dog,2026-10-07,synthetic_history,flipkart:PTYEAF59EF4Q9R7M
Flipkart,2949.0,0.0,3.0,2952.0,True,https://www.flipkart.com/search?q=Lecture+Notes%3A+Medical+Microbiology+and+Infection,2026-10-07,synthetic_history,flipkart:DGBE6JPFHTUWZES4
Amazon,3079.0,0.0,5.0,3084.0,True,https://www.amazon.in/s?k=Lecture+Notes%3A+Medical+Microbiology+and+Infection,2026-10-07,synthetic,flipkart:DGBE6JPFHTUWZES4
Meesho,2669.0,0.0,0.0,2669.0,False,https://www.meesho.com/search?q=Lecture+Notes%3A+Medical+Microbiology+and+Infection,2026-10-07,synthetic,flipkart:DGBE6JPFHTUWZES4
Flipkart,14619.0,0.0,3.0,14622.0,True,https://www.flipkart.com/search?q=Elementary+Particle+Physics%3A+Quantum+Field+Theory+and+Particles+V1,2026-10-07,synthetic_history,flipkart:DGBE43HAN5ZAHAMP
Amazon,14699.0,0.0,5.0,14704.0,True,https://www.amazon.in/s?k=Elementary+Particle+Physics%3A+Quantum+Field+Theory+and+Particles+V1,2026-10-07,synthetic,flipkart:DGBE43HAN5ZAHAMP
Meesho,12309.0,0.0,0.0,12309.0,False,https://www.meesho.com/search?q=Elementary+Particle+Physics%3A+Quantum+Field+Theory+and+Particles+V1,2026-10-07,synthetic,flipkart:DGBE43HAN5ZAHAMP
Flipkart,849.0,0.0,3.0,852.0,True,https://www.flipkart.com/search?q=Clickforsign+Vehicles+parked+Illegally+will+be+towed+at+owner%27s+expense+Emergenc,2026-10-07,synthetic_history,flipkart:EMSEDSHQHJX3AHHW
Amazon,869.0,0.0,5.0,874.0,True,https://www.amazon.in/s?k=Clickforsign+Vehicles+parked+Illegally+will+be+towed+at+owner%27s+expense+Emergenc,2026-10-07,synthetic,flipkart:EMSEDSHQHJX3AHHW
Meesho,809.0,0.0,0.0,809.0,False,https://www.meesho.com/search?q=Clickforsign+Vehicles+parked+Illegally+will+be+towed+at+owner%27s+expense+Emergenc,2026-10-07,synthetic,flipkart:EMSEDSHQHJX3AHHW
Meesho,249.0,0.0,0.0,249.0,True,https://www.meesho.com/search?q=Pawzone+Round+Stainless+Steel+Pet+Bowl,2026-10-07,synthetic,flipkart:PBLEGVWGKRWYKK5Q
Flipkart,309.0,40.0,3.0,352.0,True,https://www.flipkart.com/search?q=Pawzone+Round+Stainless+Steel+Pet+Bowl,2026-10-07,synthetic_history,flipkart:PBLEGVWGKRWYKK5Q
Amazon,329.0,40.0,5.0,374.0,True,https://www.amazon.in/s?k=Pawzone+Round+Stainless+Steel+Pet+Bowl,2026-10-07,synthetic,flipkart:PBLEGVWGKRWYKK5Q
Meesho,229.0,0.0,0.0,229.0,True,https://www.meesho.com/search?q=A+Christian+Talks+with+God%3A+And+Other+Religious+Stories,2026-10-07,synthetic,flipkart:DGBDZFBTFEF4H2VJ
Flipkart,249.0,40.0,3.0,292.0,True,https://www.flipkart.com/search?q=A+Christian+Talks+with+God%3A+And+Other+Religious+Stories,2026-10-07,synthetic_history,flipkart:DGBDZFBTFEF4H2VJ
Amazon,259.0,40.0,5.0,304.0,True,https://www.amazon.in/s?k=A+Christian+Talks+with+God%3A+And+Other+Religious+Stories,2026-10-07,synthetic,flipkart:DGBDZFBTFEF4H2VJ
Amazon,299.0,40.0,5.0,344.0,True,https://www.amazon.in/s?k=Sicons+All+Purpose+Arnica+Dog+Shampoo,2026-10-07,synthetic,flipkart:PSOEH3ZYDMSYARJ5
Flipkart,309.0,40.0,3.0,352.0,True,https://www.flipkart.com/search?q=Sicons+All+Purpose+Arnica+Dog+Shampoo,2026-10-07,synthetic_history,flipkart:PSOEH3ZYDMSYARJ5
Meesho,279.0,0.0,0.0,279.0,False,https://www.meesho.com/search?q=Sicons+All+Purpose+Arnica+Dog+Shampoo,2026-10-07,synthetic,flipkart:PSOEH3ZYDMSYARJ5
Meesho,489.0,0.0,0.0,489.0,True,https://www.meesho.com/search?q=SAY+UV+Sterilizer+Solid+Filter+Cartridge,2026-10-07,synthetic,flipkart:WFCEGE8AZHGFEP8H
Amazon,499.0,0.0,5.0,504.0,True,https://www.amazon.in/s?k=SAY+UV+Sterilizer+Solid+Filter+Cartridge,2026-10-07,synthetic,flipkart:WFCEGE8AZHGFEP8H
Flipkart,499.0,40.0,3.0,542.0,True,https://www.flipkart.com/search?q=SAY+UV+Sterilizer+Solid+Filter+Cartridge,2026-10-07,synthetic_history,flipkart:WFCEGE8AZHGFEP8H
Myntra,2019.0,0.0,0.0,2019.0,True,https://www.google.com/search?q=site%3Amyntra.com+Garnier+Nutrisse+Ultra+Color+Hair+Dye+Hair+Color,2026-10-07,synthetic,flipkart:HRCEGXJPZH7KJXZD
Amazon,2029.0,0.0,5.0,2034.0,True,https://www.amazon.in/s?k=Garnier+Nutrisse+Ultra+Color+Hair+Dye+Hair+Color,2026-10-07,synthetic,flipkart:HRCEGXJPZH7KJXZD
Flipkart,2079.0,0.0,3.0,2082.0,True,https://www.flipkart.com/search?q=Garnier+Nutrisse+Ultra+Color+Hair+Dye+Hair+Color,2026-10-07,synthetic_history,flipkart:HRCEGXJPZH7KJXZD
Amazon,539.0,0.0,5.0,544.0,True,https://www.amazon.in/s?k=Envy+1000+Kiss%2CWink+Combo+Set,2026-10-07,synthetic,flipkart:CAGEBTGEHMQUS8NH
Flipkart,589.0,0.0,3.0,592.0,True,https://www.flipkart.com/search?q=Envy+1000+Kiss%2CWink+Combo+Set,2026-10-07,synthetic_history,flipkart:CAGEBTGEHMQUS8NH
Myntra,589.0,99.0,0.0,688.0,False,https://www.google.com/search?q=site%3Amyntra.com+Envy+1000+Kiss%2CWink+Combo+Set,2026-10-07,synthetic,flipkart:CAGEBTGEHMQUS8NH
Amazon,1759.0,0.0,5.0,1764.0,True,https://www.amazon.in/s?k=Lakiya+Glycolic+Acid+Peel+10%25,2026-10-07,synthetic,flipkart:FCTEJXGUNGMHANE2
Myntra,1829.0,0.0,0.0,1829.0,True,https://www.google.com/search?q=site%3Amyntra.com+Lakiya+Glycolic+Acid+Peel+10%25,2026-10-07,synthetic,flipkart:FCTEJXGUNGMHANE2
Flipkart,1829.0,0.0,3.0,1832.0,True,https://www.flipkart.com/search?q=Lakiya+Glycolic+Acid+Peel+10%25,2026-10-07,synthetic_history,flipkart:FCTEJXGUNGMHANE2
Flipkart,739.0,0.0,3.0,742.0,True,https://www.flipkart.com/search?q=Aster+Luxury+Arabic+Oudh+Bathing+Bar+-+Pack+of+4,2026-10-07,synthetic_history,flipkart:SOPEGSG5GDGFPFPG
Amazon,789.0,0.0,5.0,794.0,True,https://www.amazon.in/s?k=Aster+Luxury+Arabic+Oudh+Bathing+Bar+-+Pack+of+4,2026-10-07,synthetic,flipkart:SOPEGSG5GDGFPFPG
Myntra,739.0,99.0,0.0,838.0,True,https://www.google.com/search?q=site%3Amyntra.com+Aster+Luxury+Arabic+Oudh+Bathing+Bar+-+Pack+of+4,2026-10-07,synthetic,flipkart:SOPEGSG5GDGFPFPG
Flipkart,649.0,0.0,3.0,652.0,True,https://www.flipkart.com/search?q=Envy+1000+Nitro%2CDark+Combo+Set,2026-10-07,synthetic_history,flipkart:CAGEBTGGTRXATDHW
Amazon,669.0,0.0,5.0,674.0,False,https://www.amazon.in/s?k=Envy+1000+Nitro%2CDark+Combo+Set,2026-10-07,synthetic,flipkart:CAGEBTGGTRXATDHW
Myntra,699.0,99.0,0.0,798.0,False,https://www.google.com/search?q=site%3Amyntra.com+Envy+1000+Nitro%2CDark+Combo+Set,2026-10-07,synthetic,flipkart:CAGEBTGGTRXATDHW
Flipkart,469.0,40.0,3.0,512.0,True,https://www.flipkart.com/search?q=Yardley+Sandalwood+and+Lace+Satin+Combo+Set,2026-10-07,synthetic_history,flipkart:CAGE6FYKT4NSENUS
Amazon,469.0,40.0,5.0,514.0,True,https://www.amazon.in/s?k=Yardley+Sandalwood+and+Lace+Satin+Combo+Set,2026-10-07,synthetic,flipkart:CAGE6FYKT4NSENUS
Myntra,479.0,99.0,0.0,578.0,True,https://www.google.com/search?q=site%3Amyntra.com+Yardley+Sandalwood+and+Lace+Satin+Combo+Set,2026-10-07,synthetic,flipkart:CAGE6FYKT4NSENUS
Amazon,379.0,40.0,5.0,424.0,True,https://www.amazon.in/s?k=Xlr8+Pro+Sizzle+Combo+Set,2026-10-07,synthetic,flipkart:CAGED6GKZ3YSVSAD
Flipkart,389.0,40.0,3.0,432.0,True,https://www.flipkart.com/search?q=Xlr8+Pro+Sizzle+Combo+Set,2026-10-07,synthetic_history,flipkart:CAGED6GKZ3YSVSAD
Myntra,409.0,99.0,0.0,508.0,True,https://www.google.com/search?q=site%3Amyntra.com+Xlr8+Pro+Sizzle+Combo+Set,2026-10-07,synthetic,flipkart:CAGED6GKZ3YSVSAD
Amazon,619.0,0.0,5.0,624.0,True,https://www.amazon.in/s?k=Denver+Cool%2CHonour+Combo+Set,2026-10-07,synthetic,flipkart:CAGEBTJBTNGGDZQZ
Flipkart,629.0,0.0,3.0,632.0,True,https://www.flipkart.com/search?q=Denver+Cool%2CHonour+Combo+Set,2026-10-07,synthetic_history,flipkart:CAGEBTJBTNGGDZQZ
Myntra,619.0,99.0,0.0,718.0,True,https://www.google.com/search?q=site%3Amyntra.com+Denver+Cool%2CHonour+Combo+Set,2026-10-07,synthetic,flipkart:CAGEBTJBTNGGDZQZ
Flipkart,589.0,0.0,3.0,592.0,True,https://www.flipkart.com/search?q=Yardley+Jasmine+and+Lace+Satin+Combo+Set,2026-10-07,synthetic_history,flipkart:CAGE6FYKHZ52FSC3
Myntra,579.0,99.0,0.0,678.0,True,https://www.google.com/search?q=site%3Amyntra.com+Yardley+Jasmine+and+Lace+Satin+Combo+Set,2026-10-07,synthetic,flipkart:CAGE6FYKHZ52FSC3
Amazon,589.0,0.0,5.0,594.0,False,https://www.amazon.in/s?k=Yardley+Jasmine+and+Lace+Satin+Combo+Set,2026-10-07,synthetic,flipkart:CAGE6FYKHZ52FSC3
Flipkart,539.0,0.0,3.0,542.0,True,https://www.flipkart.com/search?q=Wild+Stone+Smoke+And+Juice+Combo+Set,2026-10-07,synthetic_history,flipkart:CAGE6FZQ3XXVG4V5
Amazon,569.0,0.0,5.0,574.0,True,https://www.amazon.in/s?k=Wild+Stone+Smoke+And+Juice+Combo+Set,2026-10-07,synthetic,flipkart:CAGE6FZQ3XXVG4V5
Myntra,599.0,99.0,0.0,698.0,True,https://www.google.com/search?q=site%3Amyntra.com+Wild+Stone+Smoke+And+Juice+Combo+Set,2026-10-07,synthetic,flipkart:CAGE6FZQ3XXVG4V5
Flipkart,599.0,0.0,3.0,602.0,True,https://www.flipkart.com/search?q=Nike+Deodorant+Blue+Wave%2CUp+or+Down+200+ml+Gift+Set++Combo+Set,2026-10-07,synthetic_history,flipkart:CAGE8WYMHA8KZPT8
Amazon,599.0,0.0,5.0,604.0,True,https://www.amazon.in/s?k=Nike+Deodorant+Blue+Wave%2CUp+or+Down+200+ml+Gift+Set++Combo+Set,2026-10-07,synthetic,flipkart:CAGE8WYMHA8KZPT8
Myntra,609.0,99.0,0.0,708.0,False,https://www.google.com/search?q=site%3Amyntra.com+Nike+Deodorant+Blue+Wave%2CUp+or+Down+200+ml+Gift+Set++Combo+Set,2026-10-07,synthetic,flipkart:CAGE8WYMHA8KZPT8
Amazon,429.0,40.0,5.0,474.0,True,https://www.amazon.in/s?k=Yardley+Gold+and+Original+Combo+Set,2026-10-07,synthetic,flipkart:CAGE5PHY7ZHR6GC9
Flipkart,449.0,40.0,3.0,492.0,True,https://www.flipkart.com/search?q=Yardley+Gold+and+Original+Combo+Set,2026-10-07,synthetic_history,flipkart:CAGE5PHY7ZHR6GC9
Myntra,409.0,99.0,0.0,508.0,False,https://www.google.com/search?q=site%3Amyntra.com+Yardley+Gold+and+Original+Combo+Set,2026-10-07,synthetic,flipkart:CAGE5PHY7ZHR6GC9
Flipkart,1659.0,0.0,3.0,1662.0,True,https://www.flipkart.com/search?q=Craftuno+Handcrafted+Paper+Mache+Box+-+Set+of+3+Showpiece+Vanity+Decorative,2026-10-07,synthetic_history,flipkart:VANEDHSCE7UYEGHZ
Amazon,1729.0,0.0,5.0,1734.0,True,https://www.amazon.in/s?k=Craftuno+Handcrafted+Paper+Mache+Box+-+Set+of+3+Showpiece+Vanity+Decorative,2026-10-07,synthetic,flipkart:VANEDHSCE7UYEGHZ
Myntra,1809.0,0.0,0.0,1809.0,True,https://www.google.com/search?q=site%3Amyntra.com+Craftuno+Handcrafted+Paper+Mache+Box+-+Set+of+3+Showpiece+Vanity+Decorative,2026-10-07,synthetic,flipkart:VANEDHSCE7UYEGHZ
Flipkart,519.0,0.0,3.0,522.0,True,https://www.flipkart.com/search?q=Wild+Stone+Red+And+Forest+Spice+Combo+Set,2026-10-07,synthetic_history,flipkart:CAGE6FZQ2G93NPBU
Amazon,559.0,0.0,5.0,564.0,True,https://www.amazon.in/s?k=Wild+Stone+Red+And+Forest+Spice+Combo+Set,2026-10-07,synthetic,flipkart:CAGE6FZQ2G93NPBU
Myntra,499.0,99.0,0.0,598.0,True,https://www.google.com/search?q=site%3Amyntra.com+Wild+Stone+Red+And+Forest+Spice+Combo+Set,2026-10-07,synthetic,flipkart:CAGE6FZQ2G93NPBU
Flipkart,819.0,0.0,3.0,822.0,True,https://www.flipkart.com/search?q=Beverly+Hills+Polo+Club+BLUE+Gift+Set++Combo+Set,2026-10-07,synthetic_history,flipkart:CAGE7DUYEYWSYGBY
Amazon,869.0,0.0,5.0,874.0,True,https://www.amazon.in/s?k=Beverly+Hills+Polo+Club+BLUE+Gift+Set++Combo+Set,2026-10-07,synthetic,flipkart:CAGE7DUYEYWSYGBY
Myntra,889.0,99.0,0.0,988.0,True,https://www.google.com/search?q=site%3Amyntra.com+Beverly+Hills+Polo+Club+BLUE+Gift+Set++Combo+Set,2026-10-07,synthetic,flipkart:CAGE7DUYEYWSYGBY
Flipkart,609.0,0.0,3.0,612.0,True,https://www.flipkart.com/search?q=Fogg+Ocean+Combo+Set,2026-10-07,synthetic_history,flipkart:CAGED6YFXAHXJSDH
Amazon,619.0,0.0,5.0,624.0,True,https://www.amazon.in/s?k=Fogg+Ocean+Combo+Set,2026-10-07,synthetic,flipkart:CAGED6YFXAHXJSDH
Myntra,579.0,99.0,0.0,678.0,True,https://www.google.com/search?q=site%3Amyntra.com+Fogg+Ocean+Combo+Set,2026-10-07,synthetic,flipkart:CAGED6YFXAHXJSDH
Amazon,3809.0,0.0,5.0,3814.0,True,https://www.amazon.in/s?k=TIGI+BED+HEAD+COLOUR+GODDESS+OIL+INFUSED+CONDITIONER,2026-10-07,synthetic,flipkart:CNDEGEPEK5GEH58K
Flipkart,3829.0,0.0,3.0,3832.0,True,https://www.flipkart.com/search?q=TIGI+BED+HEAD+COLOUR+GODDESS+OIL+INFUSED+CONDITIONER,2026-10-07,synthetic_history,flipkart:CNDEGEPEK5GEH58K
Myntra,4189.0,0.0,0.0,4189.0,True,https://www.google.com/search?q=site%3Amyntra.com+TIGI+BED+HEAD+COLOUR+GODDESS+OIL+INFUSED+CONDITIONER,2026-10-07,synthetic,flipkart:CNDEGEPEK5GEH58K
Flipkart,219.0,40.0,3.0,262.0,True,https://www.flipkart.com/search?q=Medimix+Transparent+with+Glycerine+And+Lakshadi,2026-10-07,synthetic_history,flipkart:SOPEJXBBKEAHD3NK
Amazon,229.0,40.0,5.0,274.0,True,https://www.amazon.in/s?k=Medimix+Transparent+with+Glycerine+And+Lakshadi,2026-10-07,synthetic,flipkart:SOPEJXBBKEAHD3NK
Myntra,209.0,99.0,0.0,308.0,True,https://www.google.com/search?q=site%3Amyntra.com+Medimix+Transparent+with+Glycerine+And+Lakshadi,2026-10-07,synthetic,flipkart:SOPEJXBBKEAHD3NK
Flipkart,549.0,0.0,3.0,552.0,True,https://www.flipkart.com/search?q=Yardley+Equity+Combo+Set,2026-10-07,synthetic_history,flipkart:CAGE5PHYRHNGU7D9
Amazon,549.0,0.0,5.0,554.0,False,https://www.amazon.in/s?k=Yardley+Equity+Combo+Set,2026-10-07,synthetic,flipkart:CAGE5PHYRHNGU7D9
Myntra,589.0,99.0,0.0,688.0,False,https://www.google.com/search?q=site%3Amyntra.com+Yardley+Equity+Combo+Set,2026-10-07,synthetic,flipkart:CAGE5PHYRHNGU7D9
Flipkart,489.0,40.0,3.0,532.0,True,https://www.flipkart.com/search?q=Nike+Orange+Combo+Set,2026-10-07,synthetic_history,flipkart:CAGE8X8X5QEP5BWM
Myntra,439.0,99.0,0.0,538.0,True,https://www.google.com/search?q=site%3Amyntra.com+Nike+Orange+Combo+Set,2026-10-07,synthetic,flipkart:CAGE8X8X5QEP5BWM
Amazon,469.0,40.0,5.0,514.0,False,https://www.amazon.in/s?k=Nike+Orange+Combo+Set,2026-10-07,synthetic,flipkart:CAGE8X8X5QEP5BWM
Flipkart,319.0,40.0,3.0,362.0,True,https://www.flipkart.com/search?q=Majik+Styling+Decoration+Hair+Clip,2026-10-07,synthetic_history,flipkart:HACEJQY5FQRZZUGM
Amazon,329.0,40.0,5.0,374.0,True,https://www.amazon.in/s?k=Majik+Styling+Decoration+Hair+Clip,2026-10-07,synthetic,flipkart:HACEJQY5FQRZZUGM
Myntra,309.0,99.0,0.0,408.0,True,https://www.google.com/search?q=site%3Amyntra.com+Majik+Styling+Decoration+Hair+Clip,2026-10-07,synthetic,flipkart:HACEJQY5FQRZZUGM
Amazon,499.0,0.0,5.0,504.0,True,https://www.amazon.in/s?k=Engage+Urge+and+Urge+Combo+Set,2026-10-07,synthetic,flipkart:CAGE68FGTG6SUWHQ
Flipkart,489.0,40.0,3.0,532.0,True,https://www.flipkart.com/search?q=Engage+Urge+and+Urge+Combo+Set,2026-10-07,synthetic_history,flipkart:CAGE68FGTG6SUWHQ
Myntra,529.0,99.0,0.0,628.0,True,https://www.google.com/search?q=site%3Amyntra.com+Engage+Urge+and+Urge+Combo+Set,2026-10-07,synthetic,flipkart:CAGE68FGTG6SUWHQ
Flipkart,769.0,0.0,3.0,772.0,True,https://www.flipkart.com/search?q=United+Colors+Of+Benetton+Sport+Combo+Set,2026-10-07,synthetic_history,flipkart:CAGEA3JMBZUV5DQV
Amazon,819.0,0.0,5.0,824.0,True,https://www.amazon.in/s?k=United+Colors+Of+Benetton+Sport+Combo+Set,2026-10-07,synthetic,flipkart:CAGEA3JMBZUV5DQV
Myntra,839.0,99.0,0.0,938.0,True,https://www.google.com/search?q=site%3Amyntra.com+United+Colors+Of+Benetton+Sport+Combo+Set,2026-10-07,synthetic,flipkart:CAGEA3JMBZUV5DQV
Amazon,1659.0,0.0,5.0,1664.0,True,https://www.amazon.in/s?k=Optokart+Two+Tone+Color+Made+In+U+S+A+By+Visions+India+Yearly+Contact+Lens,2026-10-07,synthetic,flipkart:CTLEH4CDD64NGGYS
Myntra,1709.0,0.0,0.0,1709.0,True,https://www.google.com/search?q=site%3Amyntra.com+Optokart+Two+Tone+Color+Made+In+U+S+A+By+Visions+India+Yearly+Contact+Lens,2026-10-07,synthetic,flipkart:CTLEH4CDD64NGGYS
Flipkart,1739.0,0.0,3.0,1742.0,True,https://www.flipkart.com/search?q=Optokart+Two+Tone+Color+Made+In+U+S+A+By+Visions+India+Yearly+Contact+Lens,2026-10-07,synthetic_history,flipkart:CTLEH4CDD64NGGYS
Flipkart,169.0,40.0,3.0,212.0,True,https://www.flipkart.com/search?q=Park+Avenue+Cool+Blue+Soap+-+Pack+of+3,2026-10-07,synthetic_history,flipkart:SOPDFZRFNPZKTDG8
Myntra,169.0,99.0,0.0,268.0,True,https://www.google.com/search?q=site%3Amyntra.com+Park+Avenue+Cool+Blue+Soap+-+Pack+of+3,2026-10-07,synthetic,flipkart:SOPDFZRFNPZKTDG8
Amazon,179.0,40.0,5.0,224.0,False,https://www.amazon.in/s?k=Park+Avenue+Cool+Blue+Soap+-+Pack+of+3,2026-10-07,synthetic,flipkart:SOPDFZRFNPZKTDG8
Myntra,2339.0,0.0,0.0,2339.0,True,https://www.google.com/search?q=site%3Amyntra.com+Soulful+Threads+Yellow+Thread+Aari+Embroidered+Accessories+Vanity+Multi+Purpose,2026-10-07,synthetic,flipkart:VANEGPA7YHEVNMBF
Flipkart,2359.0,0.0,3.0,2362.0,True,https://www.flipkart.com/search?q=Soulful+Threads+Yellow+Thread+Aari+Embroidered+Accessories+Vanity+Multi+Purpose,2026-10-07,synthetic_history,flipkart:VANEGPA7YHEVNMBF
Amazon,2449.0,0.0,5.0,2454.0,False,https://www.amazon.in/s?k=Soulful+Threads+Yellow+Thread+Aari+Embroidered+Accessories+Vanity+Multi+Purpose,2026-10-07,synthetic,flipkart:VANEGPA7YHEVNMBF
Flipkart,279.0,40.0,3.0,322.0,True,https://www.flipkart.com/search?q=INVENTURE+RETAIL+Nail+Cutter,2026-10-07,synthetic_history,flipkart:NCCEHZTVHHY8BNDD
Amazon,279.0,40.0,5.0,324.0,True,https://www.amazon.in/s?k=INVENTURE+RETAIL+Nail+Cutter,2026-10-07,synthetic,flipkart:NCCEHZTVHHY8BNDD
Myntra,299.0,99.0,0.0,398.0,True,https://www.google.com/search?q=site%3Amyntra.com+INVENTURE+RETAIL+Nail+Cutter,2026-10-07,synthetic,flipkart:NCCEHZTVHHY8BNDD
Amazon,779.0,0.0,5.0,784.0,True,https://www.amazon.in/s?k=Avon+Little+Black+Dress+Body+Each+150+ml+Combo+Set,2026-10-07,synthetic,flipkart:CAGE3GFTQ3UHZ4TC
Flipkart,829.0,0.0,3.0,832.0,True,https://www.flipkart.com/search?q=Avon+Little+Black+Dress+Body+Each+150+ml+Combo+Set,2026-10-07,synthetic_history,flipkart:CAGE3GFTQ3UHZ4TC
Myntra,639.0,99.0,0.0,738.0,False,https://www.google.com/search?q=site%3Amyntra.com+Avon+Little+Black+Dress+Body+Each+150+ml+Combo+Set,2026-10-07,synthetic,flipkart:CAGE3GFTQ3UHZ4TC
Myntra,2529.0,0.0,0.0,2529.0,True,https://www.google.com/search?q=site%3Amyntra.com+Yc+UV+Sunscreen+Lotion+-+SPF+0+PA%2B,2026-10-07,synthetic,flipkart:SNRECKFC9SYZY9NG
Flipkart,2709.0,0.0,3.0,2712.0,True,https://www.flipkart.com/search?q=Yc+UV+Sunscreen+Lotion+-+SPF+0+PA%2B,2026-10-07,synthetic_history,flipkart:SNRECKFC9SYZY9NG
Amazon,2709.0,0.0,5.0,2714.0,True,https://www.amazon.in/s?k=Yc+UV+Sunscreen+Lotion+-+SPF+0+PA%2B,2026-10-07,synthetic,flipkart:SNRECKFC9SYZY9NG
Flipkart,779.0,0.0,3.0,782.0,True,https://www.flipkart.com/search?q=Nova+NS217+NS+217+Trimmer%2C+Clipper%2C+Shaver+For+Men,2026-10-07,synthetic_history,flipkart:SHVEFAS3RT9N63BU
Amazon,819.0,0.0,5.0,824.0,True,https://www.amazon.in/s?k=Nova+NS217+NS+217+Trimmer%2C+Clipper%2C+Shaver+For+Men,2026-10-07,synthetic,flipkart:SHVEFAS3RT9N63BU
Myntra,759.0,99.0,0.0,858.0,True,https://www.google.com/search?q=site%3Amyntra.com+Nova+NS217+NS+217+Trimmer%2C+Clipper%2C+Shaver+For+Men,2026-10-07,synthetic,flipkart:SHVEFAS3RT9N63BU
Amazon,499.0,0.0,5.0,504.0,True,https://www.amazon.in/s?k=Yardley+Equity+and+Original+Combo+Set,2026-10-07,synthetic,flipkart:CAGE5PHYVZ5QHHXA
Flipkart,489.0,40.0,3.0,532.0,True,https://www.flipkart.com/search?q=Yardley+Equity+and+Original+Combo+Set,2026-10-07,synthetic_history,flipkart:CAGE5PHYVZ5QHHXA
Myntra,519.0,99.0,0.0,618.0,True,https://www.google.com/search?q=site%3Amyntra.com+Yardley+Equity+and+Original+Combo+Set,2026-10-07,synthetic,flipkart:CAGE5PHYVZ5QHHXA
Flipkart,559.0,0.0,3.0,562.0,True,https://www.flipkart.com/search?q=Engage+Urge-Mate+Combo+Set,2026-10-07,synthetic_history,flipkart:CAGDVVX97KZEH2EJ
Amazon,589.0,0.0,5.0,594.0,True,https://www.amazon.in/s?k=Engage+Urge-Mate+Combo+Set,2026-10-07,synthetic,flipkart:CAGDVVX97KZEH2EJ
Myntra,609.0,99.0,0.0,708.0,True,https://www.google.com/search?q=site%3Amyntra.com+Engage+Urge-Mate+Combo+Set,2026-10-07,synthetic,flipkart:CAGDVVX97KZEH2EJ
Flipkart,669.0,0.0,3.0,672.0,True,https://www.flipkart.com/search?q=Nike+N5th+Element+Combo+Set,2026-10-07,synthetic_history,flipkart:CAGE8SCPTWXNZWC6
Amazon,699.0,0.0,5.0,704.0,True,https://www.amazon.in/s?k=Nike+N5th+Element+Combo+Set,2026-10-07,synthetic,flipkart:CAGE8SCPTWXNZWC6
Myntra,669.0,99.0,0.0,768.0,True,https://www.google.com/search?q=site%3Amyntra.com+Nike+N5th+Element+Combo+Set,2026-10-07,synthetic,flipkart:CAGE8SCPTWXNZWC6
Flipkart,249.0,40.0,3.0,292.0,True,https://www.flipkart.com/search?q=Aero+Care+Ice+%26+Blue+4+Men+Combo+Set,2026-10-07,synthetic_history,flipkart:CAGE8PKGBKNCYKJK
Amazon,259.0,40.0,5.0,304.0,True,https://www.amazon.in/s?k=Aero+Care+Ice+%26+Blue+4+Men+Combo+Set,2026-10-07,synthetic,flipkart:CAGE8PKGBKNCYKJK
Myntra,249.0,99.0,0.0,348.0,True,https://www.google.com/search?q=site%3Amyntra.com+Aero+Care+Ice+%26+Blue+4+Men+Combo+Set,2026-10-07,synthetic,flipkart:CAGE8PKGBKNCYKJK
Flipkart,449.0,40.0,3.0,492.0,True,https://www.flipkart.com/search?q=Nike+Azzure+Combo+Set,2026-10-07,synthetic_history,flipkart:CAGE8SCPGJQXUWHF
Amazon,449.0,40.0,5.0,494.0,True,https://www.amazon.in/s?k=Nike+Azzure+Combo+Set,2026-10-07,synthetic,flipkart:CAGE8SCPGJQXUWHF
Myntra,449.0,99.0,0.0,548.0,True,https://www.google.com/search?q=site%3Amyntra.com+Nike+Azzure+Combo+Set,2026-10-07,synthetic,flipkart:CAGE8SCPGJQXUWHF
Flipkart,689.0,0.0,3.0,692.0,True,https://www.flipkart.com/search?q=Archies+VJ-555+Combo+Set,2026-10-07,synthetic_history,flipkart:CAGE7NK9ZCBCV55Z
Amazon,729.0,0.0,5.0,734.0,True,https://www.amazon.in/s?k=Archies+VJ-555+Combo+Set,2026-10-07,synthetic,flipkart:CAGE7NK9ZCBCV55Z
Myntra,699.0,99.0,0.0,798.0,False,https://www.google.com/search?q=site%3Amyntra.com+Archies+VJ-555+Combo+Set,2026-10-07,synthetic,flipkart:CAGE7NK9ZCBCV55Z
Flipkart,679.0,0.0,3.0,682.0,True,https://www.flipkart.com/search?q=Envy+1000+Rush%2CForce+Combo+Set,2026-10-07,synthetic_history,flipkart:CAGEBTGHSVHHWPG6
Myntra,619.0,99.0,0.0,718.0,True,https://www.google.com/search?q=site%3Amyntra.com+Envy+1000+Rush%2CForce+Combo+Set,2026-10-07,synthetic,flipkart:CAGEBTGHSVHHWPG6
Amazon,719.0,0.0,5.0,724.0,True,https://www.amazon.in/s?k=Envy+1000+Rush%2CForce+Combo+Set,2026-10-07,synthetic,flipkart:CAGEBTGHSVHHWPG6
Flipkart,229.0,40.0,3.0,272.0,True,https://www.flipkart.com/search?q=Euro+Style+Combo+Set,2026-10-07,synthetic_history,flipkart:CAGDU85Y85GDJGUD
Amazon,229.0,40.0,5.0,274.0,True,https://www.amazon.in/s?k=Euro+Style+Combo+Set,2026-10-07,synthetic,flipkart:CAGDU85Y85GDJGUD
Myntra,259.0,99.0,0.0,358.0,True,https://www.google.com/search?q=site%3Amyntra.com+Euro+Style+Combo+Set,2026-10-07,synthetic,flipkart:CAGDU85Y85GDJGUD
Amazon,649.0,0.0,5.0,654.0,True,https://www.amazon.in/s?k=LAWMAN+PG3+Striker%2C+Contender%2C+Freestyler+Deodorant+Spray++-++For+Men,2026-10-07,synthetic,flipkart:DEOEG9GYZZAFPDPC
Flipkart,689.0,0.0,3.0,692.0,True,https://www.flipkart.com/search?q=LAWMAN+PG3+Striker%2C+Contender%2C+Freestyler+Deodorant+Spray++-++For+Men,2026-10-07,synthetic_history,flipkart:DEOEG9GYZZAFPDPC
Myntra,739.0,99.0,0.0,838.0,True,https://www.google.com/search?q=site%3Amyntra.com+LAWMAN+PG3+Striker%2C+Contender%2C+Freestyler+Deodorant+Spray++-++For+Men,2026-10-07,synthetic,flipkart:DEOEG9GYZZAFPDPC
Flipkart,489.0,40.0,3.0,532.0,True,https://www.flipkart.com/search?q=Kolkata+Knight+Riders+Combo+Set,2026-10-07,synthetic_history,flipkart:CAGEYFZWDZYE5VPH
Amazon,489.0,40.0,5.0,534.0,True,https://www.amazon.in/s?k=Kolkata+Knight+Riders+Combo+Set,2026-10-07,synthetic,flipkart:CAGEYFZWDZYE5VPH
Myntra,499.0,99.0,0.0,598.0,True,https://www.google.com/search?q=site%3Amyntra.com+Kolkata+Knight+Riders+Combo+Set,2026-10-07,synthetic,flipkart:CAGEYFZWDZYE5VPH
Flipkart,1759.0,0.0,3.0,1762.0,True,https://www.flipkart.com/search?q=Gravolite+Plain+Yoga+Cherry+7+mm,2026-10-07,synthetic_history,flipkart:SMTEHQYZRV4SGZSJ
Amazon,1889.0,0.0,5.0,1894.0,True,https://www.amazon.in/s?k=Gravolite+Plain+Yoga+Cherry+7+mm,2026-10-07,synthetic,flipkart:SMTEHQYZRV4SGZSJ
Myntra,1939.0,0.0,0.0,1939.0,True,https://www.google.com/search?q=site%3Amyntra.com+Gravolite+Plain+Yoga+Cherry+7+mm,2026-10-07,synthetic,flipkart:SMTEHQYZRV4SGZSJ
Amazon,3989.0,0.0,5.0,3994.0,True,https://www.amazon.in/s?k=reckonon+red+heart+011+Umbrella,2026-10-07,synthetic,flipkart:UMBEJZFHE285UEV2
Flipkart,4029.0,0.0,3.0,4032.0,True,https://www.flipkart.com/search?q=reckonon+red+heart+011+Umbrella,2026-10-07,synthetic_history,flipkart:UMBEJZFHE285UEV2
Myntra,3949.0,0.0,0.0,3949.0,False,https://www.google.com/search?q=site%3Amyntra.com+reckonon+red+heart+011+Umbrella,2026-10-07,synthetic,flipkart:UMBEJZFHE285UEV2
Flipkart,659.0,0.0,3.0,662.0,True,https://www.flipkart.com/search?q=Slazenger+Americana+Stars+Basketball+-+++Size%3A+5,2026-10-07,synthetic_history,flipkart:BALDK7WGTYPFPEZZ
Amazon,659.0,0.0,5.0,664.0,True,https://www.amazon.in/s?k=Slazenger+Americana+Stars+Basketball+-+++Size%3A+5,2026-10-07,synthetic,flipkart:BALDK7WGTYPFPEZZ
Myntra,729.0,99.0,0.0,828.0,True,https://www.google.com/search?q=site%3Amyntra.com+Slazenger+Americana+Stars+Basketball+-+++Size%3A+5,2026-10-07,synthetic,flipkart:BALDK7WGTYPFPEZZ
Flipkart,269.0,40.0,3.0,312.0,True,https://www.flipkart.com/search?q=Amscan+110228A+Plastic+Weight+Sled,2026-10-07,synthetic_history,flipkart:WTDEDGHHGDEPSSRR
Amazon,269.0,40.0,5.0,314.0,True,https://www.amazon.in/s?k=Amscan+110228A+Plastic+Weight+Sled,2026-10-07,synthetic,flipkart:WTDEDGHHGDEPSSRR
Myntra,299.0,99.0,0.0,398.0,True,https://www.google.com/search?q=site%3Amyntra.com+Amscan+110228A+Plastic+Weight+Sled,2026-10-07,synthetic,flipkart:WTDEDGHHGDEPSSRR
Flipkart,999.0,0.0,3.0,1002.0,True,https://www.flipkart.com/search?q=Ceela+Rubber+Chevron++Grip,2026-10-07,synthetic_history,flipkart:GRPEFYYEQ2AYRW3Q
Amazon,1049.0,0.0,5.0,1054.0,True,https://www.amazon.in/s?k=Ceela+Rubber+Chevron++Grip,2026-10-07,synthetic,flipkart:GRPEFYYEQ2AYRW3Q
Myntra,1069.0,0.0,0.0,1069.0,True,https://www.google.com/search?q=site%3Amyntra.com+Ceela+Rubber+Chevron++Grip,2026-10-07,synthetic,flipkart:GRPEFYYEQ2AYRW3Q
Amazon,1099.0,0.0,5.0,1104.0,True,https://www.amazon.in/s?k=Xerobic+75+cm+Gym+Ball,2026-10-07,synthetic,flipkart:BALEEZ2A4SWPXJU4
Flipkart,1149.0,0.0,3.0,1152.0,True,https://www.flipkart.com/search?q=Xerobic+75+cm+Gym+Ball,2026-10-07,synthetic_history,flipkart:BALEEZ2A4SWPXJU4
Myntra,1239.0,0.0,0.0,1239.0,True,https://www.google.com/search?q=site%3Amyntra.com+Xerobic+75+cm+Gym+Ball,2026-10-07,synthetic,flipkart:BALEEZ2A4SWPXJU4
Flipkart,779.0,0.0,3.0,782.0,True,https://www.flipkart.com/search?q=Z-Support+Senior+Monopod+Walking+Polo+Stick+-+36+inch,2026-10-07,synthetic_history,flipkart:STKEHH35FAMGDBRN
Amazon,799.0,0.0,5.0,804.0,True,https://www.amazon.in/s?k=Z-Support+Senior+Monopod+Walking+Polo+Stick+-+36+inch,2026-10-07,synthetic,flipkart:STKEHH35FAMGDBRN
Myntra,749.0,99.0,0.0,848.0,True,https://www.google.com/search?q=site%3Amyntra.com+Z-Support+Senior+Monopod+Walking+Polo+Stick+-+36+inch,2026-10-07,synthetic,flipkart:STKEHH35FAMGDBRN
Flipkart,2589.0,0.0,3.0,2592.0,True,https://www.flipkart.com/search?q=Wolfer+Feather+Weight+%28Right+Hand%29+Batting+Gloves+%28Youth%2C+Silver%2C+White%29,2026-10-07,synthetic_history,flipkart:SGEEG57EZYEGGNMN
Amazon,2769.0,0.0,5.0,2774.0,True,https://www.amazon.in/s?k=Wolfer+Feather+Weight+%28Right+Hand%29+Batting+Gloves+%28Youth%2C+Silver%2C+White%29,2026-10-07,synthetic,flipkart:SGEEG57EZYEGGNMN
Myntra,2999.0,0.0,0.0,2999.0,True,https://www.google.com/search?q=site%3Amyntra.com+Wolfer+Feather+Weight+%28Right+Hand%29+Batting+Gloves+%28Youth%2C+Silver%2C+White%29,2026-10-07,synthetic,flipkart:SGEEG57EZYEGGNMN
Amazon,1639.0,0.0,5.0,1644.0,True,https://www.amazon.in/s?k=Kipsta+B700+S7+Basketball+-+++Size%3A+7%2C++Diameter%3A+29.5+cm,2026-10-07,synthetic,flipkart:BALEYMGAPMFCMDYB
Flipkart,1719.0,0.0,3.0,1722.0,True,https://www.flipkart.com/search?q=Kipsta+B700+S7+Basketball+-+++Size%3A+7%2C++Diameter%3A+29.5+cm,2026-10-07,synthetic_history,flipkart:BALEYMGAPMFCMDYB
Myntra,1759.0,0.0,0.0,1759.0,True,https://www.google.com/search?q=site%3Amyntra.com+Kipsta+B700+S7+Basketball+-+++Size%3A+7%2C++Diameter%3A+29.5+cm,2026-10-07,synthetic,flipkart:BALEYMGAPMFCMDYB
Myntra,789.0,99.0,0.0,888.0,True,https://www.google.com/search?q=site%3Amyntra.com+Quoface+Day+And+Night+Vision+Car+And+Bike+Driving+Cycling+Goggles,2026-10-07,synthetic,flipkart:GOGEHZ5P6TWYBFXB
Amazon,919.0,0.0,5.0,924.0,True,https://www.amazon.in/s?k=Quoface+Day+And+Night+Vision+Car+And+Bike+Driving+Cycling+Goggles,2026-10-07,synthetic,flipkart:GOGEHZ5P6TWYBFXB
Flipkart,939.0,0.0,3.0,942.0,True,https://www.flipkart.com/search?q=Quoface+Day+And+Night+Vision+Car+And+Bike+Driving+Cycling+Goggles,2026-10-07,synthetic_history,flipkart:GOGEHZ5P6TWYBFXB
Flipkart,299.0,40.0,3.0,342.0,True,https://www.flipkart.com/search?q=HRS+ULTIMATE+BOY+Elbow+Pads,2026-10-07,synthetic_history,flipkart:PADEHZFHGHFQJAXV
Amazon,299.0,40.0,5.0,344.0,True,https://www.amazon.in/s?k=HRS+ULTIMATE+BOY+Elbow+Pads,2026-10-07,synthetic,flipkart:PADEHZFHGHFQJAXV
Myntra,289.0,99.0,0.0,388.0,False,https://www.google.com/search?q=site%3Amyntra.com+HRS+ULTIMATE+BOY+Elbow+Pads,2026-10-07,synthetic,flipkart:PADEHZFHGHFQJAXV
Flipkart,2189.0,0.0,3.0,2192.0,True,https://www.flipkart.com/search?q=Reebok+Handweight+Fixed+Weight+Dumbbell,2026-10-07,synthetic_history,flipkart:DBLEYRJQ87UY3G6F
Amazon,2309.0,0.0,5.0,2314.0,False,https://www.amazon.in/s?k=Reebok+Handweight+Fixed+Weight+Dumbbell,2026-10-07,synthetic,flipkart:DBLEYRJQ87UY3G6F
Myntra,2409.0,0.0,0.0,2409.0,False,https://www.google.com/search?q=site%3Amyntra.com+Reebok+Handweight+Fixed+Weight+Dumbbell,2026-10-07,synthetic,flipkart:DBLEYRJQ87UY3G6F
Amazon,819.0,0.0,5.0,824.0,True,https://www.amazon.in/s?k=Jutecentral+CA16YBSMR0601+Yoga+Mat+Bag,2026-10-07,synthetic,flipkart:SPBEH3S4B5J8NGJK
Flipkart,829.0,0.0,3.0,832.0,True,https://www.flipkart.com/search?q=Jutecentral+CA16YBSMR0601+Yoga+Mat+Bag,2026-10-07,synthetic_history,flipkart:SPBEH3S4B5J8NGJK
Myntra,869.0,99.0,0.0,968.0,True,https://www.google.com/search?q=site%3Amyntra.com+Jutecentral+CA16YBSMR0601+Yoga+Mat+Bag,2026-10-07,synthetic,flipkart:SPBEH3S4B5J8NGJK
Flipkart,979.0,0.0,3.0,982.0,True,https://www.flipkart.com/search?q=Port+Monk+Volleyball+-+++Size%3A+5%2C++Diameter%3A+22+cm,2026-10-07,synthetic_history,flipkart:BALEDMVBJHEQRJS5
Amazon,1009.0,0.0,5.0,1014.0,True,https://www.amazon.in/s?k=Port+Monk+Volleyball+-+++Size%3A+5%2C++Diameter%3A+22+cm,2026-10-07,synthetic,flipkart:BALEDMVBJHEQRJS5
Myntra,939.0,99.0,0.0,1038.0,False,https://www.google.com/search?q=site%3Amyntra.com+Port+Monk+Volleyball+-+++Size%3A+5%2C++Diameter%3A+22+cm,2026-10-07,synthetic,flipkart:BALEDMVBJHEQRJS5
Myntra,1129.0,0.0,0.0,1129.0,True,https://www.google.com/search?q=site%3Amyntra.com+Estilo+sipper-3+450+ml+Sipper,2026-10-07,synthetic,flipkart:BOTEDSEN9ZSFUUAQ
Amazon,1189.0,0.0,5.0,1194.0,True,https://www.amazon.in/s?k=Estilo+sipper-3+450+ml+Sipper,2026-10-07,synthetic,flipkart:BOTEDSEN9ZSFUUAQ
Flipkart,1209.0,0.0,3.0,1212.0,True,https://www.flipkart.com/search?q=Estilo+sipper-3+450+ml+Sipper,2026-10-07,synthetic_history,flipkart:BOTEDSEN9ZSFUUAQ
Amazon,389.0,40.0,5.0,434.0,True,https://www.amazon.in/s?k=Amscan+117801.1+Plastic+Weight+Sled,2026-10-07,synthetic,flipkart:WTDEDGHHFSDQXYGD
Flipkart,399.0,40.0,3.0,442.0,True,https://www.flipkart.com/search?q=Amscan+117801.1+Plastic+Weight+Sled,2026-10-07,synthetic_history,flipkart:WTDEDGHHFSDQXYGD
Myntra,389.0,99.0,0.0,488.0,True,https://www.google.com/search?q=site%3Amyntra.com+Amscan+117801.1+Plastic+Weight+Sled,2026-10-07,synthetic,flipkart:WTDEDGHHFSDQXYGD
Amazon,709.0,0.0,5.0,714.0,True,https://www.amazon.in/s?k=APG+Diamond+Cricket+Ball+-+++Size%3A+5%2C++Diameter%3A+2.5+cm,2026-10-07,synthetic,flipkart:BALEDVR8HYUAFHEP
Flipkart,739.0,0.0,3.0,742.0,True,https://www.flipkart.com/search?q=APG+Diamond+Cricket+Ball+-+++Size%3A+5%2C++Diameter%3A+2.5+cm,2026-10-07,synthetic_history,flipkart:BALEDVR8HYUAFHEP
Myntra,779.0,99.0,0.0,878.0,True,https://www.google.com/search?q=site%3Amyntra.com+APG+Diamond+Cricket+Ball+-+++Size%3A+5%2C++Diameter%3A+2.5+cm,2026-10-07,synthetic,flipkart:BALEDVR8HYUAFHEP
Amazon,6099.0,0.0,5.0,6104.0,True,https://www.amazon.in/s?k=Kipsta+B500+S6+Basketball+-+++Size%3A+6%2C++Diameter%3A+25+cm,2026-10-07,synthetic,flipkart:BALEYMGAEZYXDPCH
Flipkart,6269.0,0.0,3.0,6272.0,True,https://www.flipkart.com/search?q=Kipsta+B500+S6+Basketball+-+++Size%3A+6%2C++Diameter%3A+25+cm,2026-10-07,synthetic_history,flipkart:BALEYMGAEZYXDPCH
Myntra,7019.0,0.0,0.0,7019.0,True,https://www.google.com/search?q=site%3Amyntra.com+Kipsta+B500+S6+Basketball+-+++Size%3A+6%2C++Diameter%3A+25+cm,2026-10-07,synthetic,flipkart:BALEYMGAEZYXDPCH
Amazon,859.0,0.0,5.0,864.0,True,https://www.amazon.in/s?k=Wildcraft+Waist+Pouch,2026-10-07,synthetic,flipkart:SPBDEKSZ5JF9EYAC
Flipkart,879.0,0.0,3.0,882.0,True,https://www.flipkart.com/search?q=Wildcraft+Waist+Pouch,2026-10-07,synthetic_history,flipkart:SPBDEKSZ5JF9EYAC
Myntra,939.0,99.0,0.0,1038.0,True,https://www.google.com/search?q=site%3Amyntra.com+Wildcraft+Waist+Pouch,2026-10-07,synthetic,flipkart:SPBDEKSZ5JF9EYAC
Flipkart,779.0,0.0,3.0,782.0,True,https://www.flipkart.com/search?q=Kipsta+Easy+Basketball+-+++Size%3A+5,2026-10-07,synthetic_history,flipkart:BALDFF7HKWGGRYHE
Amazon,739.0,0.0,5.0,744.0,False,https://www.amazon.in/s?k=Kipsta+Easy+Basketball+-+++Size%3A+5,2026-10-07,synthetic,flipkart:BALDFF7HKWGGRYHE
Myntra,779.0,99.0,0.0,878.0,False,https://www.google.com/search?q=site%3Amyntra.com+Kipsta+Easy+Basketball+-+++Size%3A+5,2026-10-07,synthetic,flipkart:BALDFF7HKWGGRYHE
Flipkart,4359.0,0.0,3.0,4362.0,True,https://www.flipkart.com/search?q=Vinex+Vinex+Carrom+Board+-+Club+35+inch+Carrom+Board,2026-10-07,synthetic_history,flipkart:BOAE5GRRGVHKXWBZ
Amazon,4399.0,0.0,5.0,4404.0,True,https://www.amazon.in/s?k=Vinex+Vinex+Carrom+Board+-+Club+35+inch+Carrom+Board,2026-10-07,synthetic,flipkart:BOAE5GRRGVHKXWBZ
Myntra,4059.0,0.0,0.0,4059.0,False,https://www.google.com/search?q=site%3Amyntra.com+Vinex+Vinex+Carrom+Board+-+Club+35+inch+Carrom+Board,2026-10-07,synthetic,flipkart:BOAE5GRRGVHKXWBZ
Myntra,1589.0,0.0,0.0,1589.0,True,https://www.google.com/search?q=site%3Amyntra.com+President+Pyramid,2026-10-07,synthetic,flipkart:SPBDWG6GJGTSWQVT
Flipkart,1699.0,0.0,3.0,1702.0,True,https://www.flipkart.com/search?q=President+Pyramid,2026-10-07,synthetic_history,flipkart:SPBDWG6GJGTSWQVT
Amazon,1719.0,0.0,5.0,1724.0,True,https://www.amazon.in/s?k=President+Pyramid,2026-10-07,synthetic,flipkart:SPBDWG6GJGTSWQVT
Amazon,759.0,0.0,5.0,764.0,True,https://www.amazon.in/s?k=Total+TS_NCK185+Gymnastic+Stick+-+10+inch,2026-10-07,synthetic,flipkart:STKEHRG4VZGMVFT5
Flipkart,789.0,0.0,3.0,792.0,True,https://www.flipkart.com/search?q=Total+TS_NCK185+Gymnastic+Stick+-+10+inch,2026-10-07,synthetic_history,flipkart:STKEHRG4VZGMVFT5
Myntra,789.0,99.0,0.0,888.0,False,https://www.google.com/search?q=site%3Amyntra.com+Total+TS_NCK185+Gymnastic+Stick+-+10+inch,2026-10-07,synthetic,flipkart:STKEHRG4VZGMVFT5
Flipkart,459.0,40.0,3.0,502.0,True,https://www.flipkart.com/search?q=HRS+ULTIMATE+MEN+Chest+Pads,2026-10-07,synthetic_history,flipkart:PADEHZFHCNQGWNNS
Amazon,469.0,40.0,5.0,514.0,False,https://www.amazon.in/s?k=HRS+ULTIMATE+MEN+Chest+Pads,2026-10-07,synthetic,flipkart:PADEHZFHCNQGWNNS
Myntra,489.0,99.0,0.0,588.0,False,https://www.google.com/search?q=site%3Amyntra.com+HRS+ULTIMATE+MEN+Chest+Pads,2026-10-07,synthetic,flipkart:PADEHZFHCNQGWNNS
Flipkart,729.0,0.0,3.0,732.0,True,https://www.flipkart.com/search?q=SM+Sway+Cricket+Ball+-+++Size%3A+5%2C++Diameter%3A+2.5+cm,2026-10-07,synthetic_history,flipkart:BALE8ZABFPZGSGFX
Amazon,739.0,0.0,5.0,744.0,True,https://www.amazon.in/s?k=SM+Sway+Cricket+Ball+-+++Size%3A+5%2C++Diameter%3A+2.5+cm,2026-10-07,synthetic,flipkart:BALE8ZABFPZGSGFX
Myntra,759.0,99.0,0.0,858.0,True,https://www.google.com/search?q=site%3Amyntra.com+SM+Sway+Cricket+Ball+-+++Size%3A+5%2C++Diameter%3A+2.5+cm,2026-10-07,synthetic,flipkart:BALE8ZABFPZGSGFX
Amazon,549.0,0.0,5.0,554.0,True,https://www.amazon.in/s?k=Anand%27s+Guru+Feather+Shuttle++-+White,2026-10-07,synthetic,flipkart:STLEGWGWP2WUCG4H
Flipkart,589.0,0.0,3.0,592.0,True,https://www.flipkart.com/search?q=Anand%27s+Guru+Feather+Shuttle++-+White,2026-10-07,synthetic_history,flipkart:STLEGWGWP2WUCG4H
Myntra,619.0,99.0,0.0,718.0,False,https://www.google.com/search?q=site%3Amyntra.com+Anand%27s+Guru+Feather+Shuttle++-+White,2026-10-07,synthetic,flipkart:STLEGWGWP2WUCG4H
Amazon,2039.0,0.0,5.0,2044.0,True,https://www.amazon.in/s?k=THREE+WICKETS+Tricolor+Kashmir+Willow+Cricket++Bat,2026-10-07,synthetic,flipkart:BATEJWMFNPPYHP9U
Flipkart,2049.0,0.0,3.0,2052.0,True,https://www.flipkart.com/search?q=THREE+WICKETS+Tricolor+Kashmir+Willow+Cricket++Bat,2026-10-07,synthetic_history,flipkart:BATEJWMFNPPYHP9U
Myntra,2329.0,0.0,0.0,2329.0,True,https://www.google.com/search?q=site%3Amyntra.com+THREE+WICKETS+Tricolor+Kashmir+Willow+Cricket++Bat,2026-10-07,synthetic,flipkart:BATEJWMFNPPYHP9U
Myntra,2339.0,0.0,0.0,2339.0,True,https://www.google.com/search?q=site%3Amyntra.com+Biceps+Triceps+Hexagonal+Fixed+Weight+Dumbbell,2026-10-07,synthetic,flipkart:DBLE5GN47ZHKCCCN
Flipkart,2589.0,0.0,3.0,2592.0,True,https://www.flipkart.com/search?q=Biceps+Triceps+Hexagonal+Fixed+Weight+Dumbbell,2026-10-07,synthetic_history,flipkart:DBLE5GN47ZHKCCCN
Amazon,2589.0,0.0,5.0,2594.0,True,https://www.amazon.in/s?k=Biceps+Triceps+Hexagonal+Fixed+Weight+Dumbbell,2026-10-07,synthetic,flipkart:DBLE5GN47ZHKCCCN
Flipkart,9519.0,0.0,3.0,9522.0,True,https://www.flipkart.com/search?q=SS+Ton+Heritage+English+Willow+Cricket++Bat,2026-10-07,synthetic_history,flipkart:BATDCG2BY234294F
Amazon,10189.0,0.0,5.0,10194.0,True,https://www.amazon.in/s?k=SS+Ton+Heritage+English+Willow+Cricket++Bat,2026-10-07,synthetic,flipkart:BATDCG2BY234294F
Myntra,9459.0,0.0,0.0,9459.0,False,https://www.google.com/search?q=site%3Amyntra.com+SS+Ton+Heritage+English+Willow+Cricket++Bat,2026-10-07,synthetic,flipkart:BATDCG2BY234294F
Flipkart,739.0,0.0,3.0,742.0,True,https://www.flipkart.com/search?q=Wildcraft+Digital+Pouch+Travel+Bag,2026-10-07,synthetic_history,flipkart:SPBDGGG8MYABNX6U
Amazon,739.0,0.0,5.0,744.0,True,https://www.amazon.in/s?k=Wildcraft+Digital+Pouch+Travel+Bag,2026-10-07,synthetic,flipkart:SPBDGGG8MYABNX6U
Myntra,729.0,99.0,0.0,828.0,True,https://www.google.com/search?q=site%3Amyntra.com+Wildcraft+Digital+Pouch+Travel+Bag,2026-10-07,synthetic,flipkart:SPBDGGG8MYABNX6U
Myntra,3419.0,0.0,0.0,3419.0,True,https://www.google.com/search?q=site%3Amyntra.com+Disney+Hello+Kitty+4+Wheels+Cutie+In-line+Skates+-+Size+30-33+Euro,2026-10-07,synthetic,flipkart:SKTEYE86SU8B83ZA
Amazon,3559.0,0.0,5.0,3564.0,True,https://www.amazon.in/s?k=Disney+Hello+Kitty+4+Wheels+Cutie+In-line+Skates+-+Size+30-33+Euro,2026-10-07,synthetic,flipkart:SKTEYE86SU8B83ZA
Flipkart,3609.0,0.0,3.0,3612.0,True,https://www.flipkart.com/search?q=Disney+Hello+Kitty+4+Wheels+Cutie+In-line+Skates+-+Size+30-33+Euro,2026-10-07,synthetic_history,flipkart:SKTEYE86SU8B83ZA
Flipkart,1089.0,0.0,3.0,1092.0,True,https://www.flipkart.com/search?q=JASPO+Thunder+Intact+Superior+Senior+Skates+Combo+%28skates%2Bhelmet%2Bknee%2Belbow%2Bbag%29,2026-10-07,synthetic_history,flipkart:KITEGFBDSYZSVBKB
Amazon,1129.0,0.0,5.0,1134.0,True,https://www.amazon.in/s?k=JASPO+Thunder+Intact+Superior+Senior+Skates+Combo+%28skates%2Bhelmet%2Bknee%2Belbow%2Bbag%29,2026-10-07,synthetic,flipkart:KITEGFBDSYZSVBKB
Myntra,1009.0,0.0,0.0,1009.0,False,https://www.google.com/search?q=site%3Amyntra.com+JASPO+Thunder+Intact+Superior+Senior+Skates+Combo+%28skates%2Bhelmet%2Bknee%2Belbow%2Bbag%29,2026-10-07,synthetic,flipkart:KITEGFBDSYZSVBKB
Amazon,1199.0,0.0,5.0,1204.0,True,https://www.amazon.in/s?k=Xerobic+85+cm+Gym+Ball,2026-10-07,synthetic,flipkart:BALEEZ2BZZ3ZT99G
Flipkart,1289.0,0.0,3.0,1292.0,True,https://www.flipkart.com/search?q=Xerobic+85+cm+Gym+Ball,2026-10-07,synthetic_history,flipkart:BALEEZ2BZZ3ZT99G
Myntra,1449.0,0.0,0.0,1449.0,True,https://www.google.com/search?q=site%3Amyntra.com+Xerobic+85+cm+Gym+Ball,2026-10-07,synthetic,flipkart:BALEEZ2BZZ3ZT99G
Flipkart,2739.0,0.0,3.0,2742.0,True,https://www.flipkart.com/search?q=Wolfer+Player+Edition+%28Right+Hand%29+Batting+Gloves+%28XL%2C+Green%2C+White%29,2026-10-07,synthetic_history,flipkart:SGEEG672E4M6GEPP
Amazon,2819.0,0.0,5.0,2824.0,True,https://www.amazon.in/s?k=Wolfer+Player+Edition+%28Right+Hand%29+Batting+Gloves+%28XL%2C+Green%2C+White%29,2026-10-07,synthetic,flipkart:SGEEG672E4M6GEPP
Myntra,2299.0,0.0,0.0,2299.0,False,https://www.google.com/search?q=site%3Amyntra.com+Wolfer+Player+Edition+%28Right+Hand%29+Batting+Gloves+%28XL%2C+Green%2C+White%29,2026-10-07,synthetic,flipkart:SGEEG672E4M6GEPP
Myntra,2629.0,0.0,0.0,2629.0,True,https://www.google.com/search?q=site%3Amyntra.com+Arcley+ARC+INSPIRE+CROP+Nylon%2C+Polyester+Yoga+Strap,2026-10-07,synthetic,flipkart:YSPEGGA5JKZFHP97
Flipkart,2909.0,0.0,3.0,2912.0,True,https://www.flipkart.com/search?q=Arcley+ARC+INSPIRE+CROP+Nylon%2C+Polyester+Yoga+Strap,2026-10-07,synthetic_history,flipkart:YSPEGGA5JKZFHP97
Amazon,2939.0,0.0,5.0,2944.0,False,https://www.amazon.in/s?k=Arcley+ARC+INSPIRE+CROP+Nylon%2C+Polyester+Yoga+Strap,2026-10-07,synthetic,flipkart:YSPEGGA5JKZFHP97
Amazon,959.0,0.0,5.0,964.0,True,https://www.amazon.in/s?k=Neo+strike+Pro550youth+Batting+Gloves+%28Youth%2C+Black%2C+Red%29,2026-10-07,synthetic,flipkart:SGEEG7CR5YSTGTFT
Flipkart,1009.0,0.0,3.0,1012.0,True,https://www.flipkart.com/search?q=Neo+strike+Pro550youth+Batting+Gloves+%28Youth%2C+Black%2C+Red%29,2026-10-07,synthetic_history,flipkart:SGEEG7CR5YSTGTFT
Myntra,989.0,99.0,0.0,1088.0,True,https://www.google.com/search?q=site%3Amyntra.com+Neo+strike+Pro550youth+Batting+Gloves+%28Youth%2C+Black%2C+Red%29,2026-10-07,synthetic,flipkart:SGEEG7CR5YSTGTFT
Amazon,7109.0,0.0,5.0,7114.0,True,https://www.amazon.in/s?k=Senterlan+2323+Navy+Blue,2026-10-07,synthetic,flipkart:SPBE2GVN9DBHYG9H
Flipkart,7579.0,0.0,3.0,7582.0,True,https://www.flipkart.com/search?q=Senterlan+2323+Navy+Blue,2026-10-07,synthetic_history,flipkart:SPBE2GVN9DBHYG9H
Myntra,5739.0,0.0,0.0,5739.0,False,https://www.google.com/search?q=site%3Amyntra.com+Senterlan+2323+Navy+Blue,2026-10-07,synthetic,flipkart:SPBE2GVN9DBHYG9H
Flipkart,369.0,40.0,3.0,412.0,True,https://www.flipkart.com/search?q=Artengo+BSC700+Plastic+Shuttle++-+Yellow,2026-10-07,synthetic_history,flipkart:STLEGUHWGCGF783K
Amazon,369.0,40.0,5.0,414.0,True,https://www.amazon.in/s?k=Artengo+BSC700+Plastic+Shuttle++-+Yellow,2026-10-07,synthetic,flipkart:STLEGUHWGCGF783K
Myntra,419.0,99.0,0.0,518.0,True,https://www.google.com/search?q=site%3Amyntra.com+Artengo+BSC700+Plastic+Shuttle++-+Yellow,2026-10-07,synthetic,flipkart:STLEGUHWGCGF783K
Flipkart,249.0,40.0,3.0,292.0,True,https://www.flipkart.com/search?q=Gee+Power+Imported+Set+of+2+Swimming+Goggles,2026-10-07,synthetic_history,flipkart:GOGEGU8BX43AKZZ3
Amazon,249.0,40.0,5.0,294.0,True,https://www.amazon.in/s?k=Gee+Power+Imported+Set+of+2+Swimming+Goggles,2026-10-07,synthetic,flipkart:GOGEGU8BX43AKZZ3
Myntra,239.0,99.0,0.0,338.0,False,https://www.google.com/search?q=site%3Amyntra.com+Gee+Power+Imported+Set+of+2+Swimming+Goggles,2026-10-07,synthetic,flipkart:GOGEGU8BX43AKZZ3
Amazon,20919.0,0.0,5.0,20924.0,True,https://www.amazon.in/s?k=SS+Ton+Professional+English+Willow+Cricket++Bat,2026-10-07,synthetic,flipkart:BATDCG2BN6HDVWPW
Flipkart,21029.0,0.0,3.0,21032.0,True,https://www.flipkart.com/search?q=SS+Ton+Professional+English+Willow+Cricket++Bat,2026-10-07,synthetic_history,flipkart:BATDCG2BN6HDVWPW
Myntra,22389.0,0.0,0.0,22389.0,True,https://www.google.com/search?q=site%3Amyntra.com+SS+Ton+Professional+English+Willow+Cricket++Bat,2026-10-07,synthetic,flipkart:BATDCG2BN6HDVWPW
Flipkart,689.0,0.0,3.0,692.0,True,https://www.flipkart.com/search?q=ShellysTrends+Planters+Plant+Container+Set,2026-10-07,synthetic_history,flipkart:PCSEE4H5KYEJDF9X
Amazon,729.0,0.0,5.0,734.0,True,https://www.amazon.in/s?k=ShellysTrends+Planters+Plant+Container+Set,2026-10-07,synthetic,flipkart:PCSEE4H5KYEJDF9X
Flipkart,4939.0,0.0,3.0,4942.0,True,https://www.flipkart.com/search?q=Yuccabe+Italia+Stella+White+Self+Watering+Plant+Container+Set,2026-10-07,synthetic_history,flipkart:PCSE4VAV8F9SFSGA
Amazon,5049.0,0.0,5.0,5054.0,True,https://www.amazon.in/s?k=Yuccabe+Italia+Stella+White+Self+Watering+Plant+Container+Set,2026-10-07,synthetic,flipkart:PCSE4VAV8F9SFSGA
Amazon,349.0,40.0,5.0,394.0,True,https://www.amazon.in/s?k=Pyramid+Cocopeat+Plant+Container+Set,2026-10-07,synthetic,flipkart:PCSEBD5MD3X6SGBK
Flipkart,359.0,40.0,3.0,402.0,True,https://www.flipkart.com/search?q=Pyramid+Cocopeat+Plant+Container+Set,2026-10-07,synthetic_history,flipkart:PCSEBD5MD3X6SGBK
Flipkart,129.0,40.0,3.0,172.0,True,https://www.flipkart.com/search?q=Agricart+Lettuce+Seed,2026-10-07,synthetic_history,flipkart:PAEE8NDKFTPRKYMU
Amazon,139.0,40.0,5.0,184.0,True,https://www.amazon.in/s?k=Agricart+Lettuce+Seed,2026-10-07,synthetic,flipkart:PAEE8NDKFTPRKYMU
Amazon,1309.0,0.0,5.0,1314.0,True,https://www.amazon.in/s?k=Minerva+Naturals+Plant+Container+Set,2026-10-07,synthetic,flipkart:PCSEDN38QJGPN6JU
Flipkart,1369.0,0.0,3.0,1372.0,True,https://www.flipkart.com/search?q=Minerva+Naturals+Plant+Container+Set,2026-10-07,synthetic_history,flipkart:PCSEDN38QJGPN6JU
Flipkart,299.0,40.0,3.0,342.0,True,https://www.flipkart.com/search?q=Minerva+Naturals+Plant+Container+Set,2026-10-07,synthetic_history,flipkart:PCSEDCWJBHDR9EYU
Amazon,319.0,40.0,5.0,364.0,True,https://www.amazon.in/s?k=Minerva+Naturals+Plant+Container+Set,2026-10-07,synthetic,flipkart:PCSEDCWJBHDR9EYU
Flipkart,269.0,40.0,3.0,312.0,True,https://www.flipkart.com/search?q=MK+Blenze+DW411WHI+16A+White+Switch+15+One+Way+Electrical+Switch,2026-10-07,synthetic_history,flipkart:SCHE4ZYTVE8DY5PP
Amazon,269.0,40.0,5.0,314.0,True,https://www.amazon.in/s?k=MK+Blenze+DW411WHI+16A+White+Switch+15+One+Way+Electrical+Switch,2026-10-07,synthetic,flipkart:SCHE4ZYTVE8DY5PP
Amazon,999.0,0.0,5.0,1004.0,True,https://www.amazon.in/s?k=Schneider+Plain+Charm+10+One+Way+Electrical+Switch,2026-10-07,synthetic,flipkart:SCHE6KDTKAQB5EBB
Flipkart,1019.0,0.0,3.0,1022.0,True,https://www.flipkart.com/search?q=Schneider+Plain+Charm+10+One+Way+Electrical+Switch,2026-10-07,synthetic_history,flipkart:SCHE6KDTKAQB5EBB
Amazon,2409.0,0.0,5.0,2414.0,True,https://www.amazon.in/s?k=FAB-FLASH+Fire+Retrardant+PVC+2.5+sq%2Fmm+Yellow+91+m+Wire,2026-10-07,synthetic,flipkart:ELWEG4TV22DE3F4Z
Flipkart,2549.0,0.0,3.0,2552.0,True,https://www.flipkart.com/search?q=FAB-FLASH+Fire+Retrardant+PVC+2.5+sq%2Fmm+Yellow+91+m+Wire,2026-10-07,synthetic_history,flipkart:ELWEG4TV22DE3F4Z
Flipkart,669.0,0.0,3.0,672.0,True,https://www.flipkart.com/search?q=Color+Palatte+Plant+Container+Set,2026-10-07,synthetic_history,flipkart:PCSE5VQ3FBAPKERB
Amazon,719.0,0.0,5.0,724.0,True,https://www.amazon.in/s?k=Color+Palatte+Plant+Container+Set,2026-10-07,synthetic,flipkart:PCSE5VQ3FBAPKERB
Flipkart,749.0,0.0,3.0,752.0,True,https://www.flipkart.com/search?q=ShellysTrends+Planters+Plant+Container+Set,2026-10-07,synthetic_history,flipkart:PCSEE4H5H7QPQHYP
Amazon,749.0,0.0,5.0,754.0,False,https://www.amazon.in/s?k=ShellysTrends+Planters+Plant+Container+Set,2026-10-07,synthetic,flipkart:PCSEE4H5H7QPQHYP
Flipkart,519.0,0.0,3.0,522.0,True,https://www.flipkart.com/search?q=Easy+Gardening+8+Inch+Plant+Container+Set,2026-10-07,synthetic_history,flipkart:PCSE98DZGXUN5KSW
Amazon,529.0,0.0,5.0,534.0,True,https://www.amazon.in/s?k=Easy+Gardening+8+Inch+Plant+Container+Set,2026-10-07,synthetic,flipkart:PCSE98DZGXUN5KSW
Flipkart,259.0,40.0,3.0,302.0,True,https://www.flipkart.com/search?q=Joy+Living+Garden+Plant+Container+Set,2026-10-07,synthetic_history,flipkart:PCSDY5AFFQG43YQW
Amazon,259.0,40.0,5.0,304.0,True,https://www.amazon.in/s?k=Joy+Living+Garden+Plant+Container+Set,2026-10-07,synthetic,flipkart:PCSDY5AFFQG43YQW
Amazon,4089.0,0.0,5.0,4094.0,True,https://www.amazon.in/s?k=Real+Seed+Hanging+Stylish+Planter+Highly+Durable+And+Elegant+Plant+Container+Set,2026-10-07,synthetic,flipkart:PCSEDT7S9UVVR68Y
Flipkart,4209.0,0.0,3.0,4212.0,True,https://www.flipkart.com/search?q=Real+Seed+Hanging+Stylish+Planter+Highly+Durable+And+Elegant+Plant+Container+Set,2026-10-07,synthetic_history,flipkart:PCSEDT7S9UVVR68Y
Flipkart,699.0,0.0,3.0,702.0,True,https://www.flipkart.com/search?q=Cambio+Plant+Container+Set,2026-10-07,synthetic_history,flipkart:PCSE69MFRZSMYVRH
Amazon,709.0,0.0,5.0,714.0,True,https://www.amazon.in/s?k=Cambio+Plant+Container+Set,2026-10-07,synthetic,flipkart:PCSE69MFRZSMYVRH
Amazon,1259.0,0.0,5.0,1264.0,True,https://www.amazon.in/s?k=Rk+Plant+Container+Set,2026-10-07,synthetic,flipkart:PCSE76X46YQXPRGD
Flipkart,1289.0,0.0,3.0,1292.0,True,https://www.flipkart.com/search?q=Rk+Plant+Container+Set,2026-10-07,synthetic_history,flipkart:PCSE76X46YQXPRGD
Flipkart,1389.0,0.0,3.0,1392.0,True,https://www.flipkart.com/search?q=Easy+Gardening+12+Inch+Elegance+Plant+Container+Set,2026-10-07,synthetic_history,flipkart:PCSEAH5WZYZA5EVA
Amazon,1389.0,0.0,5.0,1394.0,True,https://www.amazon.in/s?k=Easy+Gardening+12+Inch+Elegance+Plant+Container+Set,2026-10-07,synthetic,flipkart:PCSEAH5WZYZA5EVA
Flipkart,329.0,40.0,3.0,372.0,True,https://www.flipkart.com/search?q=Saviour+HPSAV+VG+Y+Vanguard+-Yellow+Construction+Helmet,2026-10-07,synthetic_history,flipkart:SHMECQWKZVRQJVY7
Amazon,349.0,40.0,5.0,394.0,False,https://www.amazon.in/s?k=Saviour+HPSAV+VG+Y+Vanguard+-Yellow+Construction+Helmet,2026-10-07,synthetic,flipkart:SHMECQWKZVRQJVY7
Amazon,2209.0,0.0,5.0,2214.0,True,https://www.amazon.in/s?k=Easy+Gardening+14+Inch+Black+Plant+Container+Set,2026-10-07,synthetic,flipkart:PCSEAH5W6GBGTD9Z
Flipkart,2239.0,0.0,3.0,2242.0,True,https://www.flipkart.com/search?q=Easy+Gardening+14+Inch+Black+Plant+Container+Set,2026-10-07,synthetic_history,flipkart:PCSEAH5W6GBGTD9Z
Flipkart,199.0,40.0,3.0,242.0,True,https://www.flipkart.com/search?q=Tycab+10+inch+Black+%28250+mm+x+3.6+mm%29+-+1+Pack+of+100+Nylon+Standard+Cable+Tie,2026-10-07,synthetic_history,flipkart:CAEE9Y64FBPZJUUH
Amazon,199.0,40.0,5.0,244.0,True,https://www.amazon.in/s?k=Tycab+10+inch+Black+%28250+mm+x+3.6+mm%29+-+1+Pack+of+100+Nylon+Standard+Cable+Tie,2026-10-07,synthetic,flipkart:CAEE9Y64FBPZJUUH
Flipkart,2009.0,0.0,3.0,2012.0,True,https://www.flipkart.com/search?q=Rolson+28420+Screwdriver+Bit+Set,2026-10-07,synthetic_history,flipkart:SBSDWUCHYMHGG4NT
Amazon,2059.0,0.0,5.0,2064.0,True,https://www.amazon.in/s?k=Rolson+28420+Screwdriver+Bit+Set,2026-10-07,synthetic,flipkart:SBSDWUCHYMHGG4NT
Flipkart,2019.0,0.0,3.0,2022.0,True,https://www.flipkart.com/search?q=sark+NO015+Faucet+Set,2026-10-07,synthetic_history,flipkart:FSEEG466WPGZQAQX
Amazon,2099.0,0.0,5.0,2104.0,True,https://www.amazon.in/s?k=sark+NO015+Faucet+Set,2026-10-07,synthetic,flipkart:FSEEG466WPGZQAQX
Amazon,659.0,0.0,5.0,664.0,True,https://www.amazon.in/s?k=MK+Wraparound+W26227+25A+Mini+Trip+Switch+25+One+Way+Electrical+Switch,2026-10-07,synthetic,flipkart:SCHE4ZYTNQEC6YQA
Flipkart,729.0,0.0,3.0,732.0,True,https://www.flipkart.com/search?q=MK+Wraparound+W26227+25A+Mini+Trip+Switch+25+One+Way+Electrical+Switch,2026-10-07,synthetic_history,flipkart:SCHE4ZYTNQEC6YQA
Flipkart,909.0,0.0,3.0,912.0,True,https://www.flipkart.com/search?q=VGreen+Plant+Container+Set,2026-10-07,synthetic_history,flipkart:PCSEBAGCPVDXVN7G
Amazon,949.0,0.0,5.0,954.0,True,https://www.amazon.in/s?k=VGreen+Plant+Container+Set,2026-10-07,synthetic,flipkart:PCSEBAGCPVDXVN7G
Flipkart,1039.0,0.0,3.0,1042.0,True,https://www.flipkart.com/search?q=Joy+Living+Garden+Plant+Container+Set,2026-10-07,synthetic_history,flipkart:PCSDY5AFMETYABEH
Amazon,1079.0,0.0,5.0,1084.0,True,https://www.amazon.in/s?k=Joy+Living+Garden+Plant+Container+Set,2026-10-07,synthetic,flipkart:PCSDY5AFMETYABEH
Flipkart,739.0,0.0,3.0,742.0,True,https://www.flipkart.com/search?q=First+Smart+Deal+Plant+Container+Set,2026-10-07,synthetic_history,flipkart:PCSEC86VVWZKW4F3
Amazon,759.0,0.0,5.0,764.0,True,https://www.amazon.in/s?k=First+Smart+Deal+Plant+Container+Set,2026-10-07,synthetic,flipkart:PCSEC86VVWZKW4F3
Amazon,1309.0,0.0,5.0,1314.0,True,https://www.amazon.in/s?k=First+Smart+Deal+Plant+Container+Set,2026-10-07,synthetic,flipkart:PCSEC86VVTQJN5AQ
Flipkart,1349.0,0.0,3.0,1352.0,True,https://www.flipkart.com/search?q=First+Smart+Deal+Plant+Container+Set,2026-10-07,synthetic_history,flipkart:PCSEC86VVTQJN5AQ
Flipkart,1699.0,0.0,3.0,1702.0,True,https://www.flipkart.com/search?q=Blessed+Plant+Container+Set,2026-10-07,synthetic_history,flipkart:PCSE9KFHPHPM2JEU
Amazon,1729.0,0.0,5.0,1734.0,True,https://www.amazon.in/s?k=Blessed+Plant+Container+Set,2026-10-07,synthetic,flipkart:PCSE9KFHPHPM2JEU
Flipkart,1669.0,0.0,3.0,1672.0,True,https://www.flipkart.com/search?q=Easy+Gardening+Home+Plant+Container+Set,2026-10-07,synthetic_history,flipkart:PCSE6SJGYC6FWS9X
Amazon,1689.0,0.0,5.0,1694.0,True,https://www.amazon.in/s?k=Easy+Gardening+Home+Plant+Container+Set,2026-10-07,synthetic,flipkart:PCSE6SJGYC6FWS9X
Amazon,579.0,0.0,5.0,584.0,True,https://www.amazon.in/s?k=Atlantic+Garden+Orchid+Pots+Plant+Container+Set,2026-10-07,synthetic,flipkart:PCSEBQ7BCF8CEYHH
Flipkart,609.0,0.0,3.0,612.0,True,https://www.flipkart.com/search?q=Atlantic+Garden+Orchid+Pots+Plant+Container+Set,2026-10-07,synthetic_history,flipkart:PCSEBQ7BCF8CEYHH
Flipkart,1019.0,0.0,3.0,1022.0,True,https://www.flipkart.com/search?q=Rk+Plant+Container+Set,2026-10-07,synthetic_history,flipkart:PCSE76X4U7MFDPUZ
Amazon,1019.0,0.0,5.0,1024.0,True,https://www.amazon.in/s?k=Rk+Plant+Container+Set,2026-10-07,synthetic,flipkart:PCSE76X4U7MFDPUZ
Flipkart,569.0,0.0,3.0,572.0,True,https://www.flipkart.com/search?q=Saviour+HPSAV+F+SS1+G+Saviour+Freedom+HDPE+-Green+Construction+Helmet,2026-10-07,synthetic_history,flipkart:SHMECQYPHGTFSGTG
Amazon,589.0,0.0,5.0,594.0,True,https://www.amazon.in/s?k=Saviour+HPSAV+F+SS1+G+Saviour+Freedom+HDPE+-Green+Construction+Helmet,2026-10-07,synthetic,flipkart:SHMECQYPHGTFSGTG
Flipkart,2539.0,0.0,3.0,2542.0,True,https://www.flipkart.com/search?q=Easy+Gardening+Size+4+Rectangle+Plant+Container+Set,2026-10-07,synthetic_history,flipkart:PCSEAH5WVA2T7SZK
Amazon,2729.0,0.0,5.0,2734.0,True,https://www.amazon.in/s?k=Easy+Gardening+Size+4+Rectangle+Plant+Container+Set,2026-10-07,synthetic,flipkart:PCSEAH5WVA2T7SZK
Flipkart,1329.0,0.0,3.0,1332.0,True,https://www.flipkart.com/search?q=Bosch+2+607+001+513+Extra+Hard+Screwdriver+Bit+Set,2026-10-07,synthetic_history,flipkart:SBSDUTY7JJXG2ZNK
Amazon,1339.0,0.0,5.0,1344.0,True,https://www.amazon.in/s?k=Bosch+2+607+001+513+Extra+Hard+Screwdriver+Bit+Set,2026-10-07,synthetic,flipkart:SBSDUTY7JJXG2ZNK
Flipkart,2049.0,0.0,3.0,2052.0,True,https://www.flipkart.com/search?q=DOCOSS+PACK+OF+3-speed+Jet+Spray+%26+Anox+1.5+meter+Shower+Tube+Health+Faucet+Set,2026-10-07,synthetic_history,flipkart:FSEEHXHFG6KCYVVU
Amazon,2169.0,0.0,5.0,2174.0,True,https://www.amazon.in/s?k=DOCOSS+PACK+OF+3-speed+Jet+Spray+%26+Anox+1.5+meter+Shower+Tube+Health+Faucet+Set,2026-10-07,synthetic,flipkart:FSEEHXHFG6KCYVVU
Flipkart,319.0,40.0,3.0,362.0,True,https://www.flipkart.com/search?q=Legrand+Legrand+Arteor+572063+16A+Indicator+White+Switch+15+One+Way+Electrical+S,2026-10-07,synthetic_history,flipkart:SCHE4YSTZ8YYTCYZ
Amazon,329.0,40.0,5.0,374.0,True,https://www.amazon.in/s?k=Legrand+Legrand+Arteor+572063+16A+Indicator+White+Switch+15+One+Way+Electrical+S,2026-10-07,synthetic,flipkart:SCHE4YSTZ8YYTCYZ
Amazon,499.0,0.0,5.0,504.0,True,https://www.amazon.in/s?k=Green+Girgit+Plant+Container+Set,2026-10-07,synthetic,flipkart:PCSEAKVBYGBZXKNS
Flipkart,489.0,40.0,3.0,532.0,True,https://www.flipkart.com/search?q=Green+Girgit+Plant+Container+Set,2026-10-07,synthetic_history,flipkart:PCSEAKVBYGBZXKNS
Flipkart,2659.0,0.0,3.0,2662.0,True,https://www.flipkart.com/search?q=Yuccabe+Italia+Combo+for+3+Stoic+Green+Self+Watering+planter+Plant+Container+Set,2026-10-07,synthetic_history,flipkart:PCSE4V8HN6NGMFBH
Amazon,2739.0,0.0,5.0,2744.0,True,https://www.amazon.in/s?k=Yuccabe+Italia+Combo+for+3+Stoic+Green+Self+Watering+planter+Plant+Container+Set,2026-10-07,synthetic,flipkart:PCSE4V8HN6NGMFBH
Flipkart,1609.0,0.0,3.0,1612.0,True,https://www.flipkart.com/search?q=Shreewardhan+Decor+Add+a+lively+touch+of+artificial+to+your+decor+with+these+Suc,2026-10-07,synthetic_history,flipkart:PCSE4C9YYYYXGNFH
Amazon,1779.0,0.0,5.0,1784.0,True,https://www.amazon.in/s?k=Shreewardhan+Decor+Add+a+lively+touch+of+artificial+to+your+decor+with+these+Suc,2026-10-07,synthetic,flipkart:PCSE4C9YYYYXGNFH
Flipkart,789.0,0.0,3.0,792.0,True,https://www.flipkart.com/search?q=Atlantic+Plant+Container+Set,2026-10-07,synthetic_history,flipkart:PCSE73MZDRKZXTWW
Amazon,819.0,0.0,5.0,824.0,True,https://www.amazon.in/s?k=Atlantic+Plant+Container+Set,2026-10-07,synthetic,flipkart:PCSE73MZDRKZXTWW
